augmentation_config,target,model,test_subject,n,mae,rmse,pearson,spearman,balanced_accuracy,macro_f1,auroc,dev_mae,dev_rmse,dev_pearson,dev_spearman,dev_sign_acc,true_dev_mean,true_dev_std,pred_dev_mean,pred_dev_std,best_epoch,best_val_rmse_scaled,fit_subjects,val_subjects,outer_train_subjects,y_outer_mean,y_outer_std,final_train_last_loss
gaussian_0p10,arousal,eeg_bc_residual_huber_norm_gaussian10_full_loso,1,32,1.526553386022293,1.8611566954997714,0.6488234291748651,0.6504636325108717,0.7166666666666667,0.722943722943723,0.775,1.526553386022293,1.8611566954997714,0.1756097614684857,0.18403446140898513,0.59375,0.09979838709677412,1.8730758315387523,-0.060536240938482075,0.1340478979557656,2,1.0109069755074342,54,8,62,7.162729191130042e-18,1.9455604821992014,0.4319490612514557
gaussian_0p10,arousal,eeg_bc_residual_huber_norm_gaussian10_full_loso,2,32,2.739687910515928,3.133211946166556,0.7457664571737674,0.7950947280604875,0.7272727272727273,0.625,0.8681818181818182,2.739687910515928,3.133211946166556,0.3177019793138972,0.28372434017595305,0.09375,2.2273185483870965,1.5829340702617387,-0.5035760309446614,0.1766171624477376,1,0.9105531833850162,54,8,62,-7.162729191130042e-18,1.9288502402018097,0.4371390054302831
gaussian_0p10,arousal,eeg_bc_residual_huber_norm_gaussian10_full_loso,3,32,1.4121148826032686,1.612569274731476,0.634371713771883,0.6370734162115292,0.8548387096774194,0.5060034305317325,0.967741935483871,1.4121148826032686,1.612569274731476,-0.021981146001508408,-0.10923753665689148,0.8125,-1.265625,1.353914241378173,-0.3925616185643519,0.04732324640691917,1,1.104489487555419,54,8,62,2.865091676452017e-17,1.9459122563827091,0.4454097132528982
gaussian_0p10,arousal,eeg_bc_residual_huber_norm_gaussian10_full_loso,5,32,1.5174295222801983,1.8938427579561918,0.6917304972272152,0.7313911457293475,0.7777777777777778,0.746031746031746,0.8690476190476191,1.5174295222801983,1.8938427579561918,0.0067811623052163065,-0.031524926686217,0.3125,0.893649193548387,1.5102454224184472,-0.23702427045548002,0.17601683966709192,2,1.1579779226466453,54,8,62,-7.162729191130042e-18,1.9474092830945495,0.4292097860766995
gaussian_0p10,arousal,eeg_bc_residual_huber_norm_gaussian10_full_loso,6,32,3.381458464452637,3.778845112591574,0.33689981252441553,0.399707247600459,0.6666666666666666,0.3333333333333333,0.5,3.381458464452637,3.778845112591574,0.08187951378103046,0.02602639296187683,0.34375,3.2752016129032255,1.790167901902087,-0.055931794234942836,0.14872856043862673,1,0.9442974124158262,54,8,62,1.7906822977825105e-17,1.9011711549146475,0.44033124874676427
gaussian_0p10,arousal,eeg_bc_residual_huber_norm_gaussian10_full_loso,7,32,1.5730026788659053,1.8531043693078315,0.6838481775508464,0.7188895047643291,0.625,0.38461538461538464,,1.5730026788659053,1.8531043693078315,0.14706910540994214,0.1726697835132112,0.3125,-1.0433467741935485,1.2461858921407156,0.3362236307235537,0.2900083452996128,3,0.9120362361122978,54,8,62,7.162729191130042e-18,1.949252022010084,0.42093070812763705
gaussian_0p10,arousal,eeg_bc_residual_huber_norm_gaussian10_full_loso,8,32,1.5729662122081574,1.7915225264836387,0.7734477058667635,0.7829760185197248,0.7916666666666667,0.7681159420289855,0.90625,1.5729662122081574,1.7915225264836387,0.18291503789377545,0.16715542521994134,0.78125,-1.0115927419354838,1.630470033705313,-0.22536102663436264,0.15023167328151074,1,1.0876098853414562,54,8,62,7.162729191130042e-18,1.9448718565923315,0.43996732369545966
gaussian_0p10,arousal,eeg_bc_residual_huber_norm_gaussian10_full_loso,9,32,1.7691064696146166,2.179154763332932,0.4234019513894035,0.4468407394204413,0.6980392156862745,0.6825396825396826,0.7803921568627451,1.7691064696146166,2.179154763332932,-0.06000878469794853,-0.044175602788411775,0.5625,1.0524193548387095,1.898183074793325,0.36585029630041277,0.7150762848217298,4,0.9921137954007369,54,8,62,-3.581364595565021e-18,1.9405294107485496,0.4104068610937365
gaussian_0p10,arousal,eeg_bc_residual_huber_norm_gaussian10_full_loso,10,32,1.415141427528356,1.7058864729063028,0.7560927454585537,0.635512806936659,0.8852813852813852,0.893687707641196,0.8831168831168831,1.415141427528356,1.7058864729063028,0.09451709546550195,0.13435982092906984,0.53125,-0.12247983870967742,1.7129972872947774,-0.16442421024662868,0.14992130568118137,1,1.149576310957132,54,8,62,-7.162729191130042e-18,1.9479568986533093,0.44059758248829073
gaussian_0p10,arousal,eeg_bc_residual_huber_norm_gaussian10_full_loso,11,32,1.7096971147224078,2.120586136259715,0.4345537489310138,0.42681437496194313,0.5607287449392713,0.5588547189819725,0.5910931174089069,1.7096971147224078,2.120586136259715,0.060344217964087614,0.00824855653725531,0.4375,0.703125,1.9006477694544373,-0.2375754391229424,0.22721336605724238,3,0.9261780037148059,54,8,62,1.7906822977825105e-17,1.9430789912245294,0.4188599201940721
gaussian_0p10,arousal,eeg_bc_residual_huber_norm_gaussian10_full_loso,12,32,1.1973394422910384,1.4469887840194147,0.6565318131589144,0.5867380070029291,0.8236714975845411,0.8128654970760234,0.927536231884058,1.1973394422910384,1.4469887840194147,-0.011416962969232397,-0.014664100510676108,0.3125,0.5126008064516129,1.2274284576871453,-0.23964845427991982,0.13266079514483178,1,0.8894993762771133,54,8,62,2.865091676452017e-17,1.9529172322977033,0.4465530360898664
gaussian_0p10,arousal,eeg_bc_residual_huber_norm_gaussian10_full_loso,13,32,2.1540823740961086,2.5000306957716427,0.5420052132306401,0.45464575239279637,0.6875,0.4074074074074074,,2.1540823740961086,2.5000306957716427,-0.05498056629568433,-0.03629032258064516,0.25,-1.9642137096774195,1.4088788982214433,0.09116422948346489,0.1384914828528087,1,0.8449141768677256,54,8,62,2.1488187573390126e-17,1.9357390828385963,0.43481152408546014
gaussian_0p10,arousal,eeg_bc_residual_huber_norm_gaussian10_full_loso,14,32,1.3636695567640231,1.5556950500457907,0.8586631952480068,0.8051804070907957,0.8666666666666667,0.5897435897435898,0.9166666666666666,1.3636695567640231,1.5556950500457907,0.0454268015289864,-0.03958944281524926,0.875,-1.5831653225806452,0.8494495885699882,-0.2893947813485209,0.20066580986592394,2,1.118357431590898,54,8,62,2.1488187573390126e-17,1.9467838643962188,0.43376262942629473
gaussian_0p10,arousal,eeg_bc_residual_huber_norm_gaussian10_full_loso,15,32,1.4577588145545284,1.7036616810230985,0.6794522428606619,0.6763977910734268,0.7090909090909091,0.7090909090909091,0.7772727272727272,1.4577588145545284,1.7036616810230985,-0.08909641177925198,-0.04857483294161461,0.3125,-0.5035282258064515,1.6186477056527646,-0.0048432534703222035,0.0893526934436205,1,0.9870457751243442,54,8,62,2.1488187573390126e-17,1.9482759107620746,0.43701186583888146
gaussian_0p10,arousal,eeg_bc_residual_huber_norm_gaussian10_full_loso,16,32,1.0742309470894686,1.3625050536053003,0.8486365968678675,0.7821568140368431,0.9009661835748792,0.887719298245614,0.9371980676328503,1.0742309470894686,1.3625050536053003,0.1184455641792114,0.06415543973420797,0.625,-0.2494959677419355,1.371204820434612,-0.20498656087238004,0.1871981753875531,3,0.9166784926868261,54,8,62,3.581364595565021e-18,1.952190333331876,0.4235006147815335
gaussian_0p10,arousal,eeg_bc_residual_huber_norm_gaussian10_full_loso,17,32,1.7806528510225799,2.1189025925116183,0.8290303470255038,0.7843870936683861,0.8400000000000001,0.722943722943723,0.9771428571428571,1.7806528510225799,2.1189025925116183,0.1929831298327819,0.2230776290186603,0.25,-0.5987903225806452,1.3129056407007988,1.0476058988747343,0.5992040409393705,7,0.8836212714913179,54,8,62,0.0,1.9516030249785987,0.3478851039563456
gaussian_0p10,arousal,eeg_bc_residual_huber_norm_gaussian10_full_loso,18,32,1.8889385118327287,2.242713935077532,0.7252271501626251,0.6999179378938918,0.8125,0.8056680161943319,0.8203125,1.8889385118327287,2.242713935077532,0.020936482228323006,0.013563049853372432,0.5,0.639616935483871,2.1200614760696554,-0.08915468303454219,0.1216344979266324,1,1.1857471331876843,54,8,62,3.581364595565021e-18,1.9397134433745502,0.44172289438786044
gaussian_0p10,arousal,eeg_bc_residual_huber_norm_gaussian10_full_loso,19,32,1.5526432114785391,1.9465656578330282,0.685938793014081,0.757778563130027,0.7142857142857143,0.6825396825396826,0.8888888888888888,1.5526432114785391,1.9465656578330282,0.32217959608308283,0.34753918210302376,0.28125,1.147681451612903,1.4699453361764527,-0.1559024538164237,0.08201054808244732,1,1.0029703850624878,54,8,62,1.0744093786695063e-17,1.9457309819236928,0.44387206339067026
gaussian_0p10,arousal,eeg_bc_residual_huber_norm_gaussian10_full_loso,20,32,1.2896326732951358,1.6713952389362499,0.8129958401423917,0.8155809170565999,0.7777777777777778,0.746031746031746,0.873015873015873,1.2896326732951358,1.6713952389362499,-0.10360802106461836,-0.07222069501507983,0.25,1.020665322580645,1.2400897101370107,-0.08388187267026864,0.10004026385302163,3,0.9176710953030004,54,8,62,-3.581364595565021e-18,1.949512666589859,0.4350966989032684
gaussian_0p10,arousal,eeg_bc_residual_huber_norm_gaussian10_full_loso,21,32,1.3902061416417033,1.708501977060225,0.8297069757052862,0.6956522569223037,0.9782608695652174,0.9625730994152046,0.9806763285024155,1.3902061416417033,1.708501977060225,-0.014697373823059022,-0.01099706744868035,0.53125,0.03629032258064516,1.631799589761145,-0.18149722995567286,0.43356778903427445,5,0.998273705209514,54,8,62,2.865091676452017e-17,1.949157233521447,0.40424453995881543
gaussian_0p10,arousal,eeg_bc_residual_huber_norm_gaussian10_full_loso,22,32,2.0259803292366954,2.270771276791362,0.7209848739129869,0.6972889642743113,0.8318181818181818,0.82281284606866,0.9181818181818182,2.0259803292366954,2.270771276791362,-0.319086519368139,-0.31341642228739,0.40625,-0.5035282258064516,2.143575596227557,0.1160341404193069,0.11942246345941478,1,1.0491602643207452,54,8,62,-7.162729191130042e-18,1.9399472303780423,0.44286130320641304
gaussian_0p10,arousal,eeg_bc_residual_huber_norm_gaussian10_full_loso,23,32,1.3999023729377646,1.6406319989063163,0.8339023588864118,0.8135521546809267,0.8846153846153846,0.8981972428419936,0.9352226720647774,1.3999023729377646,1.6406319989063163,-0.25785074157925736,-0.2962148303156574,0.21875,0.8618951612903224,1.1590966729438268,-0.2871807066244437,0.043351922086343114,1,0.8855412968650885,54,8,62,1.4325458382260084e-17,1.9515858118118605,0.45086123746248985
gaussian_0p10,arousal,eeg_bc_residual_huber_norm_gaussian10_full_loso,24,32,1.2967237732785932,1.4682046326482692,0.8860484810559132,0.8399612545006713,0.9307359307359306,0.9307359307359306,0.987012987012987,1.2967237732785932,1.4682046326482692,0.28306936855934656,0.24672349109212552,0.46875,-0.027217741935483875,1.4823221092336485,0.18815163200942578,0.1229079095959881,1,1.04373294962439,54,8,62,3.581364595565021e-18,1.9511166945670697,0.4432228611361596
gaussian_0p10,arousal,eeg_bc_residual_huber_norm_gaussian10_full_loso,25,32,1.6567115471288099,2.134748588356721,0.730181887924879,0.7356365832853454,0.8614718614718615,0.8614718614718615,0.9047619047619048,1.65671154712881,2.1347485883567217,0.2345741517598086,0.2628299120234604,0.65625,-0.05897177419354839,2.18923247648393,0.09288208576315234,0.5847673706091772,3,0.893956736439966,54,8,62,3.223228136008519e-17,1.9401680033478357,0.40817563476101043
gaussian_0p10,arousal,eeg_bc_residual_huber_norm_gaussian10_full_loso,26,32,1.8559507433209843,2.126141093709453,0.6616143135515701,0.7108336355843088,0.7916666666666667,0.7681159420289855,0.8385416666666666,1.8559507433209843,2.126141093709453,-0.38565376153649983,-0.3104838709677419,0.625,-1.202116935483871,1.7189293581328962,-0.05011534359548786,0.1605578545342829,1,1.1070457726779397,54,8,62,1.4325458382260084e-17,1.9418424627038333,0.4441222764791981
gaussian_0p10,arousal,eeg_bc_residual_huber_norm_gaussian10_full_loso,27,32,1.2732199411070637,1.6316752026384183,0.6868870895544211,0.6254597642669643,0.7550607287449393,0.7624602332979851,0.8502024291497976,1.2732199411070637,1.6316752026384183,0.14967199287606894,0.20254788830371373,0.53125,0.766633064516129,1.3302540014938895,-0.16830311946674356,0.4406056060998646,5,0.9206339489154719,54,8,62,1.4325458382260084e-17,1.9504472540236248,0.3838836711741263
gaussian_0p10,arousal,eeg_bc_residual_huber_norm_gaussian10_full_loso,28,32,1.263066958752904,1.6150111321200555,0.8384913557064363,0.7160498333342281,0.9375,0.887719298245614,0.9947916666666666,1.263066958752904,1.6150111321200555,0.08556017999877864,0.07917888563049852,0.65625,-1.1703629032258065,1.2832399966930983,-0.2297733582306538,0.4079588839501248,3,0.8281590971174314,54,8,62,7.162729191130042e-18,1.9476744862339788,0.41569699419121586
gaussian_0p10,arousal,eeg_bc_residual_huber_norm_gaussian10_full_loso,29,32,1.1083441413415929,1.4314515753896355,0.7615780324757466,0.7676000269544838,0.8545454545454545,0.8545454545454545,0.9227272727272727,1.1083441413415929,1.4314515753896355,-0.07844129733529606,-0.18695014662756596,0.5,-0.5035282258064517,1.3387930792556502,-0.031905253487600094,0.10779070168603863,1,0.9178528769123273,54,8,62,0.0,1.9517557851811036,0.44891769078470045
gaussian_0p10,arousal,eeg_bc_residual_huber_norm_gaussian10_full_loso,30,32,0.7463412721311724,0.9809773032294409,0.8956759282207869,0.8715755108430178,0.9272727272727272,0.9272727272727272,0.9636363636363636,0.7463412721311724,0.9809773032294409,0.16126994861341898,0.04472550655756213,0.5625,0.03629032258064514,0.9561639397658944,-0.21500425190688777,0.06094910898732052,1,1.2342034769396881,54,8,62,0.0,1.956498313063183,0.43942102116923176
gaussian_0p10,arousal,eeg_bc_residual_huber_norm_gaussian10_full_loso,31,32,2.192126517405398,2.681933408197751,0.7457669407153527,0.7203686378424689,0.8,0.8,0.8784313725490196,2.192126517405398,2.681933408197751,-0.06326050331899656,-0.12390029325513194,0.40625,0.8301411290322582,2.1966185537351026,-0.5986463800429003,0.4488414913744401,6,1.0783642616375597,54,8,62,-3.581364595565021e-18,1.9371312533252656,0.37526763639142435
gaussian_0p10,arousal,eeg_bc_residual_huber_norm_gaussian10_full_loso,32,32,1.1675863110082636,1.3451789069057465,0.745808017150811,0.7120010279745493,0.8545454545454545,0.8545454545454545,0.9545454545454546,1.1675863110082636,1.3451789069057465,-0.012868531002258248,-0.08413527668000417,0.46875,0.13155241935483866,1.2823728733282098,0.18667352631563078,0.38631295482231237,2,0.8677422043380892,54,8,62,-2.5069552168955147e-17,1.95336871967688,0.4272161856774361
gaussian_0p10,arousal,eeg_bc_residual_huber_norm_gaussian10_full_loso,33,32,1.4085788589867092,1.5560866346631583,0.5703058144068776,0.5747561691453293,0.7678571428571428,0.6621417797888387,0.8214285714285714,1.4085788589867092,1.5560866346631583,0.19278673433824253,0.15782238174615162,0.625,-0.7258064516129032,1.5470529366384678,-0.40609228652187257,0.4197811422491952,4,1.1195678345960756,54,8,62,1.4325458382260084e-17,1.9480797676103658,0.3998716824477719
gaussian_0p10,arousal,eeg_bc_residual_huber_norm_gaussian10_full_loso,34,32,1.22940120815512,1.418120348159529,0.8565615288220045,0.8654292634137675,0.8236714975845411,0.8128654970760234,0.9130434782608695,1.22940120815512,1.418120348159529,-0.010574016601580671,-0.007332050255338054,0.4375,-0.4717741935483871,1.287200102975002,0.0854698271650839,0.19578247246216898,2,1.036729028147739,54,8,62,-7.162729191130042e-18,1.9524548870584406,0.4280530358514478
gaussian_0p10,arousal,eeg_bc_residual_huber_norm_gaussian10_full_loso,35,32,1.2331876144067004,1.5515586446228775,0.5440813592535454,0.5420839627687153,0.8019323671497585,0.7818181818181817,0.8695652173913043,1.2331876144067002,1.5515586446228775,-0.3172131097548746,-0.27715149965177843,0.53125,0.29032258064516125,1.5253824941246354,0.36166088175710764,0.07253210807929945,1,0.9598606093546159,54,8,62,2.865091676452017e-17,1.9502211852312836,0.4408894162024221
gaussian_0p10,arousal,eeg_bc_residual_huber_norm_gaussian10_full_loso,36,32,1.4350887133551247,1.7085582613298138,0.8280217708223584,0.8436974873288198,0.819838056680162,0.8303287380699894,0.9149797570850202,1.4350887133551247,1.7085582613298138,0.06486290552064762,0.063049853372434,0.4375,0.576108870967742,1.5074025758264082,-0.2298683179385369,0.18065655165277103,1,0.8853687339722225,54,8,62,7.162729191130042e-18,1.9494092745631315,0.4416279557251161
gaussian_0p10,arousal,eeg_bc_residual_huber_norm_gaussian10_full_loso,37,32,1.2714281715849622,1.5729953848607852,0.5110003110899549,0.5579229398354184,0.759090909090909,0.751937984496124,0.8363636363636363,1.2714281715849622,1.5729953848607852,0.271294049119685,0.2527724325527794,0.5625,0.4490927419354839,1.513886625498777,-0.0752104847945977,0.1345756584456097,1,0.8406559849420292,54,8,62,-7.162729191130042e-18,1.9498744955098317,0.4406225263111053
gaussian_0p10,arousal,eeg_bc_residual_huber_norm_gaussian10_full_loso,38,32,1.2959728534584973,1.5401822662597522,0.6762950002991576,0.6930018626756241,0.8666666666666667,0.8666666666666667,0.9375,1.2959728534584973,1.5401822662597522,0.03571712472003603,-0.005498533724340175,0.375,0.19506048387096772,1.3855566244123854,0.04849837209150803,0.7077911240900931,5,0.9181585582513215,54,8,62,7.162729191130042e-18,1.9521258025940473,0.3911397812827941
gaussian_0p10,arousal,eeg_bc_residual_huber_norm_gaussian10_full_loso,39,32,1.7400433460013387,2.0079003000226785,0.7826184965563692,0.6268077167863094,0.9009661835748792,0.887719298245614,0.9227053140096618,1.7400433460013387,2.0079003000226785,0.08207074492787707,0.06837136863102734,0.5,-0.47177419354838707,1.9867742000953235,-0.19078573270700697,0.34201036033686,3,1.1149947096638582,54,8,62,0.0,1.9428131607785057,0.40883245415264563
gaussian_0p10,arousal,eeg_bc_residual_huber_norm_gaussian10_full_loso,40,32,2.5946356646186866,3.058590524473479,0.4514578187081244,0.4908453285419722,0.6686274509803922,0.6476476476476476,0.7294117647058823,2.5946356646186866,3.058590524473479,-0.13117430056979976,-0.029692082111436948,0.34375,1.0841733870967742,2.710396573079377,-0.2748707300044799,0.18124322579171614,1,0.8480274061242169,54,8,62,1.4325458382260084e-17,1.9243603592519112,0.4486206414238099
gaussian_0p10,arousal,eeg_bc_residual_huber_norm_gaussian10_full_loso,41,32,2.013011646907574,2.4932913617112757,0.45765021901370445,0.48114836331193617,0.6875,0.4074074074074074,,2.013011646907574,2.4932913617112757,0.09310907368661363,0.10283200483111622,0.5,-1.9642137096774193,1.4959771670373037,0.02526568118001083,0.33910727170029914,1,0.841261475024036,54,8,62,1.4325458382260084e-17,1.9346671668514144,0.4378679947506997
gaussian_0p10,arousal,eeg_bc_residual_huber_norm_gaussian10_full_loso,42,32,2.1991094213661198,2.60635049069771,0.6709992171036638,0.7033109016905329,0.7272727272727273,0.625,0.8454545454545455,2.1991094213661198,2.60635049069771,-0.28562045120977564,-0.28005865102639294,0.8125,2.0685483870967745,1.660115463055621,0.07500939173833417,0.06222525793078171,1,0.9061881753275369,54,8,62,0.0,1.930684593400425,0.4424718810665992
gaussian_0p10,arousal,eeg_bc_residual_huber_norm_gaussian10_full_loso,43,32,1.586018635592131,1.9119929292285747,0.8421975939543228,0.7882963578627776,0.9272727272727272,0.9272727272727272,0.9681818181818181,1.586018635592131,1.9119929292285747,-0.0652772589195776,-0.01979472140762463,0.5625,-0.12247983870967742,1.802734417937777,0.36714327442010986,0.30656623097823527,3,1.0097484006203556,54,8,62,-1.4325458382260084e-17,1.9466285568929562,0.41442811296832177
gaussian_0p10,arousal,eeg_bc_residual_huber_norm_gaussian10_full_loso,44,32,1.9630102640715494,2.4368811914891952,0.5321901394417545,0.4150707982157938,0.8545454545454545,0.8545454545454545,0.8772727272727273,1.9630102640715494,2.4368811914891952,0.2230843308239681,0.18806708904942107,0.625,-0.5035282258064517,2.4099202277826843,-0.004518114483763491,0.12446448983913254,1,1.1370940401768976,54,8,62,-2.1488187573390126e-17,1.9348147532864926,0.4372424589049432
gaussian_0p10,arousal,eeg_bc_residual_huber_norm_gaussian10_full_loso,45,32,1.101885871681234,1.46782868168204,0.621659163302624,0.5946129523616082,0.7467532467532467,0.751937984496124,0.7489177489177489,1.101885871681234,1.46782868168204,0.23831675768406232,0.3171111735433708,0.5625,0.38558467741935476,1.4722953086219464,0.05550181376299798,0.3188651667449164,3,1.1679141295403923,54,8,62,7.162729191130042e-18,1.9506194793272416,0.4169560387249916
gaussian_0p10,arousal,eeg_bc_residual_huber_norm_gaussian10_full_loso,46,32,1.513527943476411,1.9689339496901406,0.40196056035326655,0.4789064299394509,0.5833333333333334,0.5844155844155844,0.7041666666666667,1.513527943476411,1.9689339496901406,-0.2114109283112487,-0.2602639296187683,0.46875,0.09979838709677419,1.9285807571028841,-0.1966250459165071,0.07771324419247236,1,1.0106358137788902,54,8,62,0.0,1.944671051494803,0.4492501703000838
gaussian_0p10,arousal,eeg_bc_residual_huber_norm_gaussian10_full_loso,47,32,1.978954447725027,2.4645868323973463,0.5039121959516893,0.5030534174288195,0.803921568627451,0.8056680161943319,0.7764705882352941,1.978954447725027,2.4645868323973463,-0.03363503817385568,0.001466275659824047,0.53125,0.6713709677419355,2.3476946080537613,0.15351330612160918,0.46928438219907015,3,0.9642800122039582,54,8,62,1.4325458382260084e-17,1.935233577008547,0.41432810454599317
gaussian_0p10,arousal,eeg_bc_residual_huber_norm_gaussian10_full_loso,48,32,1.1879190132921125,1.4301274403949227,0.7537676594664886,0.7841663247621425,0.8160173160173161,0.82281284606866,0.9090909090909091,1.1879190132921125,1.4301274403949227,-0.07758115169885367,-0.10923753665689148,0.46875,0.09979838709677409,1.300879429561996,-0.04071228637704808,0.4850963728082192,3,0.9778230636882952,54,8,62,0.0,1.9531988866701582,0.4149277344826729
gaussian_0p10,arousal,eeg_bc_residual_huber_norm_gaussian10_full_loso,49,32,2.0269083035521067,2.354524964875116,0.38969649207545654,0.3459447378932138,0.8548387096774194,0.5060034305317325,0.8064516129032258,2.0269083035521067,2.354524964875116,-0.16704788915671162,-0.10833104252261974,0.625,-1.6784274193548387,1.692520509403907,-0.062464627770923306,0.1016685461617674,1,1.2072204672813218,54,8,62,-3.9395010551215234e-17,1.9364222822098924,0.44746225735833567
gaussian_0p10,arousal,eeg_bc_residual_huber_norm_gaussian10_full_loso,50,32,1.1943104991930196,1.3809071201409593,0.9006736765618071,0.8898067381672675,0.9166666666666667,0.9307359307359306,0.9916666666666667,1.1943104991930196,1.3809071201409593,0.3016291174699305,0.34860703812316707,0.65625,-0.027217741935483958,1.3910614610751582,0.04089699818136662,0.04108214550350296,1,0.9883610232818694,54,8,62,-7.162729191130042e-18,1.9522182959891654,0.4444871001666592
gaussian_0p10,arousal,eeg_bc_residual_huber_norm_gaussian10_full_loso,52,32,1.684366844799208,1.9981959845096742,0.4832714817535306,0.5082914458723745,0.6666666666666667,0.6666666666666667,0.75,1.684366844799208,1.9981959845096742,-0.06698493565454043,-0.05645678696610302,0.625,0.5126008064516129,1.9522573515044046,0.11806560258092802,0.0764036269597789,1,0.9102562670903948,54,8,62,-7.162729191130042e-18,1.9432172951217264,0.4417705062416292
gaussian_0p10,arousal,eeg_bc_residual_huber_norm_gaussian10_full_loso,53,32,0.9667819984187842,1.178208349935856,0.8628643529390619,0.8586108325564098,0.9772727272727273,0.964562569213732,0.9954545454545455,0.9667819984187842,1.178208349935856,-0.1170942680849023,-0.13600953223652087,0.375,-0.34475806451612906,1.0633145558549586,-0.03342397722766889,0.2951470677754802,3,0.9076861684100107,54,8,62,-7.162729191130042e-18,1.9550984554333968,0.42129986012174236
gaussian_0p10,arousal,eeg_bc_residual_huber_norm_gaussian10_full_loso,54,32,1.4990905848552138,1.7809010083903267,0.6415768840791495,0.6740951123994126,0.6774891774891775,0.681063122923588,0.7965367965367965,1.4990905848552138,1.7809010083903267,0.0038586748064658436,-0.03189441861072054,0.5,0.13155241935483875,1.6942831997212953,-0.39692524853236044,0.15407390967199164,1,0.8458475809966842,54,8,62,2.865091676452017e-17,1.9482155611263576,0.4401627574716845
gaussian_0p10,arousal,eeg_bc_residual_huber_norm_gaussian10_full_loso,55,32,2.2168898493877602,2.422953327283694,0.8088370325591955,0.7014539270543492,0.6875,0.4074074074074074,,2.2168898493877602,2.422953327283694,0.2423733565770332,0.2914222873900293,0.59375,-2.25,0.9986088789050975,-0.03311015061223979,0.10988459063572319,1,1.075228851322182,54,8,62,0.0,1.9348212641934572,0.44332155393015954
gaussian_0p10,arousal,eeg_bc_residual_huber_norm_gaussian10_full_loso,56,32,1.2430797898698103,1.4906910865769958,0.8605806923027658,0.8336142532738211,0.8571428571428572,0.8666666666666667,0.9722222222222222,1.2430797898698103,1.4906910865769958,-0.0683892840542198,-0.04692512163416355,0.46875,0.5443548387096774,1.3444179697621401,-0.08138592593459057,0.08582683598632738,1,1.0626100981887632,54,8,62,0.0,1.951512654159399,0.4392311178868817
gaussian_0p10,arousal,eeg_bc_residual_huber_norm_gaussian10_full_loso,57,32,1.7291363098673656,2.1115094860262418,0.44256553714615443,0.4349611874673361,0.6041666666666667,0.5883040935672514,0.5885416666666666,1.7291363098673656,2.1115094860262418,0.22740689974127304,0.21700879765395892,0.59375,0.09979838709677427,2.1643328274237774,0.20182502065538793,0.5694602980049787,5,0.8877512806582447,54,8,62,2.865091676452017e-17,1.9405986547818548,0.378142234538832
gaussian_0p10,arousal,eeg_bc_residual_huber_norm_gaussian10_full_loso,58,32,1.329845631561792,1.6118790856223517,0.8970987327266399,0.8483620405068547,0.9583333333333333,0.9227053140096618,0.9947916666666666,1.329845631561792,1.6118790856223517,-0.041819330964604697,0.12719941348973607,0.4375,-1.1068548387096775,1.133263600349544,0.035799873104051944,0.05485267862095043,1,1.0424585879167074,54,8,62,-3.581364595565021e-18,1.9498077345109495,0.44576029335298845
gaussian_0p10,arousal,eeg_bc_residual_huber_norm_gaussian10_full_loso,59,32,1.7646504617671241,2.2672399585154603,0.6609341707446904,0.6583397831938491,0.763157894736842,0.716256157635468,0.8906882591093117,1.7646504617671241,2.267239958515461,0.055482551376459695,0.03629032258064516,0.375,1.2429435483870965,1.6408958852975946,-0.274593785561859,0.4824572923887576,4,0.8851100951291498,54,8,62,4.297637514678025e-17,1.9425278388558325,0.40857161557482136
gaussian_0p10,arousal,eeg_bc_residual_huber_norm_gaussian10_full_loso,60,32,2.2271521841569886,2.600909303514089,0.816912553746389,0.8463270996710746,0.7777777777777778,0.746031746031746,0.9444444444444444,2.2271521841569886,2.6009093035140896,-0.25444835519056547,-0.32111436950146627,0.34375,1.2429435483870968,2.0713483906629713,-0.2639634093260963,0.1666774507064514,1,0.9162931785544509,54,8,62,2.1488187573390126e-17,1.93577162160966,0.43894770981804015
gaussian_0p10,arousal,eeg_bc_residual_huber_norm_gaussian10_full_loso,61,32,1.5755784503790857,1.811359016225626,0.8876410804470675,0.8790137423567556,0.9583333333333333,0.9227053140096618,1.0,1.5755784503790857,1.811359016225626,0.08543825623805722,0.22434017595307917,0.625,-0.8845766129032258,1.641778371653087,-0.10904993119155884,0.2020727361252315,2,0.9347272062282089,54,8,62,-1.0744093786695063e-17,1.9457309819236928,0.43128101479622627
gaussian_0p10,arousal,eeg_bc_residual_huber_norm_gaussian10_full_loso,62,32,1.7857707375357812,2.159354786531534,0.792778168484107,0.6730242083585801,0.9545454545454546,0.964562569213732,0.9090909090909091,1.7857707375357812,2.159354786531534,0.09638084275342901,0.07845293773211719,0.46875,-0.3765120967741936,2.058781133828381,0.3015206243136528,0.2607027756564867,3,0.9483911503004404,54,8,62,2.865091676452017e-17,1.9419246341196956,0.41958018560563365
gaussian_0p10,arousal,eeg_bc_residual_huber_norm_gaussian10_full_loso,63,32,1.8553248199913184,2.197503911286077,0.7800190200927131,0.7456860433939161,0.8852813852813852,0.893687707641196,0.922077922077922,1.8553248199913184,2.197503911286077,-0.11071054060123464,-0.08064516129032258,0.5,-0.28125,2.1644511428246234,-0.12580483680978016,0.18160024131629007,1,0.9869586452069081,54,8,62,1.4325458382260084e-17,1.9403043505740944,0.43956334360184207
gaussian_0p10,arousal,eeg_bc_residual_huber_norm_gaussian10_full_loso,64,32,1.2858091161886835,1.5348372730656112,0.7548936407445385,0.7486737278824988,0.7922077922077921,0.7922077922077921,0.8744588744588745,1.2858091161886835,1.5348372730656112,-0.33105335340837444,-0.44428152492668616,0.46875,0.13155241935483863,1.5037030977647274,0.17567537932844993,0.08568901681708328,1,0.9978490779672661,54,8,62,2.1488187573390126e-17,1.9507787741959017,0.44591399474490073
gaussian_0p10,arousal,eeg_bc_residual_huber_norm_gaussian10_full_loso,65,32,1.815137359447876,1.9312417013465712,0.9055540581890508,0.8611910203984444,0.9583333333333333,0.9227053140096618,1.0,1.815137359447876,1.9312417013465712,-0.10887628387264048,0.008798460306405666,0.65625,-1.0433467741935485,1.7398221083540357,-0.28361621707651685,0.21232703321195986,1,0.9151524776942427,54,8,62,0.0,1.9430422525970932,0.44159369218734
