test_subject,oracle_test_checkpoint_rmse,clean_gaussian10_rmse,stimulus_only_oracle_file_rmse,delta_oracle_minus_clean_rmse,delta_oracle_minus_stimulus_rmse,oracle_test_checkpoint_mae,clean_gaussian10_mae,stimulus_only_oracle_file_mae,delta_oracle_minus_clean_mae,delta_oracle_minus_stimulus_mae,oracle_test_checkpoint_accuracy,clean_gaussian10_accuracy,stimulus_only_oracle_file_accuracy,delta_oracle_minus_clean_accuracy,delta_oracle_minus_stimulus_accuracy,oracle_test_checkpoint_balanced_accuracy,clean_gaussian10_balanced_accuracy,stimulus_only_oracle_file_balanced_accuracy,delta_oracle_minus_clean_balanced_accuracy,delta_oracle_minus_stimulus_balanced_accuracy,oracle_test_checkpoint_macro_f1,clean_gaussian10_macro_f1,stimulus_only_oracle_file_macro_f1,delta_oracle_minus_clean_macro_f1,delta_oracle_minus_stimulus_macro_f1,oracle_test_checkpoint_mcc,clean_gaussian10_mcc,stimulus_only_oracle_file_mcc,delta_oracle_minus_clean_mcc,delta_oracle_minus_stimulus_mcc,oracle_test_checkpoint_auroc,clean_gaussian10_auroc,stimulus_only_oracle_file_auroc,delta_oracle_minus_clean_auroc,delta_oracle_minus_stimulus_auroc,oracle_test_checkpoint_dev_pearson,clean_gaussian10_dev_pearson,stimulus_only_oracle_file_dev_pearson,delta_oracle_minus_clean_dev_pearson,oracle_test_checkpoint_pred_dev_std,clean_gaussian10_pred_dev_std,stimulus_only_oracle_file_pred_dev_std,delta_oracle_minus_clean_pred_dev_std,delta_oracle_minus_stimulus_pred_dev_std,failure_score
35,1.6245358867355366,1.5515586446228775,1.552764938493383,0.0729772421126591,0.07177094824215358,1.230316068785278,1.2331876144067004,1.1804435483870968,-0.0028715456214223334,0.04987252039818135,0.84375,0.8125,0.84375,0.03125,0.0,0.8236714975845411,0.8019323671497585,0.8236714975845411,0.021739130434782594,0.0,0.8128654970760234,0.7818181818181817,0.8128654970760234,0.031047315257841657,0.0,0.6279257387790121,0.5716350506349809,0.6279257387790121,0.056290688144031265,0.0,0.855072463768116,0.8695652173913043,0.8695652173913043,-0.01449275362318836,-0.01449275362318836,-0.36163005909178836,-0.3172131097548742,,-0.04441694933691415,0.13433674113027153,0.07253210807929945,0.0,0.06180463305097207,0.13433674113027153,0.14474819035481268
26,1.8552037533529504,2.126141093709453,2.0975708009095437,-0.27093734035650274,-0.24236704755659333,1.441518927676921,1.8559507433209843,1.861391129032258,-0.4144318156440634,-0.4198722013553371,0.75,0.8125,0.8125,-0.0625,-0.0625,0.625,0.7916666666666667,0.7916666666666667,-0.16666666666666674,-0.16666666666666674,0.6342857142857142,0.7681159420289855,0.7681159420289855,-0.13383022774327125,-0.13383022774327125,0.2773500981126145,0.5449492609130661,0.5449492609130661,-0.26759916280045154,-0.26759916280045154,0.8125,0.8385416666666666,0.84375,-0.02604166666666663,-0.03125,0.1407044048427413,-0.3856537615364997,,0.526358166379241,0.9792196910490794,0.16055785453428287,0.0,0.8186618365147965,0.9792196910490794,0.13383022774327125
10,1.7511879507443235,1.7058864729063028,1.7173703785641625,0.04530147783802074,0.033817572180161015,1.466473089008442,1.415141427528356,1.4380040322580645,0.051331661480086055,0.028469056750377586,0.875,0.90625,0.90625,-0.03125,-0.03125,0.8614718614718615,0.8852813852813852,0.8852813852813852,-0.023809523809523725,-0.023809523809523725,0.8614718614718615,0.893687707641196,0.893687707641196,-0.03221584616933448,-0.03221584616933448,0.7229437229437229,0.7895918772038132,0.7895918772038132,-0.0666481542600903,-0.0666481542600903,0.8831168831168832,0.8831168831168831,0.8939393939393939,1.1102230246251565e-16,-0.010822510822510734,-0.2006605237453426,0.09451709546550191,,-0.2951776192108445,0.0899872591284953,0.14992130568118137,0.0,-0.05993404655268607,0.0899872591284953,0.11133489618751624
63,2.190881288398645,2.197503911286077,2.1826475464845028,-0.006622622887431984,0.008233741914142279,1.7736325321492727,1.8553248199913184,1.8578629032258065,-0.08169228784204563,-0.08423037107653375,0.8125,0.90625,0.90625,-0.09375,-0.09375,0.7922077922077921,0.8852813852813852,0.8852813852813852,-0.09307359307359309,-0.09307359307359309,0.7922077922077921,0.893687707641196,0.893687707641196,-0.10147991543340384,-0.10147991543340384,0.5844155844155844,0.7895918772038132,0.7895918772038132,-0.2051762927882288,-0.2051762927882288,0.9264069264069265,0.922077922077922,0.9155844155844155,0.0043290043290044045,0.010822510822510956,0.18792744543069376,-0.11071054060123466,,0.2986379860319284,0.9364437412961665,0.18160024131629007,0.0,0.7548434999798764,0.9364437412961665,0.10971365734754612
64,1.5701294958868384,1.5348372730656112,1.5094466023232982,0.035292222821227126,0.060682893563540174,1.2977647207317138,1.2858091161886835,1.2545362903225805,0.01195560454303024,0.04322843040913327,0.84375,0.8125,0.84375,0.03125,0.0,0.8160173160173161,0.7922077922077921,0.8160173160173161,0.023809523809523947,0.0,0.82281284606866,0.7922077922077921,0.82281284606866,0.03060505386086787,0.0,0.6476427756840265,0.5844155844155844,0.6476427756840265,0.06322719126844212,0.0,0.8831168831168832,0.8744588744588745,0.8917748917748918,0.008658008658008698,-0.008658008658008587,-0.19163186094116078,-0.3310533534083744,,0.1394214924672136,0.12470136563273895,0.08568901681708327,0.0,0.039012348815655684,0.12470136563273895,0.0959751163847673
60,2.498586330501617,2.600909303514089,2.415655774314542,-0.10232297301247195,0.08293055618707523,2.1521814195152595,2.2271521841569886,2.089717741935484,-0.07497076464172903,0.062463677579775556,0.75,0.75,0.75,0.0,0.0,0.7777777777777778,0.7777777777777778,0.7777777777777778,0.0,0.0,0.746031746031746,0.746031746031746,0.746031746031746,0.0,0.0,0.5945883900105632,0.5945883900105632,0.5945883900105632,0.0,0.0,0.9365079365079364,0.9444444444444444,0.9424603174603174,-0.00793650793650802,-0.005952380952381042,-0.14174829261526506,-0.2544483551905654,,0.11270006257530035,0.22154792589619587,0.16667745070645137,0.0,0.0548704751897445,0.22154792589619587,0.08293055618707523
22,2.2498490562806315,2.270771276791362,2.2019212090640568,-0.02092222051073067,0.047927847216574726,2.00988275885189,2.025980329236695,1.9672379032258065,-0.01609757038480497,0.042644855626083444,0.84375,0.84375,0.875,0.0,-0.03125,0.8318181818181818,0.8318181818181818,0.8545454545454545,0.0,-0.022727272727272707,0.82281284606866,0.82281284606866,0.8545454545454545,0.0,-0.03173260847679449,0.6476427756840265,0.6476427756840265,0.7090909090909091,0.0,-0.0614481334068826,0.9227272727272727,0.9181818181818182,0.9181818181818182,0.004545454545454519,0.004545454545454519,-0.2221406600453107,-0.319086519368139,,0.09694585932282829,0.23249697069056263,0.11942246345941475,0.0,0.11307450723114788,0.23249697069056263,0.07966045569336921
57,2.1765052891371592,2.1115094860262418,2.166632480586249,0.06499580311091746,0.009872808550910328,1.7189754603343868,1.7291363098673656,1.836693548387097,-0.0101608495329788,-0.11771808805271022,0.625,0.65625,0.625,-0.03125,0.0,0.625,0.6041666666666667,0.5416666666666667,0.02083333333333326,0.08333333333333326,0.5844155844155844,0.5883040935672514,0.536231884057971,-0.0038885091516670522,0.048183700357613435,0.21821789023599236,0.18993429409939658,0.0778498944161523,0.028283596136595784,0.14036799581984005,0.5625,0.5885416666666667,0.546875,-0.02604166666666674,0.015625,0.23822118942380757,0.22740689974127304,,0.010814289682534534,0.972266961151162,0.5694602980049787,0.0,0.4028066631461833,0.972266961151162,0.07486861166182779
25,2.1380268204222466,2.134748588356721,2.1900265994374353,0.003278232065525355,-0.05199977901518871,1.6336653495435718,1.6567115471288099,1.7767137096774193,-0.02304619758523807,-0.14304836013384747,0.84375,0.875,0.90625,-0.03125,-0.0625,0.8376623376623377,0.8614718614718615,0.8852813852813852,-0.023809523809523836,-0.04761904761904756,0.8303287380699894,0.8614718614718615,0.893687707641196,-0.031143123401872086,-0.06335896957120657,0.6625413488689132,0.7229437229437229,0.7895918772038132,-0.06040237407480964,-0.12705052833489994,0.9134199134199135,0.9047619047619048,0.9047619047619048,0.008658008658008698,0.008658008658008698,0.23266468247198943,0.2345741517598086,,-0.0019094692878191821,0.5841356892539923,0.5847673706091772,0.0,-0.0006316813551848766,0.5841356892539923,0.06663720163673192
33,1.604520397172189,1.5560866346631583,1.7088498453534822,0.04843376250903075,-0.10432944818129308,1.411063570281889,1.4085788589867092,1.466733870967742,0.002484711295179798,-0.05567030068585299,0.75,0.78125,0.75,-0.03125,0.0,0.75,0.7678571428571428,0.75,-0.017857142857142794,0.0,0.6342857142857142,0.6621417797888387,0.6342857142857142,-0.027856065503124472,0.0,0.3567530340063379,0.39405520311955033,0.3567530340063379,-0.037302169113212436,0.0,0.8482142857142857,0.8214285714285715,0.8482142857142857,0.02678571428571419,0.0,0.16200643415000526,0.19278673433824253,,-0.03078030018823727,0.038854545616714524,0.4197811422491952,0.0,-0.3809265966324807,0.038854545616714524,0.04843376250903075
6,3.440776666668472,3.778845112591574,3.7325121194933057,-0.3380684459231018,-0.2917354528248337,3.0243398941482154,3.381458464452637,3.337701612903226,-0.35711857030442173,-0.3133617187550106,0.34375,0.375,0.375,-0.03125,-0.03125,0.41666666666666663,0.6666666666666666,0.6666666666666666,-0.25,-0.25,0.2873806998939554,0.3333333333333333,0.3333333333333333,-0.04595263343937789,-0.04595263343937789,-0.0849411985729376,0.17407765595569785,0.17407765595569785,-0.25901885452863543,-0.25901885452863543,0.5333333333333333,0.5,0.5,0.033333333333333326,0.033333333333333326,-0.012882038676530748,0.0818795137810304,,-0.09476155245756114,0.8402001615337994,0.14872856043862673,0.0,0.6914716010951727,0.8402001615337994,0.04595263343937789
15,1.6697639550596575,1.7036616810230985,1.6951581251313257,-0.03389772596344098,-0.02539417007166822,1.3762910646288034,1.4577588145545284,1.4349798387096775,-0.08146774992572503,-0.05868877408087414,0.71875,0.75,0.75,-0.03125,-0.03125,0.6590909090909092,0.7090909090909091,0.7090909090909091,-0.04999999999999993,-0.04999999999999993,0.6631578947368422,0.7090909090909091,0.7090909090909091,-0.04593301435406694,-0.04593301435406694,0.3280209083173944,0.41818181818181815,0.41818181818181815,-0.09016090986442377,-0.09016090986442377,0.7909090909090909,0.7772727272727273,0.7818181818181819,0.013636363636363558,0.009090909090909038,0.06736515519926659,-0.08909641177925204,,0.15646156697851862,0.5313328327962495,0.08935269344362047,0.0,0.4419801393526291,0.5313328327962495,0.04593301435406694
16,1.3240017047817743,1.3625050536053003,1.3937183709424947,-0.03850334882352602,-0.06971666616072048,1.0472877153462727,1.0742309470894686,1.1154233870967742,-0.026943231743195906,-0.0681356717505015,0.875,0.90625,0.90625,-0.03125,-0.03125,0.8454106280193237,0.9009661835748792,0.9009661835748792,-0.05555555555555558,-0.05555555555555558,0.8454106280193237,0.887719298245614,0.887719298245614,-0.04230867022629037,-0.04230867022629037,0.6908212560386473,0.777878154009821,0.777878154009821,-0.08705689797117366,-0.08705689797117366,0.961352657004831,0.9371980676328503,0.9371980676328503,0.024154589371980673,0.024154589371980673,0.2821516687846481,0.1184455641792114,,0.1637061046054367,0.5089490303587902,0.1871981753875531,0.0,0.3217508549712371,0.5089490303587902,0.04230867022629037
56,1.4841572926607778,1.4906910865769958,1.4504419560416728,-0.006533793916218,0.033715336619104974,1.2352631033848969,1.2430797898698103,1.2288306451612903,-0.007816686484913404,0.0064324582236066075,0.875,0.875,0.875,0.0,0.0,0.8571428571428572,0.8571428571428572,0.8571428571428572,0.0,0.0,0.8666666666666667,0.8666666666666667,0.8666666666666667,0.0,0.0,0.7644707871564383,0.7644707871564383,0.7644707871564383,0.0,0.0,0.9722222222222222,0.9722222222222222,0.9662698412698413,0.0,0.005952380952380931,0.00493234738131395,-0.06838928405421975,,0.0733216314355337,0.14363608869908792,0.08582683598632736,0.0,0.057809252712760564,0.14363608869908792,0.033715336619104974
47,2.4386000875823,2.464586832397346,2.441804445284562,-0.025986744815045704,-0.0032043577022617953,2.004277289694728,1.978954447725027,2.0151209677419355,0.025322841969700915,-0.01084367804720765,0.8125,0.8125,0.84375,0.0,-0.03125,0.803921568627451,0.803921568627451,0.8333333333333333,0.0,-0.02941176470588225,0.8056680161943319,0.8056680161943319,0.8358974358974359,0.0,-0.030229419703104,0.6386392673039035,0.6386392673039035,0.7177405625652734,0.0,-0.07910129526136989,0.7647058823529411,0.7764705882352941,0.7784313725490196,-0.01176470588235301,-0.013725490196078494,0.03626664840115434,-0.033635038173855644,,0.06990168657500997,0.26307595079608953,0.46928438219907015,0.0,-0.20620843140298062,0.26307595079608953,0.030229419703104
48,1.3341531094858319,1.4301274403949227,1.3047018848475165,-0.0959743309090908,0.0294512246383154,1.0910899815504111,1.1879190132921127,1.0493951612903225,-0.09682903174170154,0.04169482026008864,0.84375,0.84375,0.84375,0.0,0.0,0.8160173160173161,0.8160173160173161,0.8160173160173161,0.0,0.0,0.82281284606866,0.82281284606866,0.82281284606866,0.0,0.0,0.6476427756840265,0.6476427756840265,0.6476427756840265,0.0,0.0,0.922077922077922,0.9090909090909092,0.9393939393939394,0.01298701298701288,-0.017316017316017396,0.05914932629084706,-0.07758115169885366,,0.13673047798970073,0.3279294890986982,0.4850963728082192,0.0,-0.15716688370952103,0.3279294890986982,0.0294512246383154
53,1.1378159241719799,1.178208349935856,1.1178085559441453,-0.04039242576387614,0.020007368227834554,0.9473413863385738,0.9667819984187842,0.8991935483870968,-0.019440612080210418,0.048147837951477035,0.9375,0.96875,0.9375,-0.03125,0.0,0.9272727272727272,0.9772727272727273,0.9272727272727272,-0.050000000000000044,0.0,0.9272727272727272,0.964562569213732,0.9272727272727272,-0.03728984194100471,0.0,0.8545454545454545,0.9315409787235999,0.8545454545454545,-0.07699552417814537,0.0,0.9954545454545455,0.9954545454545455,0.9954545454545455,0.0,0.0,-0.14695323352600098,-0.11709426808490225,,-0.029858965441098728,0.25552039739402005,0.2951470677754802,0.0,-0.03962667038146017,0.25552039739402005,0.020007368227834554
42,2.433518135760527,2.60635049069771,2.6523340250498326,-0.17283235493718285,-0.2188158892893055,1.9452326596374234,2.1991094213661198,2.253024193548387,-0.25387676172869633,-0.3077915339109636,0.625,0.625,0.625,0.0,0.0,0.7,0.7272727272727273,0.7272727272727273,-0.027272727272727337,-0.027272727272727337,0.6235294117647059,0.625,0.625,-0.0014705882352941124,-0.0014705882352941124,0.38297084310253526,0.45454545454545453,0.45454545454545453,-0.07157461144291927,-0.07157461144291927,0.8045454545454546,0.8454545454545455,0.8454545454545455,-0.040909090909090895,-0.040909090909090895,-0.07246780997262234,-0.28562045120977547,,0.21315264123715313,0.9435555627511494,0.062225257930781694,0.0,0.8813303048203677,0.9435555627511494,0.0014705882352941124
45,1.468973229007416,1.46782868168204,1.5219490856302587,0.0011445473253759442,-0.052975856622842654,1.105852309325492,1.101885871681234,1.142641129032258,0.003966437644257859,-0.03678881970676606,0.8125,0.78125,0.78125,0.03125,0.03125,0.7922077922077921,0.7467532467532467,0.7467532467532467,0.045454545454545414,0.045454545454545414,0.7922077922077921,0.751937984496124,0.751937984496124,0.040269807711668104,0.040269807711668104,0.5844155844155844,0.5056936741642399,0.5056936741642399,0.07872191025134445,0.07872191025134445,0.7662337662337663,0.7489177489177489,0.7792207792207793,0.017316017316017396,-0.012987012987012991,0.12435363445542735,0.2383167576840623,,-0.11396312322863494,0.33595668349656943,0.3188651667449164,0.0,0.017091516751653046,0.33595668349656943,0.0011445473253759442
13,1.9079208810682815,2.5000306957716427,2.4172453841383996,-0.5921098147033612,-0.5093245030701181,1.585346690572461,2.1540823740961086,2.081149193548387,-0.5687356835236477,-0.4958025029759261,0.71875,0.6875,0.6875,0.03125,0.03125,0.71875,0.6875,0.6875,0.03125,0.03125,0.41818181818181815,0.4074074074074074,0.4074074074074074,0.01077441077441077,0.01077441077441077,0.0,0.0,0.0,0.0,0.0,,,,,,0.05366768180360762,-0.054980566295684354,,0.10864824809929197,0.37128525718850286,0.1384914828528087,0.0,0.23279377433569415,0.37128525718850286,0.0
14,1.5532953630760504,1.5556950500457907,1.7966571854818605,-0.0023996869697402445,-0.24336182240581006,1.23980960798249,1.3636695567640231,1.610383064516129,-0.12385994878153306,-0.37057345653363893,0.78125,0.75,0.75,0.03125,0.03125,0.8833333333333333,0.8666666666666667,0.8666666666666667,0.016666666666666607,0.016666666666666607,0.6157804459691252,0.5897435897435898,0.5897435897435898,0.02603685622553542,0.02603685622553542,0.4127594582445936,0.38297084310253526,0.38297084310253526,0.029788615142058328,0.029788615142058328,0.9500000000000001,0.9166666666666667,0.9333333333333333,0.033333333333333326,0.01666666666666672,0.342233476860633,0.04542680152898638,,0.2968066753316466,0.8159834433169757,0.20066580986592394,0.0,0.6153176334510517,0.8159834433169757,0.0
11,1.7907789586846892,2.120586136259715,2.026535642212376,-0.32980717757502576,-0.23575668352768697,1.3578986925072751,1.7096971147224076,1.671875,-0.35179842221513247,-0.31397630749272487,0.5625,0.59375,0.59375,-0.03125,-0.03125,0.5708502024291497,0.5607287449392713,0.5607287449392713,0.010121457489878471,0.010121457489878471,0.5607843137254902,0.5588547189819725,0.5588547189819725,0.0019295947435177263,0.0019295947435177263,0.13945994111797608,0.1286949299057178,0.1286949299057178,0.010765011212258285,0.010765011212258285,0.5708502024291499,0.5910931174089069,0.5870445344129556,-0.020242914979757054,-0.01619433198380571,0.35009866415422836,0.06034421796408764,,0.28975444619014074,0.8239002050739741,0.22721336605724238,0.0,0.5966868390167317,0.8239002050739741,0.0
17,1.3909673869484818,2.1189025925116183,1.443007647866153,-0.7279352055631365,-0.05204026091767133,1.1273875598173884,1.78065285102258,1.1703629032258065,-0.6532652912051917,-0.04297534340841813,0.90625,0.75,0.90625,0.15625,0.0,0.94,0.8400000000000001,0.94,0.09999999999999987,0.0,0.8798498122653317,0.722943722943723,0.8798498122653317,0.15690608932160865,0.0,0.7848566748139434,0.5633234713140696,0.7848566748139434,0.22153320349987382,0.0,0.9885714285714287,0.9771428571428572,0.9828571428571429,0.011428571428571455,0.005714285714285783,0.253031574805305,0.19298312983278185,,0.06004844497252318,0.4844757244529417,0.5992040409393705,0.0,-0.11472831648642884,0.4844757244529417,0.0
8,1.740985124636254,1.7915225264836387,1.9187893074403857,-0.050537401847384755,-0.17780418280413168,1.5213265562217364,1.5729662122081574,1.7182459677419355,-0.05163965598642095,-0.1969194115201991,0.8125,0.8125,0.8125,0.0,0.0,0.7916666666666667,0.7916666666666667,0.7916666666666667,0.0,0.0,0.7681159420289855,0.7681159420289855,0.7681159420289855,0.0,0.0,0.5449492609130661,0.5449492609130661,0.5449492609130661,0.0,0.0,0.9166666666666667,0.90625,0.90625,0.01041666666666674,0.01041666666666674,0.33289803212068997,0.18291503789377542,,0.14998299422691455,0.18676981482777485,0.1502316732815107,0.0,0.03653814154626414,0.18676981482777485,0.0
7,1.4837481967440393,1.8531043693078315,1.6252851346734933,-0.36935617256379216,-0.141536937929454,1.1756451051536903,1.5730026788659055,1.3487903225806452,-0.39735757371221525,-0.173145217426955,0.6875,0.625,0.6875,0.0625,0.0,0.6875,0.625,0.6875,0.0625,0.0,0.4074074074074074,0.38461538461538464,0.4074074074074074,0.022792022792022748,0.0,0.0,0.0,0.0,0.0,0.0,,,,,,0.08298682627355125,0.1470691054099421,,-0.06408227913639086,0.2091590109605234,0.2900083452996128,0.0,-0.08084933433908939,0.2091590109605234,0.0
5,1.611708964266102,1.8938427579561918,1.7548362080449438,-0.28213379369008984,-0.14312724377884178,1.3036843618286262,1.5174295222801983,1.4047379032258065,-0.2137451604515721,-0.10105354139718026,0.78125,0.75,0.75,0.03125,0.03125,0.7976190476190477,0.7777777777777778,0.7777777777777778,0.019841269841269882,0.019841269841269882,0.7810361681329423,0.746031746031746,0.746031746031746,0.03500442210119625,0.03500442210119625,0.6012325878048522,0.5945883900105632,0.5945883900105632,0.006644197794289042,0.006644197794289042,0.9007936507936508,0.8690476190476191,0.8650793650793651,0.031746031746031744,0.0357142857142857,0.11843923295157104,0.006781162305216313,,0.11165807064635472,0.5031739350601053,0.17601683966709192,0.0,0.3271570953930134,0.5031739350601053,0.0
9,1.9993583955913357,2.179154763332932,2.170411362822948,-0.17979636774159635,-0.17105296723161256,1.573139379767873,1.7691064696146166,1.6965725806451613,-0.1959670898467436,-0.12343320087728826,0.6875,0.6875,0.65625,0.0,0.03125,0.6980392156862745,0.6980392156862745,0.6686274509803922,0.0,0.02941176470588225,0.6825396825396826,0.6825396825396826,0.6476476476476476,0.0,0.03489203489203496,0.4161455870818984,0.4161455870818984,0.36309228459184417,0.0,0.053053302490054244,0.7764705882352941,0.7803921568627451,0.7686274509803921,-0.0039215686274509665,0.007843137254902044,0.12617617889924052,-0.060008784697948556,,0.18618496359718906,0.11722164517516528,0.7150762848217298,0.0,-0.5978546396465645,0.11722164517516528,0.0
12,1.3155074830995257,1.4469887840194147,1.3301654805004859,-0.13148130091988897,-0.014657997400960188,1.0733851541547463,1.1973394422910384,1.0922379032258065,-0.12395428813629206,-0.01885274907106016,0.84375,0.84375,0.84375,0.0,0.0,0.8236714975845411,0.8236714975845411,0.8236714975845411,0.0,0.0,0.8128654970760234,0.8128654970760234,0.8128654970760234,0.0,0.0,0.6279257387790121,0.6279257387790121,0.6279257387790121,0.0,0.0,0.927536231884058,0.9275362318840579,0.9347826086956522,1.1102230246251565e-16,-0.007246376811594235,0.09810806379188511,-0.011416962969232473,,0.10952502676111758,0.16196176974582233,0.1326607951448318,0.0,0.029300974600990515,0.16196176974582233,0.0
3,1.5997173909733127,1.612569274731476,1.8533457350509737,-0.012851883758163263,-0.253628344077661,1.3338498223533874,1.4121148826032686,1.645665322580645,-0.07826506024988111,-0.31181550022725757,0.75,0.71875,0.71875,0.03125,0.03125,0.8709677419354839,0.8548387096774194,0.8548387096774194,0.016129032258064502,0.016129032258064502,0.5259259259259259,0.5060034305317325,0.5060034305317325,0.01992249539419344,0.01992249539419344,0.28711892307136966,0.26639771383306554,0.26639771383306554,0.020721209238304117,0.020721209238304117,0.967741935483871,0.967741935483871,0.967741935483871,0.0,0.0,-0.12449243746521367,-0.021981146001508536,,-0.10251129146370513,0.48724659723451913,0.04732324640691918,0.0,0.4399233508275999,0.48724659723451913,0.0
2,2.5765813016556005,3.1332119461665555,2.7325131631493744,-0.556630644510955,-0.15593186149377392,2.1181599383009315,2.739687910515928,2.326108870967742,-0.6215279722149964,-0.20794893266681047,0.75,0.625,0.625,0.125,0.125,0.8181818181818181,0.7272727272727273,0.7272727272727273,0.09090909090909083,0.09090909090909083,0.746031746031746,0.625,0.625,0.12103174603174605,0.12103174603174605,0.5945883900105632,0.45454545454545453,0.45454545454545453,0.14004293546510865,0.14004293546510865,0.7818181818181819,0.8681818181818182,0.8681818181818182,-0.08636363636363631,-0.08636363636363631,0.1441251484506853,0.31770197931389715,,-0.17357683086321185,1.2249258080333723,0.17661716244773762,0.0,1.0483086455856347,1.2249258080333723,0.0
1,1.8256013921027312,1.8611566954997714,1.8757326005488377,-0.03555530339704016,-0.05013120844610652,1.517043101012773,1.526553386022293,1.5544354838709677,-0.009510285009520114,-0.037392382858194795,0.75,0.75,0.75,0.0,0.0,0.7166666666666667,0.7166666666666667,0.7166666666666667,0.0,0.0,0.722943722943723,0.722943722943723,0.722943722943723,0.0,0.0,0.4526019054848144,0.4526019054848144,0.4526019054848144,0.0,0.0,0.8041666666666667,0.775,0.7583333333333333,0.029166666666666674,0.04583333333333339,0.22548990392320759,0.1756097614684855,,0.04988014245472208,0.3767420387397595,0.13404789795576558,0.0,0.2426941407839939,0.3767420387397595,0.0
32,1.2537164386594128,1.3451789069057467,1.2891028761453294,-0.09146246824633386,-0.03538643748591652,1.0319355316335235,1.1675863110082636,1.0398185483870968,-0.13565077937474013,-0.00788301675357328,0.875,0.875,0.875,0.0,0.0,0.8545454545454545,0.8545454545454545,0.8545454545454545,0.0,0.0,0.8545454545454545,0.8545454545454545,0.8545454545454545,0.0,0.0,0.7090909090909091,0.7090909090909091,0.7090909090909091,0.0,0.0,0.9590909090909091,0.9545454545454545,0.9659090909090908,0.00454545454545463,-0.006818181818181723,0.2276864788093252,-0.012868531002258241,,0.24055500981158343,0.2727432804741773,0.38631295482231237,0.0,-0.11356967434813509,0.2727432804741773,0.0
31,2.259916976226791,2.681933408197751,2.3482477221801465,-0.42201643197096006,-0.08833074595335555,1.9218025505643488,2.1921265174053977,2.011592741935484,-0.27032396684104887,-0.0897901913711352,0.875,0.8125,0.84375,0.0625,0.03125,0.8666666666666667,0.8,0.8333333333333333,0.06666666666666665,0.03333333333333344,0.8704453441295547,0.8,0.8358974358974359,0.07044534412955461,0.03454790823211873,0.7704873741021288,0.6659416347320276,0.7177405625652734,0.10454573937010114,0.05274681153685534,0.9176470588235295,0.8784313725490197,0.9372549019607842,0.039215686274509776,-0.01960784313725472,0.23353837411835007,-0.06326050331899653,,0.2967988774373466,0.2510628413672381,0.4488414913744401,0.0,-0.19777865000720202,0.2510628413672381,0.0
30,0.9309807019071883,0.9809773032294409,0.956852374832003,-0.04999660132225259,-0.025871672924814737,0.7653995297493665,0.7463412721311724,0.755040322580645,0.01905825761819413,0.010359207168721518,0.9375,0.9375,0.9375,0.0,0.0,0.9272727272727272,0.9272727272727272,0.9272727272727272,0.0,0.0,0.9272727272727272,0.9272727272727272,0.9272727272727272,0.0,0.0,0.8545454545454545,0.8545454545454545,0.8545454545454545,0.0,0.0,0.9681818181818181,0.9636363636363636,0.959090909090909,0.004545454545454519,0.00909090909090915,0.2317557646408906,0.16126994861341887,,0.07048581602747173,0.22240047411383787,0.06094910898732051,0.0,0.16145136512651737,0.22240047411383787,0.0
29,1.410305253150803,1.4314515753896355,1.4303522584477637,-0.021146322238832616,-0.020047005296960796,1.0802356852156814,1.1083441413415929,1.0892137096774195,-0.028108456125911507,-0.008978024461738121,0.875,0.875,0.875,0.0,0.0,0.8545454545454545,0.8545454545454545,0.8545454545454545,0.0,0.0,0.8545454545454545,0.8545454545454545,0.8545454545454545,0.0,0.0,0.7090909090909091,0.7090909090909091,0.7090909090909091,0.0,0.0,0.9272727272727272,0.9227272727272727,0.9181818181818182,0.004545454545454519,0.009090909090909038,-0.20579314981529215,-0.07844129733529599,,-0.12735185247999614,0.13929001891532639,0.10779070168603859,0.0,0.031499317229287796,0.13929001891532639,0.0
28,1.3234512130533145,1.6150111321200555,1.736794234893714,-0.29155991906674106,-0.4133430218403995,1.0430601248438667,1.2630669587529038,1.3870967741935485,-0.22000683390903708,-0.3440366493496818,0.96875,0.90625,0.9375,0.0625,0.03125,0.9791666666666667,0.9375,0.9583333333333333,0.04166666666666674,0.02083333333333348,0.9599499374217773,0.887719298245614,0.9227053140096618,0.07223063917616324,0.03724462341211543,0.9229582069908973,0.7977240352174656,0.8563488385776753,0.12523417177343166,0.06660936841322196,1.0,0.9947916666666667,0.9947916666666667,0.005208333333333259,0.005208333333333259,0.2092221522406406,0.08556017999877867,,0.12366197224186194,0.35932900554638547,0.40795888395012486,0.0,-0.04862987840373939,0.35932900554638547,0.0
27,1.2006198901465575,1.6316752026384183,1.535350762562059,-0.4310553124918608,-0.3347308724155016,0.9383643204232751,1.2732199411070637,1.2263104838709675,-0.3348556206837886,-0.2879461634476924,0.8125,0.78125,0.78125,0.03125,0.03125,0.8056680161943319,0.7550607287449393,0.7550607287449393,0.05060728744939258,0.05060728744939258,0.8056680161943319,0.7624602332979851,0.7624602332979851,0.04320778289634686,0.04320778289634686,0.611336032388664,0.5405187056040147,0.5405187056040147,0.07081732678464925,0.07081732678464925,0.8744939271255061,0.8502024291497976,0.8603238866396762,0.02429149797570851,0.014170040485829927,0.5331131728410359,0.14967199287606897,,0.3834411799649669,0.9728758336215569,0.44060560609986454,0.0,0.5322702275216924,0.9728758336215569,0.0
23,1.4383320695241033,1.6406319989063163,1.4444266565960073,-0.20229992938221297,-0.006094587071904023,1.2262249753435461,1.3999023729377644,1.2278225806451613,-0.1736773975942183,-0.0015976053016151237,0.90625,0.90625,0.90625,0.0,0.0,0.8846153846153846,0.8846153846153846,0.8846153846153846,0.0,0.0,0.8981972428419936,0.8981972428419936,0.8981972428419936,0.0,0.0,0.8150678894028793,0.8150678894028793,0.8150678894028793,0.0,0.0,0.9271255060728746,0.9352226720647774,0.9352226720647774,-0.0080971659919028,-0.0080971659919028,-0.12068766078263644,-0.2578507415792575,,0.1371630807966211,0.09884681643355046,0.04335192208634313,0.0,0.055494894347207335,0.09884681643355046,0.0
24,1.4557811133896201,1.4682046326482692,1.48257196823593,-0.01242351925864904,-0.02679085484630983,1.242696362115141,1.2967237732785932,1.310483870967742,-0.05402741116345222,-0.06778750885260099,0.90625,0.9375,0.90625,-0.03125,0.0,0.8852813852813852,0.9307359307359306,0.8852813852813852,-0.045454545454545414,0.0,0.893687707641196,0.9307359307359306,0.893687707641196,-0.037048223094734656,0.0,0.7895918772038132,0.8614718614718615,0.7895918772038132,-0.07187998426804831,0.0,0.9783549783549783,0.987012987012987,0.987012987012987,-0.008658008658008698,-0.008658008658008698,0.23073459803286098,0.2830693685593466,,-0.052334770526485636,0.2113366249720221,0.1229079095959881,0.0,0.088428715376034,0.2113366249720221,0.0
18,2.0851556429129623,2.2427139350775325,2.2144458644257767,-0.15755829216457018,-0.12929022151281444,1.7672291376074742,1.8889385118327287,1.862399193548387,-0.12170937422525441,-0.09517005594091277,0.8125,0.8125,0.8125,0.0,0.0,0.8125,0.8125,0.8125,0.0,0.0,0.8095238095238095,0.8056680161943319,0.8056680161943319,0.003855793329477608,0.003855793329477608,0.6454972243679028,0.674199862463242,0.674199862463242,-0.02870263809533924,-0.02870263809533924,0.8203125,0.8203125,0.81640625,0.0,0.00390625,0.24264461189299913,0.020936482228323065,,0.22170812966467607,0.6633145753955632,0.12163449792663239,0.0,0.5416800774689308,0.6633145753955632,0.0
19,1.694347134944853,1.9465656578330282,1.8649160854374134,-0.25221852288817526,-0.1705689504925605,1.3498700763260891,1.552643211478539,1.478326612903226,-0.20277313515244977,-0.12845653657713685,0.6875,0.6875,0.6875,0.0,0.0,0.7142857142857143,0.7142857142857143,0.7142857142857143,0.0,0.0,0.6825396825396826,0.6825396825396826,0.6825396825396826,0.0,0.0,0.458682472293863,0.458682472293863,0.458682472293863,0.0,0.0,0.8849206349206349,0.8888888888888888,0.8908730158730158,-0.003968253968253954,-0.005952380952380931,0.18279894062365382,0.3221795960830828,,-0.13938065545942896,0.2211169536843986,0.0820105480824473,0.0,0.1391064056019513,0.2211169536843986,0.0
21,1.5903063625048233,1.708501977060225,1.6322030782527182,-0.11819561455540173,-0.041896715747894886,1.2875824411819057,1.3902061416417033,1.277217741935484,-0.10262370045979763,0.010364699246421694,0.96875,0.96875,0.96875,0.0,0.0,0.9782608695652174,0.9782608695652174,0.9782608695652174,0.0,0.0,0.9625730994152046,0.9625730994152046,0.9625730994152046,0.0,0.0,0.9278305692406299,0.9278305692406299,0.9278305692406299,0.0,0.0,0.9903381642512078,0.9806763285024155,0.9903381642512078,0.009661835748792313,0.0,0.2272307344654883,-0.014697373823059036,,0.24192810828854733,0.3146773313654777,0.43356778903427445,0.0,-0.11889045766879675,0.3146773313654777,0.0
20,1.2727219043871152,1.6713952389362499,1.6061071539303806,-0.3986733345491347,-0.3333852495432654,1.0398070913240378,1.2896326732951358,1.2222782258064515,-0.24982558197109794,-0.1824711344824137,0.75,0.75,0.75,0.0,0.0,0.7619047619047619,0.7777777777777778,0.7777777777777778,-0.015873015873015928,-0.015873015873015928,0.75,0.746031746031746,0.746031746031746,0.003968253968253954,0.003968253968253954,0.5238095238095238,0.5945883900105632,0.5945883900105632,-0.07077886620103935,-0.07077886620103935,0.880952380952381,0.873015873015873,0.8809523809523809,0.00793650793650802,1.1102230246251565e-16,0.13398329681705012,-0.1036080210646184,,0.23759131788166854,0.477224390303468,0.10004026385302162,0.0,0.3771841264504464,0.477224390303468,0.0
40,2.874371235338497,3.058590524473479,2.919191928710636,-0.18421928913498187,-0.0448206933721389,2.4662555678719125,2.5946356646186866,2.4994959677419355,-0.12838009674677409,-0.03324039987002303,0.65625,0.65625,0.65625,0.0,0.0,0.6686274509803922,0.6686274509803922,0.6686274509803922,0.0,0.0,0.6476476476476476,0.6476476476476476,0.6476476476476476,0.0,0.0,0.36309228459184417,0.36309228459184417,0.36309228459184417,0.0,0.0,0.7254901960784313,0.7294117647058823,0.7431372549019608,-0.0039215686274509665,-0.01764705882352946,-0.09091429747129724,-0.1311743005697997,,0.04026000309850246,0.20791287919276383,0.18124322579171614,0.0,0.026669653401047683,0.20791287919276383,0.0
39,1.96145911890794,2.0079003000226785,2.042019248651355,-0.046441181114738495,-0.08056012974341487,1.6432751821600755,1.7400433460013387,1.719758064516129,-0.09676816384126319,-0.0764828823560535,0.90625,0.90625,0.90625,0.0,0.0,0.9009661835748792,0.9009661835748792,0.9009661835748792,0.0,0.0,0.887719298245614,0.887719298245614,0.887719298245614,0.0,0.0,0.777878154009821,0.777878154009821,0.777878154009821,0.0,0.0,0.932367149758454,0.9227053140096618,0.932367149758454,0.009661835748792202,0.0,0.4444702808579304,0.08207074492787707,,0.3623995359300533,0.09234260891446942,0.34201036033686,0.0,-0.24966775142239056,0.09234260891446942,0.0
34,1.349068122103771,1.418120348159529,1.370932162726182,-0.069052226055758,-0.021864040622410874,1.1600709304525516,1.22940120815512,1.1975806451612905,-0.06933027770256839,-0.03750971470873887,0.84375,0.84375,0.84375,0.0,0.0,0.8236714975845411,0.8236714975845411,0.8236714975845411,0.0,0.0,0.8128654970760234,0.8128654970760234,0.8128654970760234,0.0,0.0,0.6279257387790121,0.6279257387790121,0.6279257387790121,0.0,0.0,0.9178743961352657,0.9130434782608696,0.9130434782608695,0.004830917874396046,0.004830917874396157,-0.3226952598359122,-0.010574016601580588,,-0.3121212432343316,0.1099519832609538,0.19578247246216898,0.0,-0.08583048920121518,0.1099519832609538,0.0
36,1.5187716086350695,1.7085582613298138,1.6137422213029617,-0.18978665269474426,-0.0949706126678922,1.3507095405905156,1.4350887133551247,1.3986895161290325,-0.08437917276460905,-0.04797997553851685,0.84375,0.84375,0.84375,0.0,0.0,0.8319838056680162,0.819838056680162,0.819838056680162,0.012145748987854255,0.012145748987854255,0.8358974358974359,0.8303287380699894,0.8303287380699894,0.0055686978274465115,0.0055686978274465115,0.6735808793898638,0.6777932975034471,0.6777932975034471,-0.004212418113583305,-0.004212418113583305,0.9352226720647774,0.9149797570850202,0.9190283400809717,0.020242914979757165,0.01619433198380571,0.1656893580265285,0.06486290552064762,,0.10082645250588089,0.5309248790761525,0.18065655165277103,0.0,0.35026832742338143,0.5309248790761525,0.0
46,1.9048295889638773,1.9689339496901408,1.9311611674675555,-0.06410436072626347,-0.026331578503678177,1.4636512522614589,1.513527943476411,1.4858870967741935,-0.049876691214952196,-0.022235844512734637,0.6875,0.625,0.625,0.0625,0.0625,0.6666666666666667,0.5833333333333334,0.5833333333333334,0.08333333333333337,0.08333333333333337,0.6666666666666667,0.5844155844155844,0.5844155844155844,0.08225108225108235,0.08225108225108235,0.3333333333333333,0.17407765595569785,0.17407765595569785,0.15925567737763546,0.15925567737763546,0.675,0.7041666666666667,0.7041666666666667,-0.029166666666666674,-0.029166666666666674,0.24158031158080753,-0.21141092831124877,,0.4529912398920563,0.6859650745833645,0.07771324419247236,0.0,0.6082518303908921,0.6859650745833645,0.0
41,2.1341148492782613,2.4932913617112757,2.4690247430071826,-0.3591765124330144,-0.3349098937289212,1.6190684160130644,2.013011646907574,2.0055443548387095,-0.39394323089450944,-0.3864759388256451,0.71875,0.6875,0.6875,0.03125,0.03125,0.71875,0.6875,0.6875,0.03125,0.03125,0.41818181818181815,0.4074074074074074,0.4074074074074074,0.01077441077441077,0.01077441077441077,0.0,0.0,0.0,0.0,0.0,,,,,,0.14340848243584606,0.09310907368661368,,0.050299408749232374,0.9254791143655724,0.33910727170029914,0.0,0.5863718426652733,0.9254791143655724,0.0
43,1.7885078823583012,1.9119929292285744,1.8068903377094594,-0.12348504687027329,-0.018382455351158233,1.5858100236604347,1.586018635592131,1.5972782258064515,-0.0002086119316964119,-0.011468202146016848,0.9375,0.9375,0.9375,0.0,0.0,0.9272727272727272,0.9272727272727272,0.9272727272727272,0.0,0.0,0.9272727272727272,0.9272727272727272,0.9272727272727272,0.0,0.0,0.8545454545454545,0.8545454545454545,0.8545454545454545,0.0,0.0,0.9863636363636363,0.9681818181818183,0.9909090909090909,0.018181818181818077,-0.004545454545454519,0.15091062104220404,-0.06527725891957753,,0.21618787996178157,0.20493293188306705,0.30656623097823527,0.0,-0.10163329909516822,0.20493293188306705,0.0
44,2.2237619407036124,2.4368811914891952,2.461961855606203,-0.2131192507855828,-0.2381999149025904,1.7408716865566087,1.9630102640715494,1.9823588709677418,-0.2221385775149407,-0.24148718441113304,0.90625,0.875,0.875,0.03125,0.03125,0.85,0.8545454545454545,0.8545454545454545,-0.004545454545454519,-0.004545454545454519,0.8798498122653317,0.8545454545454545,0.8545454545454545,0.025304357719877157,0.025304357719877157,0.7848566748139434,0.7090909090909091,0.7090909090909091,0.07576576572303428,0.07576576572303428,0.9636363636363636,0.8772727272727272,0.8681818181818182,0.08636363636363642,0.09545454545454546,0.4550522543878063,0.2230843308239681,,0.23196792356383816,0.828175366268962,0.12446448983913251,0.0,0.7037108764298295,0.828175366268962,0.0
37,1.4743263725438047,1.5729953848607852,1.579093729239403,-0.09866901231698044,-0.10476735669559822,1.2618010636583947,1.2714281715849622,1.2988911290322582,-0.009627107926567513,-0.0370900653738635,0.75,0.78125,0.75,-0.03125,0.0,0.7363636363636363,0.759090909090909,0.7090909090909091,-0.022727272727272707,0.027272727272727226,0.722943722943723,0.751937984496124,0.7090909090909091,-0.028994261552401035,0.013852813852813894,0.4526019054848144,0.5056936741642399,0.41818181818181815,-0.053091768679425555,0.03442008730299623,0.8499999999999999,0.8363636363636364,0.8318181818181819,0.013636363636363447,0.018181818181817966,0.24293198433816834,0.271294049119685,,-0.028362064781516677,0.49777227497979765,0.1345756584456097,0.0,0.36319661653418794,0.49777227497979765,0.0
38,1.3574465671107203,1.5401822662597522,1.3992196939083654,-0.18273569914903187,-0.04177312679764511,1.1200109293388296,1.2959728534584973,1.113407258064516,-0.1759619241196677,0.006603671274313605,0.90625,0.875,0.875,0.03125,0.03125,0.8916666666666666,0.8666666666666667,0.85,0.02499999999999991,0.04166666666666663,0.8981972428419936,0.8666666666666667,0.8614718614718615,0.03153057617532695,0.03672538137013215,0.7984472665856134,0.7333333333333333,0.731126155013931,0.0651139332522801,0.06732111157168241,0.9624999999999999,0.9375,0.9541666666666666,0.02499999999999991,0.008333333333333304,0.20367206721750528,0.03571712472003603,,0.16795494249746926,0.3308838861238431,0.7077911240900931,0.0,-0.37690723796625003,0.3308838861238431,0.0
52,1.9863534770855589,1.9981959845096742,2.018432152260223,-0.0118425074241153,-0.032078675174664006,1.6575106917218339,1.684366844799208,1.702116935483871,-0.0268561530773741,-0.044606243762037145,0.6875,0.6875,0.6875,0.0,0.0,0.6666666666666667,0.6666666666666667,0.6666666666666667,0.0,0.0,0.6666666666666667,0.6666666666666667,0.6666666666666667,0.0,0.0,0.3567530340063379,0.3567530340063379,0.3567530340063379,0.0,0.0,0.7698412698412699,0.75,0.7539682539682541,0.019841269841269882,0.015873015873015817,0.07438841237789914,-0.0669849356545405,,0.14137334803243964,0.21388444609000282,0.07640362695977888,0.0,0.13748081913022392,0.21388444609000282,0.0
49,1.9729951562443337,2.354524964875116,2.3836409706151227,-0.3815298086307821,-0.41064581437078895,1.7008410777653702,2.0269083035521067,2.065524193548387,-0.3260672257867365,-0.3646831157830168,0.75,0.71875,0.71875,0.03125,0.03125,0.8709677419354839,0.8548387096774194,0.8548387096774194,0.016129032258064502,0.016129032258064502,0.5259259259259259,0.5060034305317325,0.5060034305317325,0.01992249539419344,0.01992249539419344,0.28711892307136966,0.26639771383306554,0.26639771383306554,0.020721209238304117,0.020721209238304117,0.7741935483870968,0.8064516129032258,0.8064516129032258,-0.032258064516129004,-0.032258064516129004,-0.04899804646530763,-0.16704788915671162,,0.11804984269140399,0.5860261148815072,0.10166854616176738,0.0,0.4843575687197399,0.5860261148815072,0.0
54,1.6984711989049583,1.7809010083903267,1.699382711426694,-0.08242980948536838,-0.0009115125217356024,1.4711435754470705,1.4990905848552138,1.4773185483870968,-0.02794700940814332,-0.006174972940026224,0.71875,0.71875,0.71875,0.0,0.0,0.6774891774891775,0.6774891774891775,0.6774891774891775,0.0,0.0,0.681063122923588,0.681063122923588,0.681063122923588,0.0,0.0,0.36374457264445326,0.36374457264445326,0.36374457264445326,0.0,0.0,0.7965367965367967,0.7965367965367964,0.7943722943722944,2.220446049250313e-16,0.0021645021645022577,0.03316224334306106,0.0038586748064658874,,0.029303568536595173,0.11947970984478883,0.15407390967199164,0.0,-0.03459419982720281,0.11947970984478883,0.0
55,2.070292582303643,2.422953327283694,2.4616497908979853,-0.3526607449800512,-0.3913572085943424,1.8184694531931034,2.2168898493877602,2.25,-0.39842039619465686,-0.4315305468068966,0.6875,0.6875,0.6875,0.0,0.0,0.6875,0.6875,0.6875,0.0,0.0,0.4074074074074074,0.4074074074074074,0.4074074074074074,0.0,0.0,0.0,0.0,0.0,0.0,0.0,,,,,,0.09620633762567991,0.24237335657703316,,-0.14616701895135326,0.36535052043676947,0.10988459063572316,0.0,0.2554659298010463,0.36535052043676947,0.0
50,1.349777370036461,1.3809071201409593,1.3913277090479512,-0.031129750104498255,-0.04155033901149019,1.195834068446571,1.1943104991930196,1.2056451612903225,0.001523569253551349,-0.00981109284375159,0.9375,0.9375,0.9375,0.0,0.0,0.9166666666666667,0.9166666666666667,0.9166666666666667,0.0,0.0,0.9307359307359306,0.9307359307359306,0.9307359307359306,0.0,0.0,0.8703882797784892,0.8703882797784892,0.8703882797784892,0.0,0.0,0.9916666666666666,0.9916666666666666,0.9916666666666666,0.0,0.0,0.32862808274033445,0.30162911746992993,,0.026998965270404518,0.1490998983955924,0.04108214550350295,0.0,0.10801775289208945,0.1490998983955924,0.0
58,1.4686694428974247,1.6118790856223517,1.5841130079171237,-0.14320964272492698,-0.11544356501969899,1.165975588765117,1.329845631561792,1.3074596774193548,-0.16387004279667483,-0.14148408865423767,0.9375,0.9375,0.9375,0.0,0.0,0.9583333333333333,0.9583333333333333,0.9583333333333333,0.0,0.0,0.9227053140096618,0.9227053140096618,0.9227053140096618,0.0,0.0,0.8563488385776753,0.8563488385776753,0.8563488385776753,0.0,0.0,0.9791666666666666,0.9947916666666667,0.9947916666666667,-0.01562500000000011,-0.01562500000000011,0.016891497154903366,-0.041819330964604634,,0.058710828119508,0.3431767937076851,0.054852678620950404,0.0,0.2883241150867347,0.3431767937076851,0.0
61,1.7617052171009362,1.811359016225626,1.8649160854374134,-0.0496537991246897,-0.10321086833647719,1.509421703869677,1.5755784503790857,1.611391129032258,-0.06615674650940884,-0.10196942516258112,0.9375,0.9375,0.9375,0.0,0.0,0.9583333333333333,0.9583333333333333,0.9583333333333333,0.0,0.0,0.9227053140096618,0.9227053140096618,0.9227053140096618,0.0,0.0,0.8563488385776753,0.8563488385776753,0.8563488385776753,0.0,0.0,1.0,1.0,1.0,0.0,0.0,-0.013422871816585693,0.08543825623805726,,-0.09886112805464295,0.10154875213878432,0.20207273612523147,0.0,-0.10052398398644714,0.10154875213878432,0.0
59,1.9986292429125918,2.2672399585154603,2.058506247467732,-0.26861071560286853,-0.05987700455514022,1.531411144408217,1.7646504617671241,1.5524193548387097,-0.23323931735890713,-0.021008210430492724,0.75,0.71875,0.71875,0.03125,0.03125,0.7894736842105263,0.763157894736842,0.763157894736842,0.026315789473684292,0.026315789473684292,0.7490196078431373,0.716256157635468,0.716256157635468,0.03276345020766924,0.03276345020766924,0.5986618327360926,0.5576780295914437,0.5576780295914437,0.04098380314464889,0.04098380314464889,0.8663967611336032,0.8906882591093117,0.8805668016194331,-0.02429149797570851,-0.014170040485829927,-0.27987405858335607,0.05548255137645972,,-0.3353566099598158,0.18410525197198194,0.4824572923887576,0.0,-0.29835204041677565,0.18410525197198194,0.0
62,2.0280977336024684,2.1593547865315337,2.092926447829683,-0.1312570529290653,-0.06482871422721459,1.6513835636794292,1.7857707375357812,1.742439516129032,-0.13438717385635202,-0.09105595244960285,0.96875,0.96875,0.96875,0.0,0.0,0.9545454545454546,0.9545454545454546,0.9545454545454546,0.0,0.0,0.964562569213732,0.964562569213732,0.964562569213732,0.0,0.0,0.9315409787235999,0.9315409787235999,0.9315409787235999,0.0,0.0,0.922077922077922,0.9090909090909091,0.9155844155844155,0.012987012987012991,0.006493506493506551,0.2505310974810968,0.09638084275342902,,0.1541502547276678,0.5008820612603667,0.2607027756564867,0.0,0.24017928560388002,0.5008820612603667,0.0
65,1.8953930050975323,1.9312417013465712,2.0286826907965585,-0.03584869624903897,-0.13328968569902622,1.781866070702557,1.815137359447876,1.908266129032258,-0.03327128874531882,-0.12640005832970092,0.9375,0.9375,0.9375,0.0,0.0,0.9583333333333333,0.9583333333333333,0.9583333333333333,0.0,0.0,0.9227053140096618,0.9227053140096618,0.9227053140096618,0.0,0.0,0.8563488385776753,0.8563488385776753,0.8563488385776753,0.0,0.0,1.0,1.0,1.0,0.0,0.0,0.11861094686383528,-0.10887628387264041,,0.2274872307364757,0.142603793046586,0.2123270332119599,0.0,-0.0697232401653739,0.142603793046586,0.0
