target,subset,model,n,mae,rmse,pearson,spearman,ccc,balanced_accuracy,macro_f1,auroc,dev_rmse,dev_mae,dev_pearson,dev_spearman,dev_sign_acc,pred_dev_std,lift_vs_stimulus_mae,lift_vs_stimulus_rmse,lift_vs_stimulus_pearson,lift_vs_stimulus_spearman,lift_vs_stimulus_ccc,lift_vs_stimulus_balanced_accuracy,lift_vs_stimulus_macro_f1,lift_vs_stimulus_auroc,lift_vs_stimulus_dev_mae,lift_vs_stimulus_dev_rmse,lift_vs_stimulus_dev_pearson,lift_vs_stimulus_dev_spearman,lift_vs_stimulus_dev_sign_acc,lift_vs_stimulus_pred_dev_std
arousal,top25_train_entropy,stimulus_only,504,1.7458397337429596,2.076382289254385,0.3926516352461903,0.26743437365520734,0.24723293986461373,0.6474393082806784,0.6510972657645144,0.623212504156967,2.076382289254385,1.7458397337429594,,,0.0,0.0,0.0,0.0,0.0,0.0,0.0,0.0,0.0,0.0,0.0,0.0,,,0.0,0.0
arousal,top25_train_entropy,emg_expanded_ridge_direct,504,2.360979083460397,2.7543567161571834,0.07735985364637961,0.06977467528084372,0.03505953048183945,0.5371799135350848,0.435340637614301,0.537246425008314,2.7543567161571834,2.360979083460397,0.021364241524817574,0.015405938371568931,0.43253968253968256,1.1060142643768491,-0.6151393497174376,-0.6779744269027983,-0.3152917815998107,-0.19765969837436362,-0.2121734093827743,-0.11025939474559365,-0.21575662815021346,-0.08596607914865306,-0.6151393497174378,-0.6779744269027983,,,0.43253968253968256,1.1060142643768491
arousal,top25_train_entropy,emg_expanded_ridge_residual,504,1.8169861216760368,2.1676762895048136,0.3159971146415624,0.29196922711283146,0.2430163488954576,0.6107249750581976,0.6098124098124098,0.6453441968739607,2.1676762895048136,1.8169861216760368,0.014082322626646888,0.013214123652858366,0.5059523809523809,0.6530978837878284,-0.07114638793307715,-0.09129400025042855,-0.07665452060462791,0.02453485345762413,-0.0042165909691561365,-0.036714333222480855,-0.04128485595210463,0.022131692716993667,-0.07114638793307737,-0.09129400025042855,,,0.5059523809523809,0.6530978837878284
arousal,top25_train_entropy,emg_expanded_extratrees_direct,504,2.352290024658292,2.718654035010481,-0.04247171119009398,-0.05448392541674704,-0.010031586783387865,0.514216827402727,0.338035705599066,0.4776854007316262,2.718654035010481,2.352290024658292,-0.06129760566131454,-0.05897879122306421,0.4365079365079365,0.8793473675690531,-0.6064502909153322,-0.642271745756096,-0.43512334643628425,-0.32191829907195435,-0.2572645266480016,-0.1332224808779514,-0.31306156016544845,-0.14552710342534086,-0.6064502909153324,-0.642271745756096,,,0.4365079365079365,0.8793473675690531
arousal,top25_train_entropy,emg_expanded_extratrees_residual,504,1.773115954548506,2.1118036914750253,0.35294554965800096,0.3034384961448963,0.23678406769321184,0.6339208513468574,0.6361273554256011,0.6428001330229465,2.1118036914750253,1.773115954548506,-0.05953976275782606,-0.061116745744336946,0.4781746031746032,0.2811086008927286,-0.02727622080554637,-0.035421402220640275,-0.03970608558818933,0.03600412248968898,-0.01044887217140189,-0.013518456933821033,-0.014969910338913373,0.019587628865979423,-0.02727622080554659,-0.035421402220640275,,,0.4781746031746032,0.2811086008927286
arousal,top25_train_score_std,stimulus_only,504,1.910426267281106,2.2739644157974346,0.38132695071800077,0.3026940215591803,0.2681335475163034,0.649796195652174,0.6552731306035677,0.6700067934782609,2.2739644157974346,1.910426267281106,,,0.0,0.0,0.0,0.0,0.0,0.0,0.0,0.0,0.0,0.0,0.0,0.0,,,0.0,0.0
arousal,top25_train_score_std,emg_expanded_ridge_direct,504,2.2163113498164386,2.5656955388373497,0.0174707682606488,0.008528308456394774,0.01004528952436373,0.5072690217391305,0.482873129236228,0.4832710597826087,2.5656955388373497,2.2163113498164386,0.04727996295200779,0.02227958116616037,0.4384920634920635,1.300389281596692,-0.30588508253533253,-0.2917311230399151,-0.36385618245735196,-0.2941657131027855,-0.2580882579919397,-0.14252717391304348,-0.17240000136733974,-0.18673573369565216,-0.30588508253533253,-0.2917311230399151,,,0.4384920634920635,1.300389281596692
arousal,top25_train_score_std,emg_expanded_ridge_residual,504,1.9729877323594538,2.3636078059231806,0.31917825783393683,0.33785948309412456,0.24932516160530047,0.6484375,0.6521035669848361,0.6803838315217391,2.3636078059231806,1.9729877323594538,-0.0011914884315014729,0.007730199745539769,0.5099206349206349,0.6422187717093912,-0.0625614650783477,-0.08964339012574607,-0.06214869288406394,0.035165461534944265,-0.01880838591100295,-0.0013586956521739468,-0.0031695636187316634,0.010377038043478226,-0.0625614650783477,-0.08964339012574607,,,0.5099206349206349,0.6422187717093912
arousal,top25_train_score_std,emg_expanded_extratrees_direct,504,2.1725850882603632,2.499495761424351,-0.03314125092781668,-0.04313534960311724,-0.009923202360841361,0.5130434782608695,0.448292097271593,0.48024796195652175,2.499495761424351,2.1725850882603632,0.015811056033528097,-0.005616538441694803,0.4305555555555556,1.074290872305583,-0.26215882097925713,-0.22553134562691657,-0.41446820164581744,-0.3458293711622975,-0.2780567498771448,-0.13675271739130446,-0.2069810333319747,-0.1897588315217391,-0.26215882097925713,-0.22553134562691657,,,0.4305555555555556,1.074290872305583
arousal,top25_train_score_std,emg_expanded_extratrees_residual,504,1.9316727236883575,2.3034667293294286,0.3561129140676753,0.3616879300591845,0.25606546227288934,0.6520380434782609,0.6571505800202726,0.6976902173913043,2.3034667293294286,1.9316727236883575,-0.04747812646136801,-0.039933615040646624,0.49007936507936506,0.2751708441512188,-0.021246456407251424,-0.029502313531994062,-0.025214036650325455,0.05899390850000419,-0.012068085243414073,0.00224184782608694,0.0018774494167048683,0.02768342391304346,-0.021246456407251424,-0.029502313531994062,,,0.49007936507936506,0.2751708441512188
valence,top25_train_entropy,stimulus_only,504,1.0589157706093189,1.3230693666365962,0.33188232475446056,0.2667050643714082,0.20255411162781292,0.5037703065166417,0.39683438424913137,0.6852511007270703,1.3230693666365962,1.0589157706093189,,,0.0,0.0,0.0,0.0,0.0,0.0,0.0,0.0,0.0,0.0,0.0,0.0,,,0.0,0.0
valence,top25_train_entropy,emg_expanded_ridge_direct,504,1.6024787641600764,2.018412716305702,-0.030953423009397178,-0.04253671427298573,-0.015670086587703608,0.4603653907791967,0.4504997771694149,0.45550700922755105,2.018412716305702,1.6024787641600764,-0.013152999695009819,-0.010650255967731453,0.5079365079365079,0.8794055636542979,-0.5435629935507575,-0.6953433496691057,-0.36283574776385774,-0.3092417786443939,-0.21822419821551653,-0.04340491573744498,0.05366539292028355,-0.22974409149951924,-0.5435629935507575,-0.6953433496691057,,,0.5079365079365079,0.8794055636542979
valence,top25_train_entropy,emg_expanded_ridge_residual,504,1.0792664686414484,1.3742471159894447,0.25900319425171764,0.29279901907947437,0.18613367031131461,0.5146004487255184,0.430410534850011,0.683783464633344,1.3742471159894447,1.0792664686414484,-0.01206304042482,-0.01297593243459614,0.49404761904761907,0.3562155261687781,-0.02035069803212952,-0.05117774935284847,-0.07287913050274292,0.02609395470806619,-0.016420441316498308,0.01083014220887668,0.03357615060087965,-0.0014676360937262434,-0.02035069803212952,-0.05117774935284847,,,0.49404761904761907,0.3562155261687781
valence,top25_train_entropy,emg_expanded_extratrees_direct,504,1.4941354115875716,1.9337662819444728,-0.033790958134297853,-0.06194129275723366,-0.005690651998544533,0.46506351321715955,0.3873262321718722,0.4500413299819498,1.9337662819444728,1.4941354115875716,0.006961592908457672,0.02612473472857366,0.5396825396825397,0.5451988840794493,-0.4352196409782527,-0.6106969153078765,-0.3656732828887584,-0.3286463571286418,-0.20824476362635747,-0.03870679329948212,-0.009508152077259191,-0.2352097707451205,-0.4352196409782527,-0.6106969153078765,,,0.5396825396825397,0.5451988840794493
valence,top25_train_entropy,emg_expanded_extratrees_residual,504,1.0519785175560346,1.3256199028734172,0.32810403764575996,0.36160394803071066,0.20416137471050946,0.5037703065166417,0.39683438424913137,0.7285885389429646,1.3256199028734172,1.0519785175560346,0.0334775406430328,0.0124628569431061,0.5079365079365079,0.13152110221091895,0.006937253053284298,-0.0025505362368209994,-0.0037782871087005954,0.09489888365930249,0.0016072630826965417,0.0,0.0,0.04333743821589431,0.006937253053284298,-0.0025505362368209994,,,0.5079365079365079,0.13152110221091895
valence,top25_train_score_std,stimulus_only,504,1.0547875064004097,1.2971505530737022,0.7377818837811864,0.6314972032763382,0.7031681563849894,0.7380944881889764,0.7193987115246958,0.8359370078740157,1.2971505530737022,1.0547875064004097,,,0.0,0.0,0.0,0.0,0.0,0.0,0.0,0.0,0.0,0.0,0.0,0.0,,,0.0,0.0
valence,top25_train_score_std,emg_expanded_ridge_direct,504,1.7247878277378246,2.148019951482514,0.003521997940759493,0.035772822911003394,0.002201907539884904,0.49555905511811027,0.4939919048823678,0.4899842519685039,2.148019951482514,1.7247878277378246,-0.019185162518740594,-0.013854443922828901,0.4861111111111111,1.576968716715765,-0.6700003213374148,-0.8508693984088116,-0.7342598858404269,-0.5957243803653348,-0.7009662488451045,-0.2425354330708661,-0.22540680664232798,-0.3459527559055118,-0.6700003213374148,-0.8508693984088116,,,0.4861111111111111,1.576968716715765
valence,top25_train_score_std,emg_expanded_ridge_residual,504,1.075922458848807,1.3518088015248797,0.7117242064956736,0.670120801635768,0.6833067010503555,0.7399685039370079,0.723445294313269,0.8501259842519685,1.3518088015248797,1.075922458848807,-0.008891046519349341,-0.007190205042646592,0.501984126984127,0.3691483136145096,-0.02113495244839725,-0.054658248451177505,-0.02605767728551278,0.038623598359429856,-0.019861455334633904,0.0018740157480314767,0.004046582788573172,0.0141889763779528,-0.02113495244839725,-0.054658248451177505,,,0.501984126984127,0.3691483136145096
valence,top25_train_score_std,emg_expanded_extratrees_direct,504,1.6143076873039945,2.0569487309658343,-0.05424511741999025,-0.05722000690852658,-0.011902074440164103,0.47204724409448817,0.4309209825518226,0.45414173228346455,2.0569487309658343,1.6143076873039945,-0.009996615006932452,-0.010702867432585063,0.5158730158730159,1.4418585389670273,-0.5595201809035848,-0.7597981778921321,-0.7920270012011766,-0.6887172101848648,-0.7150702308251535,-0.2660472440944882,-0.2884777289728732,-0.38179527559055115,-0.5595201809035848,-0.7597981778921321,,,0.5158730158730159,1.4418585389670273
valence,top25_train_score_std,emg_expanded_extratrees_residual,504,1.0523731255525426,1.3047753904802628,0.7341478768167511,0.6798348634667642,0.6995394327638534,0.7380944881889764,0.7193987115246958,0.8552755905511811,1.3047753904802628,1.0523731255525426,-0.003970093141537072,-0.014301440130087243,0.5138888888888888,0.13509813238247717,0.002414380847867159,-0.007624837406560614,-0.003634006964435277,0.04833766019042607,-0.0036287236211359764,0.0,0.0,0.019338582677165372,0.002414380847867159,-0.007624837406560614,,,0.5138888888888888,0.13509813238247717
