target,block,k_calibration,model,label_policy,binary_n,accuracy,balanced_accuracy,macro_f1,auroc,n_low,n_high,true_high_rate,pred_high_rate,lift_vs_fewshot_accuracy,lift_vs_fewshot_balanced_accuracy,lift_vs_fewshot_macro_f1,lift_vs_fewshot_auroc,fewshot_reference_model
arousal,eeg_entropy_complexity,0,stimulus_only,midpoint_as_low,128,0.6015625,0.5935849056603774,0.5925856581164576,0.6144654088050314,75,53,0.4140625,0.4375,0.0,0.0,0.0,0.0,stimulus_plus_fewshot_bias_shrink4
arousal,eeg_entropy_complexity,0,stimulus_only,midpoint_as_high,128,0.6015625,0.6014173998044966,0.6013435114503817,0.6423509286412512,62,66,0.515625,0.5078125,0.0,0.0,0.0,0.0,stimulus_plus_fewshot_bias_shrink4
arousal,eeg_entropy_complexity,0,stimulus_only,discard_midpoint,115,0.6260869565217392,0.6203590992087644,0.6204620462046204,0.6445526475958613,62,53,0.4608695652173913,0.41739130434782606,0.0,0.0,0.0,0.0,stimulus_plus_fewshot_bias_shrink4
arousal,eeg_entropy_complexity,0,stimulus_plus_fewshot_bias,midpoint_as_low,128,0.6015625,0.5935849056603774,0.5925856581164576,0.6144654088050314,75,53,0.4140625,0.4375,0.0,0.0,0.0,0.0,stimulus_plus_fewshot_bias_shrink4
arousal,eeg_entropy_complexity,0,stimulus_plus_fewshot_bias,midpoint_as_high,128,0.6015625,0.6014173998044966,0.6013435114503817,0.6423509286412512,62,66,0.515625,0.5078125,0.0,0.0,0.0,0.0,stimulus_plus_fewshot_bias_shrink4
arousal,eeg_entropy_complexity,0,stimulus_plus_fewshot_bias,discard_midpoint,115,0.6260869565217392,0.6203590992087644,0.6204620462046204,0.6445526475958613,62,53,0.4608695652173913,0.41739130434782606,0.0,0.0,0.0,0.0,stimulus_plus_fewshot_bias_shrink4
arousal,eeg_entropy_complexity,0,stimulus_plus_fewshot_bias_plus_physio,midpoint_as_low,128,0.6171875,0.6124528301886792,0.6103137620379,0.6304402515723271,75,53,0.4140625,0.453125,0.015625,0.018867924528301883,0.017728103921442417,0.01597484276729566,stimulus_plus_fewshot_bias_shrink4
arousal,eeg_entropy_complexity,0,stimulus_plus_fewshot_bias_plus_physio,midpoint_as_high,128,0.640625,0.6422287390029326,0.6402737047898338,0.6588465298142717,62,66,0.515625,0.453125,0.0390625,0.04081133919843605,0.038930193339452135,0.016495601173020513,stimulus_plus_fewshot_bias_shrink4
arousal,eeg_entropy_complexity,0,stimulus_plus_fewshot_bias_plus_physio,discard_midpoint,115,0.6434782608695652,0.6392270237370663,0.639553550951762,0.6637248934875228,62,53,0.4608695652173913,0.43478260869565216,0.017391304347825987,0.018867924528301883,0.019091504747141608,0.019172245891661555,stimulus_plus_fewshot_bias_shrink4
arousal,eeg_entropy_complexity,0,stimulus_plus_fewshot_bias_shrink4,midpoint_as_low,128,0.6015625,0.5935849056603774,0.5925856581164576,0.6144654088050314,75,53,0.4140625,0.4375,0.0,0.0,0.0,0.0,stimulus_plus_fewshot_bias_shrink4
arousal,eeg_entropy_complexity,0,stimulus_plus_fewshot_bias_shrink4,midpoint_as_high,128,0.6015625,0.6014173998044966,0.6013435114503817,0.6423509286412512,62,66,0.515625,0.5078125,0.0,0.0,0.0,0.0,stimulus_plus_fewshot_bias_shrink4
arousal,eeg_entropy_complexity,0,stimulus_plus_fewshot_bias_shrink4,discard_midpoint,115,0.6260869565217392,0.6203590992087644,0.6204620462046204,0.6445526475958613,62,53,0.4608695652173913,0.41739130434782606,0.0,0.0,0.0,0.0,stimulus_plus_fewshot_bias_shrink4
arousal,eeg_entropy_complexity,0,stimulus_plus_fewshot_bias_shrink4_plus_physio,midpoint_as_low,128,0.6171875,0.6124528301886792,0.6103137620379,0.6304402515723271,75,53,0.4140625,0.453125,0.015625,0.018867924528301883,0.017728103921442417,0.01597484276729566,stimulus_plus_fewshot_bias_shrink4
arousal,eeg_entropy_complexity,0,stimulus_plus_fewshot_bias_shrink4_plus_physio,midpoint_as_high,128,0.640625,0.6422287390029326,0.6402737047898338,0.6588465298142717,62,66,0.515625,0.453125,0.0390625,0.04081133919843605,0.038930193339452135,0.016495601173020513,stimulus_plus_fewshot_bias_shrink4
arousal,eeg_entropy_complexity,0,stimulus_plus_fewshot_bias_shrink4_plus_physio,discard_midpoint,115,0.6434782608695652,0.6392270237370663,0.639553550951762,0.6637248934875228,62,53,0.4608695652173913,0.43478260869565216,0.017391304347825987,0.018867924528301883,0.019091504747141608,0.019172245891661555,stimulus_plus_fewshot_bias_shrink4
arousal,eeg_entropy_complexity,0,stimulus_plus_physio,midpoint_as_low,128,0.6171875,0.6124528301886792,0.6103137620379,0.6304402515723271,75,53,0.4140625,0.453125,0.015625,0.018867924528301883,0.017728103921442417,0.01597484276729566,stimulus_plus_fewshot_bias_shrink4
arousal,eeg_entropy_complexity,0,stimulus_plus_physio,midpoint_as_high,128,0.640625,0.6422287390029326,0.6402737047898338,0.6588465298142717,62,66,0.515625,0.453125,0.0390625,0.04081133919843605,0.038930193339452135,0.016495601173020513,stimulus_plus_fewshot_bias_shrink4
arousal,eeg_entropy_complexity,0,stimulus_plus_physio,discard_midpoint,115,0.6434782608695652,0.6392270237370663,0.639553550951762,0.6637248934875228,62,53,0.4608695652173913,0.43478260869565216,0.017391304347825987,0.018867924528301883,0.019091504747141608,0.019172245891661555,stimulus_plus_fewshot_bias_shrink4
arousal,eeg_entropy_complexity,4,stimulus_only,midpoint_as_low,2240,0.6084821428571429,0.5997944196795458,0.5983951999100494,0.6210066084698431,1329,911,0.40669642857142857,0.4348214285714286,-0.07455357142857144,-0.08855027467149679,-0.08143885492400549,-0.13587050339509,stimulus_plus_fewshot_bias_shrink4
arousal,eeg_entropy_complexity,4,stimulus_only,midpoint_as_high,2240,0.6066964285714286,0.6066019922237568,0.6066003837432409,0.64733038508033,1102,1138,0.5080357142857143,0.5075892857142857,-0.08660714285714288,-0.0867156376487549,-0.08667084961183813,-0.11306093091646763,stimulus_plus_fewshot_bias_shrink4
arousal,eeg_entropy_complexity,4,stimulus_only,discard_midpoint,2013,0.6328862394436164,0.6259838911787967,0.6263620478458276,0.6507642027966316,1102,911,0.4525583705911575,0.41530054644808745,-0.07799304520616002,-0.08540802970748729,-0.08339808359334411,-0.13150175013596677,stimulus_plus_fewshot_bias_shrink4
arousal,eeg_entropy_complexity,4,stimulus_plus_fewshot_bias,midpoint_as_low,2240,0.7223214285714286,0.7340538968992805,0.7207880331315716,0.8106848079529602,1329,911,0.40669642857142857,0.5191964285714286,0.03928571428571426,0.04570920254823785,0.04095397829751668,0.053807696088027046,stimulus_plus_fewshot_bias_shrink4
arousal,eeg_entropy_complexity,4,stimulus_plus_fewshot_bias,midpoint_as_high,2240,0.7138392857142857,0.713428053802162,0.7134458562866627,0.7939566661031707,1102,1138,0.5080357142857143,0.5290178571428571,0.020535714285714213,0.020110423929650345,0.020174622931583674,0.03356535010637307,stimulus_plus_fewshot_bias_shrink4
arousal,eeg_entropy_complexity,4,stimulus_plus_fewshot_bias,discard_midpoint,2013,0.7461500248385494,0.7505503415604001,0.7459933145153345,0.8306302680885567,1102,911,0.4525583705911575,0.5226030799801291,0.035270740188772964,0.03915842067411612,0.036233183076162745,0.04836431515595829,stimulus_plus_fewshot_bias_shrink4
arousal,eeg_entropy_complexity,4,stimulus_plus_fewshot_bias_plus_physio,midpoint_as_low,2240,0.71875,0.7301809916256373,0.7171590194846009,0.8183170496209278,1329,911,0.40669642857142857,0.5183035714285714,0.0357142857142857,0.0418362972745947,0.03732496465054602,0.061439937755994656,stimulus_plus_fewshot_bias_shrink4
arousal,eeg_entropy_complexity,4,stimulus_plus_fewshot_bias_plus_physio,midpoint_as_high,2240,0.7191964285714286,0.718958819082735,0.7190014836105805,0.8041705606358786,1102,1138,0.5080357142857143,0.5183035714285714,0.025892857142857162,0.025641189210223292,0.025730250255501463,0.043779244639080894,stimulus_plus_fewshot_bias_shrink4
arousal,eeg_entropy_complexity,4,stimulus_plus_fewshot_bias_plus_physio,discard_midpoint,2013,0.7436661698956781,0.7478061044583144,0.7434746702018995,0.8395692095601053,1102,911,0.4525583705911575,0.5201192250372578,0.032786885245901676,0.03641418357203041,0.033714538762727786,0.057303256627506904,stimulus_plus_fewshot_bias_shrink4
arousal,eeg_entropy_complexity,4,stimulus_plus_fewshot_bias_shrink4,midpoint_as_low,2240,0.6830357142857143,0.6883446943510426,0.6798340548340549,0.7568771118649331,1329,911,0.40669642857142857,0.49330357142857145,0.0,0.0,0.0,0.0,stimulus_plus_fewshot_bias_shrink4
arousal,eeg_entropy_complexity,4,stimulus_plus_fewshot_bias_shrink4,midpoint_as_high,2240,0.6933035714285715,0.6933176298725117,0.693271233355079,0.7603913159967977,1102,1138,0.5080357142857143,0.5022321428571429,0.0,0.0,0.0,0.0,stimulus_plus_fewshot_bias_shrink4
arousal,eeg_entropy_complexity,4,stimulus_plus_fewshot_bias_shrink4,discard_midpoint,2013,0.7108792846497765,0.711391920886284,0.7097601314391717,0.7822659529325984,1102,911,0.4525583705911575,0.4853452558370591,0.0,0.0,0.0,0.0,stimulus_plus_fewshot_bias_shrink4
arousal,eeg_entropy_complexity,4,stimulus_plus_fewshot_bias_shrink4_plus_physio,midpoint_as_low,2240,0.6848214285714286,0.690194834639582,0.6816378066378066,0.7684921108861759,1329,911,0.40669642857142857,0.49330357142857145,0.0017857142857142794,0.0018501402885393592,0.0018037518037516964,0.011614999021242745,stimulus_plus_fewshot_bias_shrink4
arousal,eeg_entropy_complexity,4,stimulus_plus_fewshot_bias_shrink4_plus_physio,midpoint_as_high,2240,0.703125,0.7032851278550901,0.7031244674984469,0.7753860212618693,1102,1138,0.5080357142857143,0.49330357142857145,0.009821428571428537,0.009967497982578455,0.009853234143367917,0.014994705265071628,stimulus_plus_fewshot_bias_shrink4
arousal,eeg_entropy_complexity,4,stimulus_plus_fewshot_bias_shrink4_plus_physio,discard_midpoint,2013,0.7158469945355191,0.716119379792454,0.7146384839881359,0.7967969623138053,1102,911,0.4525583705911575,0.4823646299056135,0.004967709885742688,0.00472745890616999,0.004878352548964182,0.014531009381206883,stimulus_plus_fewshot_bias_shrink4
arousal,eeg_entropy_complexity,4,stimulus_plus_physio,midpoint_as_low,2240,0.6254464285714286,0.6203053722622673,0.6175933588344346,0.6366638336393499,1329,911,0.40669642857142857,0.45,-0.057589285714285676,-0.06803932208877528,-0.062240695999620343,-0.12021327822558325,stimulus_plus_fewshot_bias_shrink4
arousal,eeg_entropy_complexity,4,stimulus_plus_physio,midpoint_as_high,2240,0.6473214285714286,0.6481632692117543,0.6466992655273835,0.6636782778715166,1102,1138,0.5080357142857143,0.45,-0.04598214285714286,-0.0451543606607574,-0.04657196782769546,-0.09671303812528109,stimulus_plus_fewshot_bias_shrink4
arousal,eeg_entropy_complexity,4,stimulus_plus_physio,discard_midpoint,2013,0.6517635370094387,0.6466498393301472,0.6470757275822872,0.6697352981606141,1102,911,0.4525583705911575,0.43219076005961254,-0.05911574764033778,-0.06474208155613681,-0.06268440385688456,-0.11253065477198432,stimulus_plus_fewshot_bias_shrink4
arousal,eeg_entropy_complexity,16,stimulus_only,midpoint_as_low,1280,0.5984375,0.5928028834489332,0.5917354223135655,0.6158719756677731,739,541,0.42265625,0.44921875,-0.11328125,-0.12361086445939073,-0.11810447728042417,-0.1830557355070923,stimulus_plus_fewshot_bias_shrink4
arousal,eeg_entropy_complexity,16,stimulus_only,midpoint_as_high,1280,0.596875,0.5959138732566674,0.5959269673232364,0.6454404208465867,610,670,0.5234375,0.525,-0.12968749999999996,-0.13100073403474433,-0.13044246814270521,-0.15675311964766336,stimulus_plus_fewshot_bias_shrink4
arousal,eeg_entropy_complexity,16,stimulus_only,discard_midpoint,1151,0.6229365768896612,0.6191721462985971,0.6191345373809829,0.6472622041756311,610,541,0.47002606429192006,0.4300608166811468,-0.12250217202432667,-0.12634162601133292,-0.1258229269179929,-0.1791748734886821,stimulus_plus_fewshot_bias_shrink4
arousal,eeg_entropy_complexity,16,stimulus_plus_fewshot_bias,midpoint_as_low,1280,0.73125,0.7405096060770537,0.7304438322620141,0.8186238584888906,739,541,0.42265625,0.52265625,0.01953125,0.024095858168729833,0.020603932668024516,0.019696147314025247,stimulus_plus_fewshot_bias_shrink4
arousal,eeg_entropy_complexity,16,stimulus_plus_fewshot_bias,midpoint_as_high,1280,0.74140625,0.7407266943968681,0.7407782892027868,0.813757034499633,610,670,0.5234375,0.52578125,0.014843750000000044,0.013812087105456339,0.014408853736845195,0.011563494005382924,stimulus_plus_fewshot_bias_shrink4
arousal,eeg_entropy_complexity,16,stimulus_plus_fewshot_bias,discard_midpoint,1151,0.7628149435273676,0.7649389412442047,0.7627891597598473,0.8435668616102542,610,541,0.47002606429192006,0.5195482189400521,0.017376194613379692,0.019425168934274706,0.01783169546087149,0.017129783945941,stimulus_plus_fewshot_bias_shrink4
arousal,eeg_entropy_complexity,16,stimulus_plus_fewshot_bias_plus_physio,midpoint_as_low,1280,0.72890625,0.7387274605489258,0.728205363562654,0.8290666059694997,739,541,0.42265625,0.5265625,0.017187500000000022,0.02231371264060189,0.01836546396866434,0.030138894794634274,stimulus_plus_fewshot_bias_shrink4
arousal,eeg_entropy_complexity,16,stimulus_plus_fewshot_bias_plus_physio,midpoint_as_high,1280,0.7484375,0.7477367262050404,0.7478070175438596,0.8262808906288232,610,670,0.5234375,0.5265625,0.021874999999999978,0.020822118913628618,0.021437582077918016,0.024087350134573082,stimulus_plus_fewshot_bias_shrink4
arousal,eeg_entropy_complexity,16,stimulus_plus_fewshot_bias_plus_physio,discard_midpoint,1151,0.7654213727193745,0.7675024999242448,0.7653914445672458,0.8554831671767522,610,541,0.47002606429192006,0.5186794092093832,0.019982623805386623,0.021988727614314807,0.020433980268270036,0.029046089512439033,stimulus_plus_fewshot_bias_shrink4
arousal,eeg_entropy_complexity,16,stimulus_plus_fewshot_bias_shrink4,midpoint_as_low,1280,0.71171875,0.7164137479083239,0.7098398995939896,0.7989277111748654,739,541,0.42265625,0.496875,0.0,0.0,0.0,0.0,stimulus_plus_fewshot_bias_shrink4
arousal,eeg_entropy_complexity,16,stimulus_plus_fewshot_bias_shrink4,midpoint_as_high,1280,0.7265625,0.7269146072914118,0.7263694354659416,0.8021935404942501,610,670,0.5234375,0.503125,0.0,0.0,0.0,0.0,stimulus_plus_fewshot_bias_shrink4
arousal,eeg_entropy_complexity,16,stimulus_plus_fewshot_bias_shrink4,discard_midpoint,1151,0.7454387489139879,0.74551377230993,0.7449574642989758,0.8264370776643132,610,541,0.47002606429192006,0.48653344917463076,0.0,0.0,0.0,0.0,stimulus_plus_fewshot_bias_shrink4
arousal,eeg_entropy_complexity,16,stimulus_plus_fewshot_bias_shrink4_plus_physio,midpoint_as_low,1280,0.73125,0.7372904884704563,0.7297297297297297,0.8102646579906403,739,541,0.42265625,0.50234375,0.01953125,0.0208767405621324,0.019889830135740083,0.011336946815774906,stimulus_plus_fewshot_bias_shrink4
arousal,eeg_entropy_complexity,16,stimulus_plus_fewshot_bias_shrink4_plus_physio,midpoint_as_high,1280,0.75546875,0.7559212136041107,0.7553061086134523,0.8161634450697333,610,670,0.5234375,0.50234375,0.028906250000000022,0.029006606312698913,0.028936673147510694,0.013969904575483194,stimulus_plus_fewshot_bias_shrink4
arousal,eeg_entropy_complexity,16,stimulus_plus_fewshot_bias_shrink4_plus_physio,discard_midpoint,1151,0.7706342311033884,0.7709569406987666,0.7702511432096973,0.8401987818550953,610,541,0.47002606429192006,0.4891398783666377,0.025195482189400487,0.025443168388836646,0.02529367891072154,0.013761704190782154,stimulus_plus_fewshot_bias_shrink4
arousal,eeg_entropy_complexity,16,stimulus_plus_physio,midpoint_as_low,1280,0.6171875,0.6144887806122576,0.6122804241177402,0.6310746149940345,739,541,0.42265625,0.46484375,-0.09453124999999996,-0.10192496729606626,-0.09755947547624944,-0.16785309618083089,stimulus_plus_fewshot_bias_shrink4
arousal,eeg_entropy_complexity,16,stimulus_plus_physio,midpoint_as_high,1280,0.64140625,0.6433692194763886,0.641356997878737,0.661172008808417,610,670,0.5234375,0.46484375,-0.08515625000000004,-0.08354538781502319,-0.08501243758720456,-0.1410215316858331,stimulus_plus_fewshot_bias_shrink4
arousal,eeg_entropy_complexity,16,stimulus_plus_physio,discard_midpoint,1151,0.6437880104257168,0.6411442077512803,0.6413447273700082,0.6652343868367625,610,541,0.47002606429192006,0.4474370112945265,-0.10165073848827111,-0.10436956455864965,-0.10361273692896755,-0.16120269082755068,stimulus_plus_fewshot_bias_shrink4
arousal,emg_existing_22,0,stimulus_only,midpoint_as_low,128,0.6015625,0.5935849056603774,0.5925856581164576,0.6144654088050314,75,53,0.4140625,0.4375,0.0,0.0,0.0,0.0,stimulus_plus_fewshot_bias_shrink4
arousal,emg_existing_22,0,stimulus_only,midpoint_as_high,128,0.6015625,0.6014173998044966,0.6013435114503817,0.6423509286412512,62,66,0.515625,0.5078125,0.0,0.0,0.0,0.0,stimulus_plus_fewshot_bias_shrink4
arousal,emg_existing_22,0,stimulus_only,discard_midpoint,115,0.6260869565217392,0.6203590992087644,0.6204620462046204,0.6445526475958613,62,53,0.4608695652173913,0.41739130434782606,0.0,0.0,0.0,0.0,stimulus_plus_fewshot_bias_shrink4
arousal,emg_existing_22,0,stimulus_plus_fewshot_bias,midpoint_as_low,128,0.6015625,0.5935849056603774,0.5925856581164576,0.6144654088050314,75,53,0.4140625,0.4375,0.0,0.0,0.0,0.0,stimulus_plus_fewshot_bias_shrink4
arousal,emg_existing_22,0,stimulus_plus_fewshot_bias,midpoint_as_high,128,0.6015625,0.6014173998044966,0.6013435114503817,0.6423509286412512,62,66,0.515625,0.5078125,0.0,0.0,0.0,0.0,stimulus_plus_fewshot_bias_shrink4
arousal,emg_existing_22,0,stimulus_plus_fewshot_bias,discard_midpoint,115,0.6260869565217392,0.6203590992087644,0.6204620462046204,0.6445526475958613,62,53,0.4608695652173913,0.41739130434782606,0.0,0.0,0.0,0.0,stimulus_plus_fewshot_bias_shrink4
arousal,emg_existing_22,0,stimulus_plus_fewshot_bias_plus_physio,midpoint_as_low,128,0.6015625,0.6018867924528302,0.5974098057354302,0.6166037735849057,75,53,0.4140625,0.484375,0.0,0.008301886792452806,0.004824147618972652,0.00213836477987428,stimulus_plus_fewshot_bias_shrink4
arousal,emg_existing_22,0,stimulus_plus_fewshot_bias_plus_physio,midpoint_as_high,128,0.625,0.6256109481915934,0.625,0.6520039100684262,62,66,0.515625,0.484375,0.0234375,0.024193548387096753,0.023656488549618326,0.009652981427174967,stimulus_plus_fewshot_bias_shrink4
arousal,emg_existing_22,0,stimulus_plus_fewshot_bias_plus_physio,discard_midpoint,115,0.6260869565217392,0.6244674376141205,0.624268672593268,0.6482045039561777,62,53,0.4608695652173913,0.46956521739130436,0.0,0.004108338405356071,0.0038066263886475937,0.0036518563603163967,stimulus_plus_fewshot_bias_shrink4
arousal,emg_existing_22,0,stimulus_plus_fewshot_bias_shrink4,midpoint_as_low,128,0.6015625,0.5935849056603774,0.5925856581164576,0.6144654088050314,75,53,0.4140625,0.4375,0.0,0.0,0.0,0.0,stimulus_plus_fewshot_bias_shrink4
arousal,emg_existing_22,0,stimulus_plus_fewshot_bias_shrink4,midpoint_as_high,128,0.6015625,0.6014173998044966,0.6013435114503817,0.6423509286412512,62,66,0.515625,0.5078125,0.0,0.0,0.0,0.0,stimulus_plus_fewshot_bias_shrink4
arousal,emg_existing_22,0,stimulus_plus_fewshot_bias_shrink4,discard_midpoint,115,0.6260869565217392,0.6203590992087644,0.6204620462046204,0.6445526475958613,62,53,0.4608695652173913,0.41739130434782606,0.0,0.0,0.0,0.0,stimulus_plus_fewshot_bias_shrink4
arousal,emg_existing_22,0,stimulus_plus_fewshot_bias_shrink4_plus_physio,midpoint_as_low,128,0.6015625,0.6018867924528302,0.5974098057354302,0.6166037735849057,75,53,0.4140625,0.484375,0.0,0.008301886792452806,0.004824147618972652,0.00213836477987428,stimulus_plus_fewshot_bias_shrink4
arousal,emg_existing_22,0,stimulus_plus_fewshot_bias_shrink4_plus_physio,midpoint_as_high,128,0.625,0.6256109481915934,0.625,0.6520039100684262,62,66,0.515625,0.484375,0.0234375,0.024193548387096753,0.023656488549618326,0.009652981427174967,stimulus_plus_fewshot_bias_shrink4
arousal,emg_existing_22,0,stimulus_plus_fewshot_bias_shrink4_plus_physio,discard_midpoint,115,0.6260869565217392,0.6244674376141205,0.624268672593268,0.6482045039561777,62,53,0.4608695652173913,0.46956521739130436,0.0,0.004108338405356071,0.0038066263886475937,0.0036518563603163967,stimulus_plus_fewshot_bias_shrink4
arousal,emg_existing_22,0,stimulus_plus_physio,midpoint_as_low,128,0.6015625,0.6018867924528302,0.5974098057354302,0.6166037735849057,75,53,0.4140625,0.484375,0.0,0.008301886792452806,0.004824147618972652,0.00213836477987428,stimulus_plus_fewshot_bias_shrink4
arousal,emg_existing_22,0,stimulus_plus_physio,midpoint_as_high,128,0.625,0.6256109481915934,0.625,0.6520039100684262,62,66,0.515625,0.484375,0.0234375,0.024193548387096753,0.023656488549618326,0.009652981427174967,stimulus_plus_fewshot_bias_shrink4
arousal,emg_existing_22,0,stimulus_plus_physio,discard_midpoint,115,0.6260869565217392,0.6244674376141205,0.624268672593268,0.6482045039561777,62,53,0.4608695652173913,0.46956521739130436,0.0,0.004108338405356071,0.0038066263886475937,0.0036518563603163967,stimulus_plus_fewshot_bias_shrink4
arousal,emg_existing_22,4,stimulus_only,midpoint_as_low,2240,0.6084821428571429,0.6006563349521726,0.5998500007842165,0.6217703827828077,1306,934,0.41696428571428573,0.4361607142857143,-0.09107142857142858,-0.09792392876232581,-0.09517359891726462,-0.13753234126138303,stimulus_plus_fewshot_bias_shrink4
arousal,emg_existing_22,4,stimulus_only,midpoint_as_high,2240,0.6058035714285714,0.6057587018219315,0.6056148519729725,0.6490148097778373,1082,1158,0.5169642857142858,0.5049107142857143,-0.10133928571428574,-0.10286634167520647,-0.10141496501636338,-0.11596257171041924,stimulus_plus_fewshot_bias_shrink4
arousal,emg_existing_22,4,stimulus_only,discard_midpoint,2016,0.6329365079365079,0.6275059668232752,0.6275699679356276,0.6520520726547318,1082,934,0.4632936507936508,0.4166666666666667,-0.09325396825396826,-0.09639536586620856,-0.09665956720327962,-0.13281723115651478,stimulus_plus_fewshot_bias_shrink4
arousal,emg_existing_22,4,stimulus_plus_fewshot_bias,midpoint_as_low,2240,0.7321428571428571,0.7321700863417402,0.7281342240173994,0.8094050355630905,1306,934,0.41696428571428573,0.4616071428571429,0.032589285714285654,0.03358982262724175,0.03311062431591827,0.05010231151889977,stimulus_plus_fewshot_bias_shrink4
arousal,emg_existing_22,4,stimulus_plus_fewshot_bias,midpoint_as_high,2240,0.71875,0.7198816239357169,0.7187275771346568,0.7971588786836888,1082,1158,0.5169642857142858,0.47410714285714284,0.011607142857142816,0.011256580438578911,0.011697760145320979,0.032181497195432285,stimulus_plus_fewshot_bias_shrink4
arousal,emg_existing_22,4,stimulus_plus_fewshot_bias,discard_midpoint,2016,0.7504960317460317,0.7492538997098719,0.7491985988433508,0.82947600802701,1082,934,0.4632936507936508,0.46478174603174605,0.02430555555555558,0.025352567020388128,0.024969063704443628,0.044606704215763515,stimulus_plus_fewshot_bias_shrink4
arousal,emg_existing_22,4,stimulus_plus_fewshot_bias_plus_physio,midpoint_as_low,2240,0.7196428571428571,0.7203829467684972,0.7158736070592094,0.8002006879793803,1306,934,0.41696428571428573,0.46785714285714286,0.0200892857142857,0.021802683053998795,0.02085000735772835,0.04089796393518952,stimulus_plus_fewshot_bias_shrink4
arousal,emg_existing_22,4,stimulus_plus_fewshot_bias_plus_physio,midpoint_as_high,2240,0.71875,0.7200939218935063,0.7186851881532017,0.7965243791481904,1082,1158,0.5169642857142858,0.46785714285714286,0.011607142857142816,0.011468878396368343,0.011655371163865835,0.03154699765993385,stimulus_plus_fewshot_bias_shrink4
arousal,emg_existing_22,4,stimulus_plus_fewshot_bias_plus_physio,discard_midpoint,2016,0.7435515873015873,0.7422718259072936,0.7422180429463466,0.8226626478842021,1082,934,0.4632936507936508,0.46478174603174605,0.01736111111111116,0.018370493217809813,0.017988507807439436,0.03779334407295554,stimulus_plus_fewshot_bias_shrink4
arousal,emg_existing_22,4,stimulus_plus_fewshot_bias_shrink4,midpoint_as_low,2240,0.6995535714285714,0.6985802637144984,0.6950235997014811,0.7593027240441907,1306,934,0.41696428571428573,0.4611607142857143,0.0,0.0,0.0,0.0,stimulus_plus_fewshot_bias_shrink4
arousal,emg_existing_22,4,stimulus_plus_fewshot_bias_shrink4,midpoint_as_high,2240,0.7071428571428572,0.708625043497138,0.7070298169893359,0.7649773814882566,1082,1158,0.5169642857142858,0.46339285714285716,0.0,0.0,0.0,0.0,stimulus_plus_fewshot_bias_shrink4
arousal,emg_existing_22,4,stimulus_plus_fewshot_bias_shrink4,discard_midpoint,2016,0.7261904761904762,0.7239013326894838,0.7242295351389072,0.7848693038112465,1082,934,0.4632936507936508,0.4523809523809524,0.0,0.0,0.0,0.0,stimulus_plus_fewshot_bias_shrink4
arousal,emg_existing_22,4,stimulus_plus_fewshot_bias_shrink4_plus_physio,midpoint_as_low,2240,0.6857142857142857,0.6835098097727176,0.6805797270538212,0.7508599742253673,1306,934,0.41696428571428573,0.45625,-0.01383928571428572,-0.01507045394178086,-0.014443872647659894,-0.008442749818823425,stimulus_plus_fewshot_bias_shrink4
arousal,emg_existing_22,4,stimulus_plus_fewshot_bias_shrink4_plus_physio,midpoint_as_high,2240,0.7035714285714286,0.7052921251823687,0.7033585959313922,0.7654043717417052,1082,1158,0.5169642857142858,0.45625,-0.0035714285714285587,-0.0033329183147692287,-0.0036712210579437077,0.0004269902534486114,stimulus_plus_fewshot_bias_shrink4
arousal,emg_existing_22,4,stimulus_plus_fewshot_bias_shrink4_plus_physio,discard_midpoint,2016,0.7162698412698413,0.7131214698769429,0.7136727688787186,0.7776393545144015,1082,934,0.4632936507936508,0.44146825396825395,-0.009920634920634885,-0.010779862812540841,-0.010556766260188644,-0.007229949296845062,stimulus_plus_fewshot_bias_shrink4
arousal,emg_existing_22,4,stimulus_plus_physio,midpoint_as_low,2240,0.6071428571428571,0.6069794819495591,0.6030301175121072,0.623171427540818,1306,934,0.41696428571428573,0.48125,-0.09241071428571435,-0.09160078176493935,-0.09199348218937387,-0.13613129650337275,stimulus_plus_fewshot_bias_shrink4
arousal,emg_existing_22,4,stimulus_plus_physio,midpoint_as_high,2240,0.6294642857142857,0.6302503838921718,0.6294631041553066,0.6592314494682974,1082,1158,0.5169642857142858,0.48125,-0.07767857142857149,-0.07837465960496615,-0.07756671283402927,-0.10574593201995919,stimulus_plus_fewshot_bias_shrink4
arousal,emg_existing_22,4,stimulus_plus_physio,discard_midpoint,2016,0.6314484126984127,0.629707655345205,0.6296367176634214,0.6554985810241166,1082,934,0.4632936507936508,0.466765873015873,-0.09474206349206349,-0.09419367734427875,-0.09459281747548576,-0.1293707227871299,stimulus_plus_fewshot_bias_shrink4
arousal,emg_existing_22,16,stimulus_only,midpoint_as_low,1280,0.6,0.5929507672634271,0.5924692374468635,0.6170101702365729,736,544,0.425,0.4390625,-0.10859375000000004,-0.11960517902813295,-0.11422529520505553,-0.1783700147858056,stimulus_plus_fewshot_bias_shrink4
arousal,emg_existing_22,16,stimulus_only,midpoint_as_high,1280,0.60390625,0.6037613330365812,0.6035750086589686,0.6539666545193961,613,667,0.52109375,0.5078125,-0.12578125000000007,-0.12630267248105154,-0.1259830806611162,-0.15074558968476615,stimulus_plus_fewshot_bias_shrink4
arousal,emg_existing_22,16,stimulus_only,discard_midpoint,1157,0.6292134831460674,0.624527696478265,0.6241723095374928,0.6503454562901833,613,544,0.4701815038893691,0.4140017286084702,-0.1123595505617978,-0.11689887007005095,-0.11683655975000706,-0.1735737933019864,stimulus_plus_fewshot_bias_shrink4
arousal,emg_existing_22,16,stimulus_plus_fewshot_bias,midpoint_as_low,1280,0.72890625,0.7359734654731458,0.7278162857978023,0.811725743286445,736,544,0.425,0.51171875,0.020312499999999956,0.023417519181585744,0.02112175314588327,0.016345558264066473,stimulus_plus_fewshot_bias_shrink4
arousal,emg_existing_22,16,stimulus_plus_fewshot_bias,midpoint_as_high,1280,0.73203125,0.7317185616001134,0.731637977773825,0.8130290482817318,613,667,0.52109375,0.5171875,0.002343749999999978,0.0016545560824806627,0.0020798884537401863,0.008316804077569628,stimulus_plus_fewshot_bias_shrink4
arousal,emg_existing_22,16,stimulus_plus_fewshot_bias,discard_midpoint,1157,0.7554019014693172,0.7569601045964879,0.755313432947357,0.8372412076576145,613,544,0.4701815038893691,0.5108038029386344,0.01382886776145198,0.015533538048171924,0.014304563659857106,0.013321958065444783,stimulus_plus_fewshot_bias_shrink4
arousal,emg_existing_22,16,stimulus_plus_fewshot_bias_plus_physio,midpoint_as_low,1280,0.71328125,0.7178308823529411,0.7115557605033529,0.8026044996803069,736,544,0.425,0.49765625,0.004687499999999956,0.005274936061381075,0.004861227851433836,0.007224314657928388,stimulus_plus_fewshot_bias_shrink4
arousal,emg_existing_22,16,stimulus_plus_fewshot_bias_plus_physio,midpoint_as_high,1280,0.7265625,0.7270655047680075,0.7264663358211871,0.810600409420086,613,667,0.52109375,0.49765625,-0.0031250000000000444,-0.002998500749625266,-0.003091753498897676,0.005888165215923835,stimulus_plus_fewshot_bias_shrink4
arousal,emg_existing_22,16,stimulus_plus_fewshot_bias_plus_physio,discard_midpoint,1157,0.7433016421780466,0.7435751727281451,0.7428952371546381,0.8291280827175895,613,544,0.4701815038893691,0.49006050129645634,0.0017286084701814142,0.002148606179829149,0.00188636786713825,0.005208833125419865,stimulus_plus_fewshot_bias_shrink4
arousal,emg_existing_22,16,stimulus_plus_fewshot_bias_shrink4,midpoint_as_low,1280,0.70859375,0.71255594629156,0.7066945326519191,0.7953801850223785,736,544,0.425,0.49453125,0.0,0.0,0.0,0.0,stimulus_plus_fewshot_bias_shrink4
arousal,emg_existing_22,16,stimulus_plus_fewshot_bias_shrink4,midpoint_as_high,1280,0.7296875,0.7300640055176327,0.7295580893200848,0.8047122442041622,613,667,0.52109375,0.50078125,0.0,0.0,0.0,0.0,stimulus_plus_fewshot_bias_shrink4
arousal,emg_existing_22,16,stimulus_plus_fewshot_bias_shrink4,discard_midpoint,1157,0.7415730337078652,0.741426566548316,0.7410088692874999,0.8239192495921697,613,544,0.4701815038893691,0.48314606741573035,0.0,0.0,0.0,0.0,stimulus_plus_fewshot_bias_shrink4
arousal,emg_existing_22,16,stimulus_plus_fewshot_bias_shrink4_plus_physio,midpoint_as_low,1280,0.69921875,0.7015265345268542,0.6967711169566354,0.78434702685422,736,544,0.425,0.48515625,-0.009375000000000022,-0.011029411764705843,-0.009923415695283655,-0.01103315816815853,stimulus_plus_fewshot_bias_shrink4
arousal,emg_existing_22,16,stimulus_plus_fewshot_bias_shrink4_plus_physio,midpoint_as_high,1280,0.7265625,0.727593788749997,0.7265518184304074,0.8000983195188702,613,667,0.52109375,0.48515625,-0.0031250000000000444,-0.0024702167676357023,-0.0030062708896774204,-0.004613924685291981,stimulus_plus_fewshot_bias_shrink4
arousal,emg_existing_22,16,stimulus_plus_fewshot_bias_shrink4_plus_physio,discard_midpoint,1157,0.7355229040622299,0.7344754582093849,0.734523188223226,0.8127968764993763,613,544,0.4701815038893691,0.46845289541918755,-0.006050129645635338,-0.006951108338931089,-0.006485681064273829,-0.011122373092793403,stimulus_plus_fewshot_bias_shrink4
arousal,emg_existing_22,16,stimulus_plus_physio,midpoint_as_low,1280,0.59296875,0.5928308823529411,0.5896564985309274,0.6193604140025576,736,544,0.425,0.48515625,-0.11562499999999998,-0.11972506393861893,-0.11703803412099167,-0.17601977101982091,stimulus_plus_fewshot_bias_shrink4
arousal,emg_existing_22,16,stimulus_plus_physio,midpoint_as_high,1280,0.6265625,0.6274154929060756,0.6265479120278137,0.662318922105016,613,667,0.52109375,0.48515625,-0.10312500000000002,-0.10264851261155716,-0.10301017729227113,-0.14239332209914624,stimulus_plus_fewshot_bias_shrink4
arousal,emg_existing_22,16,stimulus_plus_physio,discard_midpoint,1157,0.6214347450302506,0.6197731743594664,0.6198373022541229,0.6535091401976778,613,544,0.4701815038893691,0.46499567847882456,-0.12013828867761456,-0.12165339218884952,-0.12117156703337695,-0.17041010939449186,stimulus_plus_fewshot_bias_shrink4
arousal,emg_lagged_interaction_experimental,0,stimulus_only,midpoint_as_low,128,0.6015625,0.5935849056603774,0.5925856581164576,0.6144654088050314,75,53,0.4140625,0.4375,0.0,0.0,0.0,0.0,stimulus_plus_fewshot_bias_shrink4
arousal,emg_lagged_interaction_experimental,0,stimulus_only,midpoint_as_high,128,0.6015625,0.6014173998044966,0.6013435114503817,0.6423509286412512,62,66,0.515625,0.5078125,0.0,0.0,0.0,0.0,stimulus_plus_fewshot_bias_shrink4
arousal,emg_lagged_interaction_experimental,0,stimulus_only,discard_midpoint,115,0.6260869565217392,0.6203590992087644,0.6204620462046204,0.6445526475958613,62,53,0.4608695652173913,0.41739130434782606,0.0,0.0,0.0,0.0,stimulus_plus_fewshot_bias_shrink4
arousal,emg_lagged_interaction_experimental,0,stimulus_plus_fewshot_bias,midpoint_as_low,128,0.6015625,0.5935849056603774,0.5925856581164576,0.6144654088050314,75,53,0.4140625,0.4375,0.0,0.0,0.0,0.0,stimulus_plus_fewshot_bias_shrink4
arousal,emg_lagged_interaction_experimental,0,stimulus_plus_fewshot_bias,midpoint_as_high,128,0.6015625,0.6014173998044966,0.6013435114503817,0.6423509286412512,62,66,0.515625,0.5078125,0.0,0.0,0.0,0.0,stimulus_plus_fewshot_bias_shrink4
arousal,emg_lagged_interaction_experimental,0,stimulus_plus_fewshot_bias,discard_midpoint,115,0.6260869565217392,0.6203590992087644,0.6204620462046204,0.6445526475958613,62,53,0.4608695652173913,0.41739130434782606,0.0,0.0,0.0,0.0,stimulus_plus_fewshot_bias_shrink4
arousal,emg_lagged_interaction_experimental,0,stimulus_plus_fewshot_bias_plus_physio,midpoint_as_low,128,0.6171875,0.6124528301886792,0.6103137620379,0.6420125786163522,75,53,0.4140625,0.453125,0.015625,0.018867924528301883,0.017728103921442417,0.02754716981132077,stimulus_plus_fewshot_bias_shrink4
arousal,emg_lagged_interaction_experimental,0,stimulus_plus_fewshot_bias_plus_physio,midpoint_as_high,128,0.640625,0.6422287390029326,0.6402737047898338,0.6632453567937439,62,66,0.515625,0.453125,0.0390625,0.04081133919843605,0.038930193339452135,0.02089442815249265,stimulus_plus_fewshot_bias_shrink4
arousal,emg_lagged_interaction_experimental,0,stimulus_plus_fewshot_bias_plus_physio,discard_midpoint,115,0.6434782608695652,0.6392270237370663,0.639553550951762,0.6716372489348752,62,53,0.4608695652173913,0.43478260869565216,0.017391304347825987,0.018867924528301883,0.019091504747141608,0.027084601339013914,stimulus_plus_fewshot_bias_shrink4
arousal,emg_lagged_interaction_experimental,0,stimulus_plus_fewshot_bias_shrink4,midpoint_as_low,128,0.6015625,0.5935849056603774,0.5925856581164576,0.6144654088050314,75,53,0.4140625,0.4375,0.0,0.0,0.0,0.0,stimulus_plus_fewshot_bias_shrink4
arousal,emg_lagged_interaction_experimental,0,stimulus_plus_fewshot_bias_shrink4,midpoint_as_high,128,0.6015625,0.6014173998044966,0.6013435114503817,0.6423509286412512,62,66,0.515625,0.5078125,0.0,0.0,0.0,0.0,stimulus_plus_fewshot_bias_shrink4
arousal,emg_lagged_interaction_experimental,0,stimulus_plus_fewshot_bias_shrink4,discard_midpoint,115,0.6260869565217392,0.6203590992087644,0.6204620462046204,0.6445526475958613,62,53,0.4608695652173913,0.41739130434782606,0.0,0.0,0.0,0.0,stimulus_plus_fewshot_bias_shrink4
arousal,emg_lagged_interaction_experimental,0,stimulus_plus_fewshot_bias_shrink4_plus_physio,midpoint_as_low,128,0.6171875,0.6124528301886792,0.6103137620379,0.6420125786163522,75,53,0.4140625,0.453125,0.015625,0.018867924528301883,0.017728103921442417,0.02754716981132077,stimulus_plus_fewshot_bias_shrink4
arousal,emg_lagged_interaction_experimental,0,stimulus_plus_fewshot_bias_shrink4_plus_physio,midpoint_as_high,128,0.640625,0.6422287390029326,0.6402737047898338,0.6632453567937439,62,66,0.515625,0.453125,0.0390625,0.04081133919843605,0.038930193339452135,0.02089442815249265,stimulus_plus_fewshot_bias_shrink4
arousal,emg_lagged_interaction_experimental,0,stimulus_plus_fewshot_bias_shrink4_plus_physio,discard_midpoint,115,0.6434782608695652,0.6392270237370663,0.639553550951762,0.6716372489348752,62,53,0.4608695652173913,0.43478260869565216,0.017391304347825987,0.018867924528301883,0.019091504747141608,0.027084601339013914,stimulus_plus_fewshot_bias_shrink4
arousal,emg_lagged_interaction_experimental,0,stimulus_plus_physio,midpoint_as_low,128,0.6171875,0.6124528301886792,0.6103137620379,0.6420125786163522,75,53,0.4140625,0.453125,0.015625,0.018867924528301883,0.017728103921442417,0.02754716981132077,stimulus_plus_fewshot_bias_shrink4
arousal,emg_lagged_interaction_experimental,0,stimulus_plus_physio,midpoint_as_high,128,0.640625,0.6422287390029326,0.6402737047898338,0.6632453567937439,62,66,0.515625,0.453125,0.0390625,0.04081133919843605,0.038930193339452135,0.02089442815249265,stimulus_plus_fewshot_bias_shrink4
arousal,emg_lagged_interaction_experimental,0,stimulus_plus_physio,discard_midpoint,115,0.6434782608695652,0.6392270237370663,0.639553550951762,0.6716372489348752,62,53,0.4608695652173913,0.43478260869565216,0.017391304347825987,0.018867924528301883,0.019091504747141608,0.027084601339013914,stimulus_plus_fewshot_bias_shrink4
arousal,emg_lagged_interaction_experimental,4,stimulus_only,midpoint_as_low,2240,0.6040178571428572,0.5958061587740512,0.5950688760760517,0.6158011400399038,1307,933,0.41651785714285716,0.4348214285714286,-0.06562499999999993,-0.073410877696237,-0.07020200895289785,-0.12196918070805152,stimulus_plus_fewshot_bias_shrink4
arousal,emg_lagged_interaction_experimental,4,stimulus_only,midpoint_as_high,2240,0.5991071428571428,0.598994666800775,0.5988564281247208,0.6402429435491918,1079,1161,0.5183035714285714,0.5066964285714286,-0.08080357142857142,-0.08197568648675402,-0.08104911881989463,-0.10640215403454412,stimulus_plus_fewshot_bias_shrink4
arousal,emg_lagged_interaction_experimental,4,stimulus_only,discard_midpoint,2012,0.6267395626242545,0.6213193113785838,0.6213062300018821,0.6442465384665051,1079,933,0.46371769383697814,0.4165009940357853,-0.06809145129224659,-0.07160623696865132,-0.07172641960695669,-0.11987897173656292,stimulus_plus_fewshot_bias_shrink4
arousal,emg_lagged_interaction_experimental,4,stimulus_plus_fewshot_bias,midpoint_as_low,2240,0.7183035714285714,0.7201165953629193,0.7148928659677363,0.7900717629779791,1307,933,0.41651785714285716,0.47410714285714284,0.04866071428571428,0.05089955889263109,0.04962198093878667,0.052301442230023754,stimulus_plus_fewshot_bias_shrink4
arousal,emg_lagged_interaction_experimental,4,stimulus_plus_fewshot_bias,midpoint_as_high,2240,0.7080357142857143,0.7088221700157817,0.7080298953662183,0.7841926242038318,1079,1161,0.5183035714285714,0.4861607142857143,0.028125000000000067,0.027851816728252765,0.02812434842160283,0.03754752662009597,stimulus_plus_fewshot_bias_shrink4
arousal,emg_lagged_interaction_experimental,4,stimulus_plus_fewshot_bias,discard_midpoint,2012,0.739065606361829,0.7385182580433036,0.7380867663522204,0.8117704555545954,1079,933,0.46371769383697814,0.47514910536779326,0.044234592445328014,0.045592709696068545,0.045054116743381556,0.0476449453515273,stimulus_plus_fewshot_bias_shrink4
arousal,emg_lagged_interaction_experimental,4,stimulus_plus_fewshot_bias_plus_physio,midpoint_as_low,2240,0.7325892857142857,0.7323583704203025,0.7284365448925908,0.8026883029872129,1307,933,0.41651785714285716,0.45982142857142855,0.06294642857142863,0.06314133395001431,0.0631656598636412,0.0649179822392576,stimulus_plus_fewshot_bias_shrink4
arousal,emg_lagged_interaction_experimental,4,stimulus_plus_fewshot_bias_plus_physio,midpoint_as_high,2240,0.7147321428571428,0.7164930842431543,0.714595572379082,0.7925081363019161,1079,1161,0.5183035714285714,0.45982142857142855,0.03482142857142856,0.035522730955625303,0.03469002543446653,0.045863038718180205,stimulus_plus_fewshot_bias_shrink4
arousal,emg_lagged_interaction_experimental,4,stimulus_plus_fewshot_bias_plus_physio,discard_midpoint,2012,0.7490059642147118,0.7477860986364453,0.7477316430365258,0.823488860214541,1079,933,0.46371769383697814,0.46520874751491054,0.05417495029821073,0.05486055028921022,0.054698993427687026,0.05936335001147297,stimulus_plus_fewshot_bias_shrink4
arousal,emg_lagged_interaction_experimental,4,stimulus_plus_fewshot_bias_shrink4,midpoint_as_low,2240,0.6696428571428571,0.6692170364702882,0.6652708850289496,0.7377703207479553,1307,933,0.41651785714285716,0.46919642857142857,0.0,0.0,0.0,0.0,stimulus_plus_fewshot_bias_shrink4
arousal,emg_lagged_interaction_experimental,4,stimulus_plus_fewshot_bias_shrink4,midpoint_as_high,2240,0.6799107142857143,0.680970353287529,0.6799055469446155,0.7466450975837359,1079,1161,0.5183035714285714,0.47767857142857145,0.0,0.0,0.0,0.0,stimulus_plus_fewshot_bias_shrink4
arousal,emg_lagged_interaction_experimental,4,stimulus_plus_fewshot_bias_shrink4,discard_midpoint,2012,0.694831013916501,0.6929255483472351,0.6930326496088388,0.7641255102030681,1079,933,0.46371769383697814,0.45974155069582506,0.0,0.0,0.0,0.0,stimulus_plus_fewshot_bias_shrink4
arousal,emg_lagged_interaction_experimental,4,stimulus_plus_fewshot_bias_shrink4_plus_physio,midpoint_as_low,2240,0.6852678571428571,0.6835265791996431,0.6803082903437192,0.7606760858137935,1307,933,0.41651785714285716,0.4589285714285714,0.015625,0.014309542729354918,0.015037405314769603,0.02290576506583819,stimulus_plus_fewshot_bias_shrink4
arousal,emg_lagged_interaction_experimental,4,stimulus_plus_fewshot_bias_shrink4_plus_physio,midpoint_as_high,2240,0.6941964285714286,0.6959625422780369,0.6940378253315703,0.7644387927380363,1079,1161,0.5183035714285714,0.4589285714285714,0.014285714285714346,0.014992188990507915,0.014132278386954855,0.017793695154300404,stimulus_plus_fewshot_bias_shrink4
arousal,emg_lagged_interaction_experimental,4,stimulus_plus_fewshot_bias_shrink4_plus_physio,discard_midpoint,2012,0.7112326043737575,0.7086525672315778,0.709031369857865,0.7859436757666332,1079,933,0.46371769383697814,0.44930417495029823,0.01640159045725642,0.01572701888434269,0.015998720249026155,0.021818165563565084,stimulus_plus_fewshot_bias_shrink4
arousal,emg_lagged_interaction_experimental,4,stimulus_plus_physio,midpoint_as_low,2240,0.6191964285714285,0.6143336523345724,0.6124752184075895,0.643779762856611,1307,933,0.41651785714285716,0.4517857142857143,-0.05044642857142856,-0.05488338413571581,-0.05279566662136015,-0.09399055789134436,stimulus_plus_fewshot_bias_shrink4
arousal,emg_lagged_interaction_experimental,4,stimulus_plus_physio,midpoint_as_high,2240,0.6388392857142857,0.6407929471812912,0.6385158836498932,0.6615194628643775,1079,1161,0.5183035714285714,0.4517857142857143,-0.04107142857142854,-0.04017740610623777,-0.04138966329472227,-0.08512563471935841,stimulus_plus_fewshot_bias_shrink4
arousal,emg_lagged_interaction_experimental,4,stimulus_plus_physio,discard_midpoint,2012,0.6436381709741551,0.6396851318208774,0.639973196470619,0.6716621618802691,1079,933,0.46371769383697814,0.43538767395626243,-0.05119284294234594,-0.05324041652635769,-0.0530594531382198,-0.09246334832279901,stimulus_plus_fewshot_bias_shrink4
arousal,emg_lagged_interaction_experimental,16,stimulus_only,midpoint_as_low,1280,0.61953125,0.6148898898898898,0.6134151204449794,0.6359797297297297,740,540,0.421875,0.45234375,-0.09218749999999998,-0.10000000000000009,-0.09587471633214595,-0.16984484484484486,stimulus_plus_fewshot_bias_shrink4
arousal,emg_lagged_interaction_experimental,16,stimulus_only,midpoint_as_high,1280,0.6046875,0.6040160583620178,0.603982674241998,0.6456469459999657,611,669,0.52265625,0.51953125,-0.11562499999999998,-0.11735276776780446,-0.11630524168811296,-0.1535366805379209,stimulus_plus_fewshot_bias_shrink4
arousal,emg_lagged_interaction_experimental,16,stimulus_only,discard_midpoint,1151,0.6394439617723718,0.6362914469297447,0.6364760632731727,0.6582969630841972,611,540,0.46915725456125107,0.44048653344917466,-0.10078192875760206,-0.1036415711947627,-0.10308851680139752,-0.16996726677577734,stimulus_plus_fewshot_bias_shrink4
arousal,emg_lagged_interaction_experimental,16,stimulus_plus_fewshot_bias,midpoint_as_low,1280,0.734375,0.7404904904904905,0.732808774088345,0.8215127627627627,740,540,0.421875,0.5015625,0.022656250000000044,0.025600600600600654,0.02351893731121968,0.01568818818818818,stimulus_plus_fewshot_bias_shrink4
arousal,emg_lagged_interaction_experimental,16,stimulus_plus_fewshot_bias,midpoint_as_high,1280,0.7359375,0.7360327234385053,0.7356793743890517,0.8104995853302313,611,669,0.52265625,0.50859375,0.015625,0.014663897308683116,0.015391458458940743,0.011315958792344594,stimulus_plus_fewshot_bias_shrink4
arousal,emg_lagged_interaction_experimental,16,stimulus_plus_fewshot_bias,discard_midpoint,1151,0.7619461337966985,0.7629735709522945,0.7617258094737287,0.8436321755470692,611,540,0.46915725456125107,0.5004344048653345,0.021720243266724615,0.023040552827787053,0.022161229399158433,0.015367945687094653,stimulus_plus_fewshot_bias_shrink4
arousal,emg_lagged_interaction_experimental,16,stimulus_plus_fewshot_bias_plus_physio,midpoint_as_low,1280,0.7390625,0.7437937937937937,0.737121072372871,0.830960960960961,740,540,0.421875,0.4921875,0.02734375,0.02890390390390385,0.02783123559574563,0.025136386386386378,stimulus_plus_fewshot_bias_shrink4
arousal,emg_lagged_interaction_experimental,16,stimulus_plus_fewshot_bias_plus_physio,midpoint_as_high,1280,0.72421875,0.725034800456993,0.7241579718187419,0.8161875334855012,611,669,0.52265625,0.4921875,0.00390625,0.0036659743271707512,0.0038700558886308745,0.017003906947614555,stimulus_plus_fewshot_bias_shrink4
arousal,emg_lagged_interaction_experimental,16,stimulus_plus_fewshot_bias_plus_physio,discard_midpoint,1151,0.7576020851433536,0.7585591319633873,0.757364724727145,0.852167060677699,611,540,0.46915725456125107,0.49956559513466553,0.017376194613379692,0.01862611383887991,0.017800144652574734,0.023902830817724485,stimulus_plus_fewshot_bias_shrink4
arousal,emg_lagged_interaction_experimental,16,stimulus_plus_fewshot_bias_shrink4,midpoint_as_low,1280,0.71171875,0.7148898898898899,0.7092898367771253,0.8058245745745746,740,540,0.421875,0.48671875,0.0,0.0,0.0,0.0,stimulus_plus_fewshot_bias_shrink4
arousal,emg_lagged_interaction_experimental,16,stimulus_plus_fewshot_bias_shrink4,midpoint_as_high,1280,0.7203125,0.7213688261298222,0.720287915930111,0.7991836265378867,611,669,0.52265625,0.48671875,0.0,0.0,0.0,0.0,stimulus_plus_fewshot_bias_shrink4
arousal,emg_lagged_interaction_experimental,16,stimulus_plus_fewshot_bias_shrink4,discard_midpoint,1151,0.7402258905299739,0.7399330181245074,0.7395645800745703,0.8282642298599745,611,540,0.46915725456125107,0.48045178105994785,0.0,0.0,0.0,0.0,stimulus_plus_fewshot_bias_shrink4
arousal,emg_lagged_interaction_experimental,16,stimulus_plus_fewshot_bias_shrink4_plus_physio,midpoint_as_low,1280,0.73203125,0.7324574574574574,0.7286444397883496,0.8201951951951952,740,540,0.421875,0.46640625,0.020312500000000067,0.0175675675675675,0.01935460301122427,0.014370620620620667,stimulus_plus_fewshot_bias_shrink4
arousal,emg_lagged_interaction_experimental,16,stimulus_plus_fewshot_bias_shrink4_plus_physio,midpoint_as_high,1280,0.73125,0.7332511333083798,0.7312178458848837,0.8091051206211973,611,669,0.52265625,0.46640625,0.010937499999999933,0.011882307178557538,0.01092992995477271,0.009921494083310667,stimulus_plus_fewshot_bias_shrink4
arousal,emg_lagged_interaction_experimental,16,stimulus_plus_fewshot_bias_shrink4_plus_physio,discard_midpoint,1151,0.7576020851433536,0.7562996302358005,0.7564837641434818,0.8421106867915379,611,540,0.46915725456125107,0.4630755864465682,0.017376194613379692,0.01636661211129309,0.016919184068911575,0.013846456931563389,stimulus_plus_fewshot_bias_shrink4
arousal,emg_lagged_interaction_experimental,16,stimulus_plus_physio,midpoint_as_low,1280,0.63359375,0.6313063063063062,0.6288306669758096,0.664039039039039,740,540,0.421875,0.46484375,-0.078125,-0.08358358358358364,-0.08045916980131573,-0.14178553553553552,stimulus_plus_fewshot_bias_shrink4
arousal,emg_lagged_interaction_experimental,16,stimulus_plus_physio,midpoint_as_high,1280,0.6453125,0.6472077679023581,0.645257071417409,0.6672073275450816,611,669,0.52265625,0.46484375,-0.07500000000000007,-0.0741610582274641,-0.07503084451270203,-0.13197629899280505,stimulus_plus_fewshot_bias_shrink4
arousal,emg_lagged_interaction_experimental,16,stimulus_plus_physio,discard_midpoint,1151,0.6550825369244135,0.6528505182760502,0.6530544995395036,0.6860944414135903,611,540,0.46915725456125107,0.45438748913987836,-0.08514335360556036,-0.08708249984845717,-0.0865100805350667,-0.14216978844638417,stimulus_plus_fewshot_bias_shrink4
valence,eeg_entropy_complexity,0,stimulus_only,midpoint_as_low,128,0.84375,0.8555974842767295,0.8427904691721936,0.9122012578616352,75,53,0.4140625,0.5078125,0.0,0.0,0.0,0.0,stimulus_plus_fewshot_bias_shrink4
valence,eeg_entropy_complexity,0,stimulus_only,midpoint_as_high,128,0.9296875,0.9298996819182774,0.9295800476801761,0.9634206019084903,61,67,0.5234375,0.515625,0.0,0.0,0.0,0.0,stimulus_plus_fewshot_bias_shrink4
valence,eeg_entropy_complexity,0,stimulus_only,discard_midpoint,114,0.9298245614035088,0.9294772656974946,0.9294772656974946,0.9737086297556449,61,53,0.4649122807017544,0.4649122807017544,0.0,0.0,0.0,0.0,stimulus_plus_fewshot_bias_shrink4
valence,eeg_entropy_complexity,0,stimulus_plus_fewshot_bias,midpoint_as_low,128,0.84375,0.8555974842767295,0.8427904691721936,0.9122012578616352,75,53,0.4140625,0.5078125,0.0,0.0,0.0,0.0,stimulus_plus_fewshot_bias_shrink4
valence,eeg_entropy_complexity,0,stimulus_plus_fewshot_bias,midpoint_as_high,128,0.9296875,0.9298996819182774,0.9295800476801761,0.9634206019084903,61,67,0.5234375,0.515625,0.0,0.0,0.0,0.0,stimulus_plus_fewshot_bias_shrink4
valence,eeg_entropy_complexity,0,stimulus_plus_fewshot_bias,discard_midpoint,114,0.9298245614035088,0.9294772656974946,0.9294772656974946,0.9737086297556449,61,53,0.4649122807017544,0.4649122807017544,0.0,0.0,0.0,0.0,stimulus_plus_fewshot_bias_shrink4
valence,eeg_entropy_complexity,0,stimulus_plus_fewshot_bias_plus_physio,midpoint_as_low,128,0.8359375,0.848930817610063,0.8351223701159296,0.9187421383647799,75,53,0.4140625,0.515625,-0.0078125,-0.006666666666666599,-0.007668099056263977,0.006540880503144719,stimulus_plus_fewshot_bias_shrink4
valence,eeg_entropy_complexity,0,stimulus_plus_fewshot_bias_plus_physio,midpoint_as_high,128,0.9140625,0.9142402740396378,0.9139311693868818,0.9659897235135796,61,67,0.5234375,0.515625,-0.015625,-0.01565940787863962,-0.01564887829329431,0.002569121605089264,stimulus_plus_fewshot_bias_shrink4
valence,eeg_entropy_complexity,0,stimulus_plus_fewshot_bias_plus_physio,discard_midpoint,114,0.9210526315789473,0.9212805443860193,0.9207538425890167,0.9749458707083204,61,53,0.4649122807017544,0.47368421052631576,-0.00877192982456143,-0.008196721311475308,-0.008723423108477846,0.0012372409526755224,stimulus_plus_fewshot_bias_shrink4
valence,eeg_entropy_complexity,0,stimulus_plus_fewshot_bias_shrink4,midpoint_as_low,128,0.84375,0.8555974842767295,0.8427904691721936,0.9122012578616352,75,53,0.4140625,0.5078125,0.0,0.0,0.0,0.0,stimulus_plus_fewshot_bias_shrink4
valence,eeg_entropy_complexity,0,stimulus_plus_fewshot_bias_shrink4,midpoint_as_high,128,0.9296875,0.9298996819182774,0.9295800476801761,0.9634206019084903,61,67,0.5234375,0.515625,0.0,0.0,0.0,0.0,stimulus_plus_fewshot_bias_shrink4
valence,eeg_entropy_complexity,0,stimulus_plus_fewshot_bias_shrink4,discard_midpoint,114,0.9298245614035088,0.9294772656974946,0.9294772656974946,0.9737086297556449,61,53,0.4649122807017544,0.4649122807017544,0.0,0.0,0.0,0.0,stimulus_plus_fewshot_bias_shrink4
valence,eeg_entropy_complexity,0,stimulus_plus_fewshot_bias_shrink4_plus_physio,midpoint_as_low,128,0.8359375,0.848930817610063,0.8351223701159296,0.9187421383647799,75,53,0.4140625,0.515625,-0.0078125,-0.006666666666666599,-0.007668099056263977,0.006540880503144719,stimulus_plus_fewshot_bias_shrink4
valence,eeg_entropy_complexity,0,stimulus_plus_fewshot_bias_shrink4_plus_physio,midpoint_as_high,128,0.9140625,0.9142402740396378,0.9139311693868818,0.9659897235135796,61,67,0.5234375,0.515625,-0.015625,-0.01565940787863962,-0.01564887829329431,0.002569121605089264,stimulus_plus_fewshot_bias_shrink4
valence,eeg_entropy_complexity,0,stimulus_plus_fewshot_bias_shrink4_plus_physio,discard_midpoint,114,0.9210526315789473,0.9212805443860193,0.9207538425890167,0.9749458707083204,61,53,0.4649122807017544,0.47368421052631576,-0.00877192982456143,-0.008196721311475308,-0.008723423108477846,0.0012372409526755224,stimulus_plus_fewshot_bias_shrink4
valence,eeg_entropy_complexity,0,stimulus_plus_physio,midpoint_as_low,128,0.8359375,0.848930817610063,0.8351223701159296,0.9187421383647799,75,53,0.4140625,0.515625,-0.0078125,-0.006666666666666599,-0.007668099056263977,0.006540880503144719,stimulus_plus_fewshot_bias_shrink4
valence,eeg_entropy_complexity,0,stimulus_plus_physio,midpoint_as_high,128,0.9140625,0.9142402740396378,0.9139311693868818,0.9659897235135796,61,67,0.5234375,0.515625,-0.015625,-0.01565940787863962,-0.01564887829329431,0.002569121605089264,stimulus_plus_fewshot_bias_shrink4
valence,eeg_entropy_complexity,0,stimulus_plus_physio,discard_midpoint,114,0.9210526315789473,0.9212805443860193,0.9207538425890167,0.9749458707083204,61,53,0.4649122807017544,0.47368421052631576,-0.00877192982456143,-0.008196721311475308,-0.008723423108477846,0.0012372409526755224,stimulus_plus_fewshot_bias_shrink4
valence,eeg_entropy_complexity,4,stimulus_only,midpoint_as_low,2240,0.8455357142857143,0.857905138339921,0.8444399484891985,0.9139636857707509,1320,920,0.4107142857142857,0.5053571428571428,0.004464285714285698,0.006093544137022455,0.004724111986120327,0.0008086297760210304,stimulus_plus_fewshot_bias_shrink4
valence,eeg_entropy_complexity,4,stimulus_only,midpoint_as_high,2240,0.9330357142857143,0.9331789599760456,0.9329585396454465,0.964254716039525,1075,1165,0.5200892857142857,0.5138392857142857,0.016964285714285765,0.01645273979439077,0.01692251999111205,0.002910070865355885,stimulus_plus_fewshot_bias_shrink4
valence,eeg_entropy_complexity,4,stimulus_only,discard_midpoint,1995,0.9323308270676691,0.931959049544995,0.9319251858234532,0.9745525783619818,1075,920,0.46115288220551376,0.4616541353383459,0.007518796992481147,0.00807381193124379,0.007643733970581712,0.00249342770475236,stimulus_plus_fewshot_bias_shrink4
valence,eeg_entropy_complexity,4,stimulus_plus_fewshot_bias,midpoint_as_low,2240,0.8325892857142857,0.8414855072463767,0.830882982096749,0.9042387187088274,1320,920,0.4107142857142857,0.4888392857142857,-0.008482142857142883,-0.010326086956521818,-0.008832854406329083,-0.008916337285902465,stimulus_plus_fewshot_bias_shrink4
valence,eeg_entropy_complexity,4,stimulus_plus_fewshot_bias,midpoint_as_high,2240,0.8946428571428572,0.8954785906777123,0.8946185784192946,0.9512450344345743,1075,1165,0.5200892857142857,0.49508928571428573,-0.021428571428571352,-0.021247629503942544,-0.021417441235039858,-0.010099610739594755,stimulus_plus_fewshot_bias_shrink4
valence,eeg_entropy_complexity,4,stimulus_plus_fewshot_bias,discard_midpoint,1995,0.9067669172932331,0.9056521739130434,0.9060930328607322,0.9635010111223458,1075,920,0.46115288220551376,0.45413533834586467,-0.018045112781954864,-0.018233063700707763,-0.0181884189921393,-0.008558139534883713,stimulus_plus_fewshot_bias_shrink4
valence,eeg_entropy_complexity,4,stimulus_plus_fewshot_bias_plus_physio,midpoint_as_low,2240,0.8276785714285714,0.8383069828722003,0.8262657340184327,0.9090950263504611,1320,920,0.4107142857142857,0.49910714285714286,-0.013392857142857206,-0.013504611330698246,-0.013450102484645399,-0.00406002964426877,stimulus_plus_fewshot_bias_shrink4
valence,eeg_entropy_complexity,4,stimulus_plus_fewshot_bias_plus_physio,midpoint_as_high,2240,0.8915178571428571,0.8921868449945105,0.8914778664251873,0.9519528895099312,1075,1165,0.5200892857142857,0.49910714285714286,-0.024553571428571397,-0.02453937518714433,-0.024558153229147117,-0.009391755664237889,stimulus_plus_fewshot_bias_shrink4
valence,eeg_entropy_complexity,4,stimulus_plus_fewshot_bias_plus_physio,discard_midpoint,1995,0.9037593984962407,0.9033316481294237,0.9032048729109092,0.9635945399393326,1075,920,0.46115288220551376,0.4631578947368421,-0.021052631578947323,-0.020553589484327506,-0.021076578941962243,-0.008464610717896837,stimulus_plus_fewshot_bias_shrink4
valence,eeg_entropy_complexity,4,stimulus_plus_fewshot_bias_shrink4,midpoint_as_low,2240,0.8410714285714286,0.8518115942028985,0.8397158365030781,0.9131550559947299,1320,920,0.4107142857142857,0.4973214285714286,0.0,0.0,0.0,0.0,stimulus_plus_fewshot_bias_shrink4
valence,eeg_entropy_complexity,4,stimulus_plus_fewshot_bias_shrink4,midpoint_as_high,2240,0.9160714285714285,0.9167262201816548,0.9160360196543345,0.9613446451741691,1075,1165,0.5200892857142857,0.5004464285714286,0.0,0.0,0.0,0.0,stimulus_plus_fewshot_bias_shrink4
valence,eeg_entropy_complexity,4,stimulus_plus_fewshot_bias_shrink4,discard_midpoint,1995,0.924812030075188,0.9238852376137512,0.9242814518528715,0.9720591506572295,1075,920,0.46115288220551376,0.45513784461152884,0.0,0.0,0.0,0.0,stimulus_plus_fewshot_bias_shrink4
valence,eeg_entropy_complexity,4,stimulus_plus_fewshot_bias_shrink4_plus_physio,midpoint_as_low,2240,0.8388392857142857,0.851564558629776,0.8377801168703743,0.9193832345191041,1320,920,0.4107142857142857,0.5084821428571429,-0.0022321428571429047,-0.000247035573122556,-0.0019357196327037807,0.006228178524374184,stimulus_plus_fewshot_bias_shrink4
valence,eeg_entropy_complexity,4,stimulus_plus_fewshot_bias_shrink4_plus_physio,midpoint_as_high,2240,0.9142857142857143,0.914614232957381,0.9142156862745098,0.9631492164886716,1075,1165,0.5200892857142857,0.5084821428571429,-0.0017857142857142794,-0.002111987224273859,-0.001820333379824679,0.0018045713145025122,stimulus_plus_fewshot_bias_shrink4
valence,eeg_entropy_complexity,4,stimulus_plus_fewshot_bias_shrink4_plus_physio,discard_midpoint,1995,0.9228070175438596,0.9228083923154702,0.9224083588747887,0.9727047522750253,1075,920,0.46115288220551376,0.46716791979949873,-0.002005012531328343,-0.001076845298281004,-0.001873092978082802,0.0006456016177958102,stimulus_plus_fewshot_bias_shrink4
valence,eeg_entropy_complexity,4,stimulus_plus_physio,midpoint_as_low,2240,0.8375,0.8510869565217392,0.8365586224868202,0.920818511198946,1320,920,0.4107142857142857,0.5133928571428571,-0.0035714285714285587,-0.0007246376811593791,-0.003157214016257903,0.007663455204216074,stimulus_plus_fewshot_bias_shrink4
valence,eeg_entropy_complexity,4,stimulus_plus_physio,midpoint_as_high,2240,0.9165178571428572,0.9166523605150214,0.916424164126916,0.967124064277872,1075,1165,0.5200892857142857,0.5133928571428571,0.00044642857142862535,-7.385966663342458e-05,0.00038814447258150864,0.005779419103702943,stimulus_plus_fewshot_bias_shrink4
valence,eeg_entropy_complexity,4,stimulus_plus_physio,discard_midpoint,1995,0.9233082706766917,0.9235869565217392,0.9229502043276725,0.9758543983822042,1075,920,0.46115288220551376,0.4706766917293233,-0.0015037593984962294,-0.00029828109201202047,-0.0013312475251989753,0.0037952477249747485,stimulus_plus_fewshot_bias_shrink4
valence,eeg_entropy_complexity,16,stimulus_only,midpoint_as_low,1280,0.84609375,0.8572689480959912,0.8459356798570798,0.9124673051486311,726,554,0.4328125,0.53515625,-0.0007812500000000666,-0.0009025270758121762,-0.0007896378359797396,-0.00023619854601142354,stimulus_plus_fewshot_bias_shrink4
valence,eeg_entropy_complexity,16,stimulus_only,midpoint_as_high,1280,0.93046875,0.929734708916728,0.9299976956755511,0.9633431589290101,590,690,0.5390625,0.54296875,0.006249999999999978,0.005797101449275255,0.006216655755747924,0.0026074674527143404,stimulus_plus_fewshot_bias_shrink4
valence,eeg_entropy_complexity,16,stimulus_only,discard_midpoint,1144,0.9300699300699301,0.9303860980236187,0.9300440587898968,0.9735146545921801,590,554,0.48426573426573427,0.4965034965034965,-0.0008741258741258306,-0.0009025270758122872,-0.0008767197806854865,0.002545432295172234,stimulus_plus_fewshot_bias_shrink4
valence,eeg_entropy_complexity,16,stimulus_plus_fewshot_bias,midpoint_as_low,1280,0.84765625,0.8586463585643107,0.8474841297338122,0.9114019253910951,726,554,0.4328125,0.53359375,0.0007812499999999556,0.00047488339250734146,0.0007588120407525656,-0.0013015783035473794,stimulus_plus_fewshot_bias_shrink4
valence,eeg_entropy_complexity,16,stimulus_plus_fewshot_bias,midpoint_as_high,1280,0.92109375,0.921039056742815,0.920674998818838,0.9591279783836895,590,690,0.5390625,0.53359375,-0.0031249999999999334,-0.0028985507246377384,-0.00310604110096524,-0.0016077130926063221,stimulus_plus_fewshot_bias_shrink4
valence,eeg_entropy_complexity,16,stimulus_plus_fewshot_bias,discard_midpoint,1144,0.9300699300699301,0.9303860980236187,0.9300440587898968,0.9693553815089029,590,554,0.48426573426573427,0.4965034965034965,-0.0008741258741258306,-0.0009025270758122872,-0.0008767197806854865,-0.0016138407881050032,stimulus_plus_fewshot_bias_shrink4
valence,eeg_entropy_complexity,16,stimulus_plus_fewshot_bias_plus_physio,midpoint_as_low,1280,0.8421875,0.8540392437668447,0.8420760741832005,0.9183026523853567,726,554,0.4328125,0.540625,-0.004687500000000067,-0.004132231404958664,-0.004649243509859069,0.005599148690714206,stimulus_plus_fewshot_bias_shrink4
valence,eeg_entropy_complexity,16,stimulus_plus_fewshot_bias_plus_physio,midpoint_as_high,1280,0.915625,0.9149840334070254,0.9150857864515638,0.9610415131417342,590,690,0.5390625,0.540625,-0.008593749999999956,-0.008953574060427405,-0.008695253468239406,0.000305821665438466,stimulus_plus_fewshot_bias_shrink4
valence,eeg_entropy_complexity,16,stimulus_plus_fewshot_bias_plus_physio,discard_midpoint,1144,0.923951048951049,0.9245089640824817,0.9239412273120138,0.9711650247812519,590,554,0.48426573426573427,0.5043706293706294,-0.006993006993006978,-0.006779661016949268,-0.006979551258568528,0.00019580248424400093,stimulus_plus_fewshot_bias_shrink4
valence,eeg_entropy_complexity,16,stimulus_plus_fewshot_bias_shrink4,midpoint_as_low,1280,0.846875,0.8581714751718034,0.8467253176930596,0.9127035036946425,726,554,0.4328125,0.5359375,0.0,0.0,0.0,0.0,stimulus_plus_fewshot_bias_shrink4
valence,eeg_entropy_complexity,16,stimulus_plus_fewshot_bias_shrink4,midpoint_as_high,1280,0.92421875,0.9239376074674528,0.9237810399198032,0.9607356914762958,590,690,0.5390625,0.53671875,0.0,0.0,0.0,0.0,stimulus_plus_fewshot_bias_shrink4
valence,eeg_entropy_complexity,16,stimulus_plus_fewshot_bias_shrink4,discard_midpoint,1144,0.9309440559440559,0.931288625099431,0.9309207785705823,0.9709692222970079,590,554,0.48426573426573427,0.4973776223776224,0.0,0.0,0.0,0.0,stimulus_plus_fewshot_bias_shrink4
valence,eeg_entropy_complexity,16,stimulus_plus_fewshot_bias_shrink4_plus_physio,midpoint_as_low,1280,0.83828125,0.8503818957543934,0.8381863385445198,0.9195781245338187,726,554,0.4328125,0.54296875,-0.008593750000000067,-0.007789579417409986,-0.008538979148539738,0.0068746208391762265,stimulus_plus_fewshot_bias_shrink4
valence,eeg_entropy_complexity,16,stimulus_plus_fewshot_bias_shrink4_plus_physio,midpoint_as_high,1280,0.91484375,0.9140137558339474,0.9142668407711806,0.9627634487840825,590,690,0.5390625,0.54296875,-0.009375000000000022,-0.009923851633505398,-0.009514199148622615,0.002027757307786704,stimulus_plus_fewshot_bias_shrink4
valence,eeg_entropy_complexity,16,stimulus_plus_fewshot_bias_shrink4_plus_physio,discard_midpoint,1144,0.9213286713286714,0.9219115217524323,0.9213200141831832,0.9725998898611026,590,554,0.48426573426573427,0.5052447552447552,-0.009615384615384581,-0.009377103346998705,-0.009600764387399097,0.00163066756409469,stimulus_plus_fewshot_bias_shrink4
valence,eeg_entropy_complexity,16,stimulus_plus_physio,midpoint_as_low,1280,0.83828125,0.8503818957543934,0.8381863385445198,0.9185413372318525,726,554,0.4328125,0.54296875,-0.008593750000000067,-0.007789579417409986,-0.008538979148539738,0.005837833537210013,stimulus_plus_fewshot_bias_shrink4
valence,eeg_entropy_complexity,16,stimulus_plus_physio,midpoint_as_high,1280,0.91484375,0.9140137558339474,0.9142668407711806,0.9654065340211251,590,690,0.5390625,0.54296875,-0.009375000000000022,-0.009923851633505398,-0.009514199148622615,0.004670842544829301,stimulus_plus_fewshot_bias_shrink4
valence,eeg_entropy_complexity,16,stimulus_plus_physio,discard_midpoint,1144,0.9213286713286714,0.9219115217524323,0.9213200141831832,0.9751208468457444,590,554,0.48426573426573427,0.5052447552447552,-0.009615384615384581,-0.009377103346998705,-0.009600764387399097,0.004151624548736521,stimulus_plus_fewshot_bias_shrink4
valence,emg_existing_22,0,stimulus_only,midpoint_as_low,128,0.84375,0.8555974842767295,0.8427904691721936,0.9122012578616352,75,53,0.4140625,0.5078125,0.0,0.0,0.0,0.0,stimulus_plus_fewshot_bias_shrink4
valence,emg_existing_22,0,stimulus_only,midpoint_as_high,128,0.9296875,0.9298996819182774,0.9295800476801761,0.9634206019084903,61,67,0.5234375,0.515625,0.0,0.0,0.0,0.0,stimulus_plus_fewshot_bias_shrink4
valence,emg_existing_22,0,stimulus_only,discard_midpoint,114,0.9298245614035088,0.9294772656974946,0.9294772656974946,0.9737086297556449,61,53,0.4649122807017544,0.4649122807017544,0.0,0.0,0.0,0.0,stimulus_plus_fewshot_bias_shrink4
valence,emg_existing_22,0,stimulus_plus_fewshot_bias,midpoint_as_low,128,0.84375,0.8555974842767295,0.8427904691721936,0.9122012578616352,75,53,0.4140625,0.5078125,0.0,0.0,0.0,0.0,stimulus_plus_fewshot_bias_shrink4
valence,emg_existing_22,0,stimulus_plus_fewshot_bias,midpoint_as_high,128,0.9296875,0.9298996819182774,0.9295800476801761,0.9634206019084903,61,67,0.5234375,0.515625,0.0,0.0,0.0,0.0,stimulus_plus_fewshot_bias_shrink4
valence,emg_existing_22,0,stimulus_plus_fewshot_bias,discard_midpoint,114,0.9298245614035088,0.9294772656974946,0.9294772656974946,0.9737086297556449,61,53,0.4649122807017544,0.4649122807017544,0.0,0.0,0.0,0.0,stimulus_plus_fewshot_bias_shrink4
valence,emg_existing_22,0,stimulus_plus_fewshot_bias_plus_physio,midpoint_as_low,128,0.84375,0.8555974842767295,0.8427904691721936,0.9129559748427672,75,53,0.4140625,0.5078125,0.0,0.0,0.0,0.0007547169811320531,stimulus_plus_fewshot_bias_shrink4
valence,emg_existing_22,0,stimulus_plus_fewshot_bias_plus_physio,midpoint_as_high,128,0.921875,0.9224369953511133,0.9217986314760508,0.9640322975287497,61,67,0.5234375,0.5078125,-0.0078125,-0.00746268656716409,-0.007781416204125313,0.0006116956202594226,stimulus_plus_fewshot_bias_shrink4
valence,emg_existing_22,0,stimulus_plus_fewshot_bias_plus_physio,discard_midpoint,114,0.9298245614035088,0.9294772656974946,0.9294772656974946,0.9740179399938138,61,53,0.4649122807017544,0.4649122807017544,0.0,0.0,0.0,0.0003093102381689361,stimulus_plus_fewshot_bias_shrink4
valence,emg_existing_22,0,stimulus_plus_fewshot_bias_shrink4,midpoint_as_low,128,0.84375,0.8555974842767295,0.8427904691721936,0.9122012578616352,75,53,0.4140625,0.5078125,0.0,0.0,0.0,0.0,stimulus_plus_fewshot_bias_shrink4
valence,emg_existing_22,0,stimulus_plus_fewshot_bias_shrink4,midpoint_as_high,128,0.9296875,0.9298996819182774,0.9295800476801761,0.9634206019084903,61,67,0.5234375,0.515625,0.0,0.0,0.0,0.0,stimulus_plus_fewshot_bias_shrink4
valence,emg_existing_22,0,stimulus_plus_fewshot_bias_shrink4,discard_midpoint,114,0.9298245614035088,0.9294772656974946,0.9294772656974946,0.9737086297556449,61,53,0.4649122807017544,0.4649122807017544,0.0,0.0,0.0,0.0,stimulus_plus_fewshot_bias_shrink4
valence,emg_existing_22,0,stimulus_plus_fewshot_bias_shrink4_plus_physio,midpoint_as_low,128,0.84375,0.8555974842767295,0.8427904691721936,0.9129559748427672,75,53,0.4140625,0.5078125,0.0,0.0,0.0,0.0007547169811320531,stimulus_plus_fewshot_bias_shrink4
valence,emg_existing_22,0,stimulus_plus_fewshot_bias_shrink4_plus_physio,midpoint_as_high,128,0.921875,0.9224369953511133,0.9217986314760508,0.9640322975287497,61,67,0.5234375,0.5078125,-0.0078125,-0.00746268656716409,-0.007781416204125313,0.0006116956202594226,stimulus_plus_fewshot_bias_shrink4
valence,emg_existing_22,0,stimulus_plus_fewshot_bias_shrink4_plus_physio,discard_midpoint,114,0.9298245614035088,0.9294772656974946,0.9294772656974946,0.9740179399938138,61,53,0.4649122807017544,0.4649122807017544,0.0,0.0,0.0,0.0003093102381689361,stimulus_plus_fewshot_bias_shrink4
valence,emg_existing_22,0,stimulus_plus_physio,midpoint_as_low,128,0.84375,0.8555974842767295,0.8427904691721936,0.9129559748427672,75,53,0.4140625,0.5078125,0.0,0.0,0.0,0.0007547169811320531,stimulus_plus_fewshot_bias_shrink4
valence,emg_existing_22,0,stimulus_plus_physio,midpoint_as_high,128,0.921875,0.9224369953511133,0.9217986314760508,0.9640322975287497,61,67,0.5234375,0.5078125,-0.0078125,-0.00746268656716409,-0.007781416204125313,0.0006116956202594226,stimulus_plus_fewshot_bias_shrink4
valence,emg_existing_22,0,stimulus_plus_physio,discard_midpoint,114,0.9298245614035088,0.9294772656974946,0.9294772656974946,0.9740179399938138,61,53,0.4649122807017544,0.4649122807017544,0.0,0.0,0.0,0.0003093102381689361,stimulus_plus_fewshot_bias_shrink4
valence,emg_existing_22,4,stimulus_only,midpoint_as_low,2240,0.8455357142857143,0.8573339899860462,0.8446408884078016,0.9139152918000493,1310,930,0.41517857142857145,0.5089285714285714,-0.004464285714285698,-0.004440613970286389,-0.004469459273521048,-0.00018345235163752527,stimulus_plus_fewshot_bias_shrink4
valence,emg_existing_22,4,stimulus_only,midpoint_as_high,2240,0.9299107142857143,0.9300708798302464,0.9297998933664213,0.9633333493116539,1068,1172,0.5232142857142857,0.5165178571428571,0.0058035714285713524,0.005504531451726358,0.0057756673097635325,0.002691148649512365,stimulus_plus_fewshot_bias_shrink4
valence,emg_existing_22,4,stimulus_only,discard_midpoint,1998,0.9304304304304304,0.930201159840522,0.9301113625090878,0.9739755748862309,1068,930,0.46546546546546547,0.466966966966967,-0.0025025025025025016,-0.0026187024284159977,-0.0025275578296650725,0.0018444686077886407,stimulus_plus_fewshot_bias_shrink4
valence,emg_existing_22,4,stimulus_plus_fewshot_bias,midpoint_as_low,2240,0.84375,0.8509726668308298,0.8421142512832245,0.9094159894935566,1310,930,0.41517857142857145,0.4830357142857143,-0.006249999999999978,-0.010801937125502703,-0.006996096398098173,-0.004682754658130173,stimulus_plus_fewshot_bias_shrink4
valence,emg_existing_22,4,stimulus_plus_fewshot_bias,midpoint_as_high,2240,0.89375,0.895057585867495,0.8937309386648594,0.9526075021410949,1068,1172,0.5232142857142857,0.4901785714285714,-0.03035714285714286,-0.029508762511025077,-0.030293287391798374,-0.008034698521046657,stimulus_plus_fewshot_bias_shrink4
valence,emg_existing_22,4,stimulus_plus_fewshot_bias,discard_midpoint,1998,0.9124124124124124,0.9111936692038178,0.911839969057632,0.9661023518988361,1068,930,0.46546546546546547,0.45395395395395394,-0.020520520520520447,-0.021626193065120147,-0.02079895128112086,-0.006028754379606149,stimulus_plus_fewshot_bias_shrink4
valence,emg_existing_22,4,stimulus_plus_fewshot_bias_plus_physio,midpoint_as_low,2240,0.8424107142857142,0.8504514487400476,0.8409177647931974,0.9100952146433555,1310,930,0.41517857142857145,0.48794642857142856,-0.007589285714285743,-0.011323155216284908,-0.0081925828881253,-0.004003529508331272,stimulus_plus_fewshot_bias_shrink4
valence,emg_existing_22,4,stimulus_plus_fewshot_bias_plus_physio,midpoint_as_high,2240,0.8950892857142857,0.8965036238831154,0.8950762162458454,0.9542844268895962,1068,1172,0.5232142857142857,0.48794642857142856,-0.029017857142857206,-0.02806272449540459,-0.02894800981081236,-0.0063577737725453165,stimulus_plus_fewshot_bias_shrink4
valence,emg_existing_22,4,stimulus_plus_fewshot_bias_plus_physio,discard_midpoint,1998,0.9134134134134134,0.9124078772502114,0.9128891559153917,0.9672777979138979,1068,930,0.46546546546546547,0.456956956956957,-0.019519519519519468,-0.02041198501872654,-0.019749764423361182,-0.00485330836454434,stimulus_plus_fewshot_bias_shrink4
valence,emg_existing_22,4,stimulus_plus_fewshot_bias_shrink4,midpoint_as_low,2240,0.85,0.8617746039563325,0.8491103476813227,0.9140987441516868,1310,930,0.41517857142857145,0.5080357142857143,0.0,0.0,0.0,0.0,stimulus_plus_fewshot_bias_shrink4
valence,emg_existing_22,4,stimulus_plus_fewshot_bias_shrink4,midpoint_as_high,2240,0.9241071428571429,0.92456634837852,0.9240242260566578,0.9606422006621416,1068,1172,0.5232142857142857,0.5098214285714285,0.0,0.0,0.0,0.0,stimulus_plus_fewshot_bias_shrink4
valence,emg_existing_22,4,stimulus_plus_fewshot_bias_shrink4,discard_midpoint,1998,0.9329329329329329,0.932819862268938,0.9326389203387528,0.9721311062784422,1068,930,0.46546546546546547,0.46846846846846846,0.0,0.0,0.0,0.0,stimulus_plus_fewshot_bias_shrink4
valence,emg_existing_22,4,stimulus_plus_fewshot_bias_shrink4_plus_physio,midpoint_as_low,2240,0.8450892857142858,0.8563284905195765,0.8441159736404218,0.9144660592629074,1310,930,0.41517857142857145,0.5058035714285715,-0.004910714285714213,-0.00544611343675605,-0.004994374040900862,0.0003673151112205675,stimulus_plus_fewshot_bias_shrink4
valence,emg_existing_22,4,stimulus_plus_fewshot_bias_shrink4_plus_physio,midpoint_as_high,2240,0.9183035714285714,0.9189371860259998,0.9182347221183335,0.9619292543876469,1068,1172,0.5232142857142857,0.5058035714285715,-0.0058035714285714635,-0.005629162352520201,-0.005789503938324336,0.001287053725505305,stimulus_plus_fewshot_bias_shrink4
valence,emg_existing_22,4,stimulus_plus_fewshot_bias_shrink4_plus_physio,discard_midpoint,1998,0.9279279279279279,0.9275824574121059,0.9275824574121059,0.9728947686359792,1068,930,0.46546546546546547,0.46546546546546547,-0.005005005005005003,-0.005237404856832106,-0.005056462926646965,0.0007636623575369983,stimulus_plus_fewshot_bias_shrink4
valence,emg_existing_22,4,stimulus_plus_physio,midpoint_as_low,2240,0.8455357142857143,0.8573339899860462,0.8446408884078016,0.9149971271443815,1310,930,0.41517857142857145,0.5089285714285714,-0.004464285714285698,-0.004440613970286389,-0.004469459273521048,0.0008983829926947351,stimulus_plus_fewshot_bias_shrink4
valence,emg_existing_22,4,stimulus_plus_physio,midpoint_as_high,2240,0.9223214285714286,0.9228183201032838,0.92224109092302,0.964114289731692,1068,1172,0.5232142857142857,0.5089285714285714,-0.0017857142857142794,-0.0017480282752362353,-0.0017831351336378143,0.0034720890695504325,stimulus_plus_fewshot_bias_shrink4
valence,emg_existing_22,4,stimulus_plus_physio,discard_midpoint,1998,0.9304304304304304,0.930201159840522,0.9301113625090878,0.9744432362772341,1068,930,0.46546546546546547,0.466966966966967,-0.0025025025025025016,-0.0026187024284159977,-0.0025275578296650725,0.002312129998791823,stimulus_plus_fewshot_bias_shrink4
valence,emg_existing_22,16,stimulus_only,midpoint_as_low,1280,0.84296875,0.8556824885621039,0.8415528412775541,0.9120604923549026,761,519,0.40546875,0.5,-0.0007812499999999556,-0.0009633911368014392,-0.0008116907421502617,-0.00040257343167271475,stimulus_plus_fewshot_bias_shrink4
valence,emg_existing_22,16,stimulus_only,midpoint_as_high,1280,0.9203125,0.920659249861271,0.9202687022900764,0.9592796849446673,617,663,0.51796875,0.50546875,0.004687499999999956,0.004524886877828038,0.004673375808110114,0.002083990309750594,stimulus_plus_fewshot_bias_shrink4
valence,emg_existing_22,16,stimulus_only,discard_midpoint,1136,0.9269366197183099,0.9266183253545186,0.9264220571515078,0.9722662019904879,617,519,0.45686619718309857,0.4595070422535211,-0.0008802816901408717,-0.0009633911368014392,-0.0008972006859842008,0.0014521130587121789,stimulus_plus_fewshot_bias_shrink4
valence,emg_existing_22,16,stimulus_plus_fewshot_bias,midpoint_as_low,1280,0.83984375,0.8515225631014864,0.838251438877968,0.9118364184636887,761,519,0.40546875,0.4953125,-0.00390625,-0.0051233165974189365,-0.004113093141736357,-0.000626647322886642,stimulus_plus_fewshot_bias_shrink4
valence,emg_existing_22,16,stimulus_plus_fewshot_bias,midpoint_as_high,1280,0.9125,0.9130615467730541,0.9124741439731952,0.9559465227307729,617,663,0.51796875,0.49921875,-0.0031250000000000444,-0.0030728162103889067,-0.0031211825087711365,-0.0012491719041438643,stimulus_plus_fewshot_bias_shrink4
valence,emg_existing_22,16,stimulus_plus_fewshot_bias,discard_midpoint,1136,0.9216549295774648,0.920990996899036,0.9210553644700729,0.9700099618078651,617,519,0.45686619718309857,0.45598591549295775,-0.0061619718309859906,-0.006590719592284078,-0.006263893367419171,-0.0008041271239105363,stimulus_plus_fewshot_bias_shrink4
valence,emg_existing_22,16,stimulus_plus_fewshot_bias_plus_physio,midpoint_as_low,1280,0.8390625,0.8508655328780962,0.837487765974494,0.912717522578293,761,519,0.40546875,0.49609375,-0.004687499999999956,-0.00578034682080919,-0.004876766045210368,0.0002544567917176499,stimulus_plus_fewshot_bias_shrink4
valence,emg_existing_22,16,stimulus_plus_fewshot_bias_plus_physio,midpoint_as_high,1280,0.909375,0.9100449555211687,0.9093570750075088,0.9571590261837187,617,663,0.51796875,0.49609375,-0.006249999999999978,-0.0060894074622742655,-0.006238251474457446,-3.666845119798534e-05,stimulus_plus_fewshot_bias_shrink4
valence,emg_existing_22,16,stimulus_plus_fewshot_bias_plus_physio,discard_midpoint,1136,0.9216549295774648,0.920990996899036,0.9210553644700729,0.9706048597383699,617,519,0.45686619718309857,0.45598591549295775,-0.0061619718309859906,-0.006590719592284078,-0.006263893367419171,-0.00020922919340582435,stimulus_plus_fewshot_bias_shrink4
valence,emg_existing_22,16,stimulus_plus_fewshot_bias_shrink4,midpoint_as_low,1280,0.84375,0.8566458796989054,0.8423645320197044,0.9124630657865753,761,519,0.40546875,0.50078125,0.0,0.0,0.0,0.0,stimulus_plus_fewshot_bias_shrink4
valence,emg_existing_22,16,stimulus_plus_fewshot_bias_shrink4,midpoint_as_high,1280,0.915625,0.916134362983443,0.9155953264819663,0.9571956946349167,617,663,0.51796875,0.50078125,0.0,0.0,0.0,0.0,stimulus_plus_fewshot_bias_shrink4
valence,emg_existing_22,16,stimulus_plus_fewshot_bias_shrink4,discard_midpoint,1136,0.9278169014084507,0.92758171649132,0.927319257837492,0.9708140889317757,617,519,0.45686619718309857,0.460387323943662,0.0,0.0,0.0,0.0,stimulus_plus_fewshot_bias_shrink4
valence,emg_existing_22,16,stimulus_plus_fewshot_bias_shrink4_plus_physio,midpoint_as_low,1280,0.840625,0.8527923151516993,0.8391151332327802,0.9135657118840184,761,519,0.40546875,0.49765625,-0.0031250000000000444,-0.0038535645472060898,-0.003249398786924207,0.0011026460974430385,stimulus_plus_fewshot_bias_shrink4
valence,emg_existing_22,16,stimulus_plus_fewshot_bias_shrink4_plus_physio,midpoint_as_high,1280,0.9125,0.9131177717315576,0.9124786324786325,0.958650209865769,617,663,0.51796875,0.49765625,-0.0031250000000000444,-0.003016591251885359,-0.0031166940033338086,0.0014545152308522713,stimulus_plus_fewshot_bias_shrink4
valence,emg_existing_22,16,stimulus_plus_fewshot_bias_shrink4_plus_physio,discard_midpoint,1136,0.9242957746478874,0.923728151944114,0.923728151944114,0.9717478132426466,617,519,0.45686619718309857,0.45686619718309857,-0.0035211267605633756,-0.0038535645472060898,-0.003591105893378077,0.0009337243108709092,stimulus_plus_fewshot_bias_shrink4
valence,emg_existing_22,16,stimulus_plus_physio,midpoint_as_low,1280,0.84296875,0.8556824885621039,0.8415528412775541,0.9123681192225016,761,519,0.40546875,0.5,-0.0007812499999999556,-0.0009633911368014392,-0.0008116907421502617,-9.494656407371682e-05,stimulus_plus_fewshot_bias_shrink4
valence,emg_existing_22,16,stimulus_plus_physio,midpoint_as_high,1280,0.91484375,0.9153802151704716,0.9148162462123085,0.9599213828406316,617,663,0.51796875,0.5,-0.0007812500000000666,-0.0007541478129713397,-0.0007790802696577837,0.002725688205714838,stimulus_plus_fewshot_bias_shrink4
valence,emg_existing_22,16,stimulus_plus_physio,discard_midpoint,1136,0.9269366197183099,0.9266183253545186,0.9264220571515078,0.9724160975320324,617,519,0.45686619718309857,0.4595070422535211,-0.0008802816901408717,-0.0009633911368014392,-0.0008972006859842008,0.0016020086002567213,stimulus_plus_fewshot_bias_shrink4
valence,emg_lagged_interaction_experimental,0,stimulus_only,midpoint_as_low,128,0.84375,0.8555974842767295,0.8427904691721936,0.9122012578616352,75,53,0.4140625,0.5078125,0.0,0.0,0.0,0.0,stimulus_plus_fewshot_bias_shrink4
valence,emg_lagged_interaction_experimental,0,stimulus_only,midpoint_as_high,128,0.9296875,0.9298996819182774,0.9295800476801761,0.9634206019084903,61,67,0.5234375,0.515625,0.0,0.0,0.0,0.0,stimulus_plus_fewshot_bias_shrink4
valence,emg_lagged_interaction_experimental,0,stimulus_only,discard_midpoint,114,0.9298245614035088,0.9294772656974946,0.9294772656974946,0.9737086297556449,61,53,0.4649122807017544,0.4649122807017544,0.0,0.0,0.0,0.0,stimulus_plus_fewshot_bias_shrink4
valence,emg_lagged_interaction_experimental,0,stimulus_plus_fewshot_bias,midpoint_as_low,128,0.84375,0.8555974842767295,0.8427904691721936,0.9122012578616352,75,53,0.4140625,0.5078125,0.0,0.0,0.0,0.0,stimulus_plus_fewshot_bias_shrink4
valence,emg_lagged_interaction_experimental,0,stimulus_plus_fewshot_bias,midpoint_as_high,128,0.9296875,0.9298996819182774,0.9295800476801761,0.9634206019084903,61,67,0.5234375,0.515625,0.0,0.0,0.0,0.0,stimulus_plus_fewshot_bias_shrink4
valence,emg_lagged_interaction_experimental,0,stimulus_plus_fewshot_bias,discard_midpoint,114,0.9298245614035088,0.9294772656974946,0.9294772656974946,0.9737086297556449,61,53,0.4649122807017544,0.4649122807017544,0.0,0.0,0.0,0.0,stimulus_plus_fewshot_bias_shrink4
valence,emg_lagged_interaction_experimental,0,stimulus_plus_fewshot_bias_plus_physio,midpoint_as_low,128,0.84375,0.8555974842767295,0.8427904691721936,0.9152201257861635,75,53,0.4140625,0.5078125,0.0,0.0,0.0,0.0030188679245283234,stimulus_plus_fewshot_bias_shrink4
valence,emg_lagged_interaction_experimental,0,stimulus_plus_fewshot_bias_plus_physio,midpoint_as_high,128,0.921875,0.9224369953511133,0.9217986314760508,0.9630535845363347,61,67,0.5234375,0.5078125,-0.0078125,-0.00746268656716409,-0.007781416204125313,-0.00036701737215560915,stimulus_plus_fewshot_bias_shrink4
valence,emg_lagged_interaction_experimental,0,stimulus_plus_fewshot_bias_plus_physio,discard_midpoint,114,0.9298245614035088,0.9294772656974946,0.9294772656974946,0.9740179399938138,61,53,0.4649122807017544,0.4649122807017544,0.0,0.0,0.0,0.0003093102381689361,stimulus_plus_fewshot_bias_shrink4
valence,emg_lagged_interaction_experimental,0,stimulus_plus_fewshot_bias_shrink4,midpoint_as_low,128,0.84375,0.8555974842767295,0.8427904691721936,0.9122012578616352,75,53,0.4140625,0.5078125,0.0,0.0,0.0,0.0,stimulus_plus_fewshot_bias_shrink4
valence,emg_lagged_interaction_experimental,0,stimulus_plus_fewshot_bias_shrink4,midpoint_as_high,128,0.9296875,0.9298996819182774,0.9295800476801761,0.9634206019084903,61,67,0.5234375,0.515625,0.0,0.0,0.0,0.0,stimulus_plus_fewshot_bias_shrink4
valence,emg_lagged_interaction_experimental,0,stimulus_plus_fewshot_bias_shrink4,discard_midpoint,114,0.9298245614035088,0.9294772656974946,0.9294772656974946,0.9737086297556449,61,53,0.4649122807017544,0.4649122807017544,0.0,0.0,0.0,0.0,stimulus_plus_fewshot_bias_shrink4
valence,emg_lagged_interaction_experimental,0,stimulus_plus_fewshot_bias_shrink4_plus_physio,midpoint_as_low,128,0.84375,0.8555974842767295,0.8427904691721936,0.9152201257861635,75,53,0.4140625,0.5078125,0.0,0.0,0.0,0.0030188679245283234,stimulus_plus_fewshot_bias_shrink4
valence,emg_lagged_interaction_experimental,0,stimulus_plus_fewshot_bias_shrink4_plus_physio,midpoint_as_high,128,0.921875,0.9224369953511133,0.9217986314760508,0.9630535845363347,61,67,0.5234375,0.5078125,-0.0078125,-0.00746268656716409,-0.007781416204125313,-0.00036701737215560915,stimulus_plus_fewshot_bias_shrink4
valence,emg_lagged_interaction_experimental,0,stimulus_plus_fewshot_bias_shrink4_plus_physio,discard_midpoint,114,0.9298245614035088,0.9294772656974946,0.9294772656974946,0.9740179399938138,61,53,0.4649122807017544,0.4649122807017544,0.0,0.0,0.0,0.0003093102381689361,stimulus_plus_fewshot_bias_shrink4
valence,emg_lagged_interaction_experimental,0,stimulus_plus_physio,midpoint_as_low,128,0.84375,0.8555974842767295,0.8427904691721936,0.9152201257861635,75,53,0.4140625,0.5078125,0.0,0.0,0.0,0.0030188679245283234,stimulus_plus_fewshot_bias_shrink4
valence,emg_lagged_interaction_experimental,0,stimulus_plus_physio,midpoint_as_high,128,0.921875,0.9224369953511133,0.9217986314760508,0.9630535845363347,61,67,0.5234375,0.5078125,-0.0078125,-0.00746268656716409,-0.007781416204125313,-0.00036701737215560915,stimulus_plus_fewshot_bias_shrink4
valence,emg_lagged_interaction_experimental,0,stimulus_plus_physio,discard_midpoint,114,0.9298245614035088,0.9294772656974946,0.9294772656974946,0.9740179399938138,61,53,0.4649122807017544,0.4649122807017544,0.0,0.0,0.0,0.0003093102381689361,stimulus_plus_fewshot_bias_shrink4
valence,emg_lagged_interaction_experimental,4,stimulus_only,midpoint_as_low,2240,0.84375,0.8553006159465835,0.8427344941025435,0.9121924888530676,1313,927,0.4138392857142857,0.5058035714285715,0.001339285714285765,0.002093824020191426,0.0014537243367583885,0.001415190062695637,stimulus_plus_fewshot_bias_shrink4
valence,emg_lagged_interaction_experimental,4,stimulus_only,midpoint_as_high,2240,0.9285714285714286,0.9287896858840756,0.9284708406911506,0.9624843924623682,1069,1171,0.5227678571428571,0.5147321428571429,0.012500000000000067,0.011996334874848191,0.012455718945784011,0.0014367322549386774,stimulus_plus_fewshot_bias_shrink4
valence,emg_lagged_interaction_experimental,4,stimulus_only,discard_midpoint,1996,0.9283567134268537,0.9279564423696949,0.9279870883979002,0.9735449254916682,1069,927,0.46442885771543085,0.46392785571142287,0.003507014028056088,0.003703972802213573,0.003552847265897885,0.001954159741584638,stimulus_plus_fewshot_bias_shrink4
valence,emg_lagged_interaction_experimental,4,stimulus_plus_fewshot_bias,midpoint_as_low,2240,0.8375,0.8460051382285353,0.835974816855712,0.9015701420776879,1313,927,0.4138392857142857,0.48973214285714284,-0.004910714285714213,-0.007201653697856747,-0.005305952910073186,-0.009207156712684017,stimulus_plus_fewshot_bias_shrink4
valence,emg_lagged_interaction_experimental,4,stimulus_plus_fewshot_bias,midpoint_as_high,2240,0.8959821428571428,0.896886401091549,0.8959363287927102,0.9524540281626683,1069,1171,0.5227678571428571,0.4982142857142857,-0.0200892857142857,-0.019906949917678385,-0.020078792952656355,-0.008593632044761157,stimulus_plus_fewshot_bias_shrink4
valence,emg_lagged_interaction_experimental,4,stimulus_plus_fewshot_bias,discard_midpoint,1996,0.9093186372745491,0.908391635207369,0.9087684795243222,0.9637383030446142,1069,927,0.46442885771543085,0.45791583166332667,-0.015531062124248485,-0.01586083436011232,-0.015665761607680184,-0.007852462705469354,stimulus_plus_fewshot_bias_shrink4
valence,emg_lagged_interaction_experimental,4,stimulus_plus_fewshot_bias_plus_physio,midpoint_as_low,2240,0.8325892857142857,0.8426090928734398,0.8313109050471175,0.8996993799454628,1313,927,0.4138392857142857,0.49910714285714286,-0.009821428571428537,-0.01059769905295227,-0.009969864718667676,-0.011077918844909163,stimulus_plus_fewshot_bias_shrink4
valence,emg_lagged_interaction_experimental,4,stimulus_plus_fewshot_bias_plus_physio,midpoint_as_high,2240,0.8924107142857143,0.8932668104064629,0.8923592064841295,0.9513659940613469,1069,1171,0.5227678571428571,0.49910714285714286,-0.023660714285714257,-0.02352654060276449,-0.023655915261237115,-0.009681666146082568,stimulus_plus_fewshot_bias_shrink4
valence,emg_lagged_interaction_experimental,4,stimulus_plus_fewshot_bias_plus_physio,discard_midpoint,1996,0.906813627254509,0.906411238361069,0.9063529155366137,0.9620994931193193,1069,927,0.46442885771543085,0.4654308617234469,-0.018036072144288595,-0.017841231206412345,-0.018081325595388664,-0.009491272630764214,stimulus_plus_fewshot_bias_shrink4
valence,emg_lagged_interaction_experimental,4,stimulus_plus_fewshot_bias_shrink4,midpoint_as_low,2240,0.8424107142857142,0.853206791926392,0.8412807697657851,0.910777298790372,1313,927,0.4138392857142857,0.5017857142857143,0.0,0.0,0.0,0.0,stimulus_plus_fewshot_bias_shrink4
valence,emg_lagged_interaction_experimental,4,stimulus_plus_fewshot_bias_shrink4,midpoint_as_high,2240,0.9160714285714285,0.9167933510092274,0.9160151217453666,0.9610476602074295,1069,1171,0.5227678571428571,0.503125,0.0,0.0,0.0,0.0,stimulus_plus_fewshot_bias_shrink4
valence,emg_lagged_interaction_experimental,4,stimulus_plus_fewshot_bias_shrink4,discard_midpoint,1996,0.9248496993987976,0.9242524695674813,0.9244342411320023,0.9715907657500835,1069,927,0.46442885771543085,0.46142284569138275,0.0,0.0,0.0,0.0,stimulus_plus_fewshot_bias_shrink4
valence,emg_lagged_interaction_experimental,4,stimulus_plus_fewshot_bias_shrink4_plus_physio,midpoint_as_low,2240,0.8410714285714286,0.8522229370061727,0.8399917812792952,0.9093908644038414,1313,927,0.4138392857142857,0.5040178571428572,-0.001339285714285654,-0.0009838549202193514,-0.0012889884864899503,-0.0013864343865305218,stimulus_plus_fewshot_bias_shrink4
valence,emg_lagged_interaction_experimental,4,stimulus_plus_fewshot_bias_shrink4_plus_physio,midpoint_as_high,2240,0.9142857142857143,0.9149631849841708,0.914224172317511,0.9605032437316214,1069,1171,0.5227678571428571,0.5040178571428572,-0.0017857142857142794,-0.0018301660250565899,-0.001790949427855626,-0.0005444164758080516,stimulus_plus_fewshot_bias_shrink4
valence,emg_lagged_interaction_experimental,4,stimulus_plus_fewshot_bias_shrink4_plus_physio,discard_midpoint,1996,0.9238476953907816,0.9233886633507002,0.9234492642457762,0.9703964729258308,1069,927,0.46442885771543085,0.4634268537074148,-0.0010020040080159776,-0.0008638062167810601,-0.0009849768862261188,-0.0011942928242527628,stimulus_plus_fewshot_bias_shrink4
valence,emg_lagged_interaction_experimental,4,stimulus_plus_physio,midpoint_as_low,2240,0.84375,0.8553006159465835,0.8427344941025435,0.9149456394481867,1313,927,0.4138392857142857,0.5058035714285715,0.001339285714285765,0.002093824020191426,0.0014537243367583885,0.004168340657814795,stimulus_plus_fewshot_bias_shrink4
valence,emg_lagged_interaction_experimental,4,stimulus_plus_physio,midpoint_as_high,2240,0.9196428571428571,0.9202499762342038,0.9195772058823529,0.9620402316985395,1069,1171,0.5227678571428571,0.5058035714285715,0.0035714285714285587,0.003456625224976362,0.003562084136986332,0.0009925714911099837,stimulus_plus_fewshot_bias_shrink4
valence,emg_lagged_interaction_experimental,4,stimulus_plus_physio,discard_midpoint,1996,0.9283567134268537,0.9279564423696949,0.9279870883979002,0.9737326217023239,1069,927,0.46442885771543085,0.46392785571142287,0.003507014028056088,0.003703972802213573,0.003552847265897885,0.002141855952240368,stimulus_plus_fewshot_bias_shrink4
valence,emg_lagged_interaction_experimental,16,stimulus_only,midpoint_as_low,1280,0.8453125,0.8573783304441929,0.8447359457359972,0.909704756560687,742,538,0.4203125,0.51875,-0.002343749999999978,-0.002532590506918897,-0.002367004331722211,-0.0012813254641830252,stimulus_plus_fewshot_bias_shrink4
valence,emg_lagged_interaction_experimental,16,stimulus_only,midpoint_as_high,1280,0.93359375,0.9336718809371469,0.933364976803295,0.9640002059232348,599,681,0.53203125,0.5265625,0.006249999999999978,0.005873715124816492,0.006220842269651472,0.0028596363493732513,stimulus_plus_fewshot_bias_shrink4
valence,emg_lagged_interaction_experimental,16,stimulus_only,discard_midpoint,1137,0.9340369393139841,0.9339884938342095,0.933864844637643,0.9742771409598401,599,538,0.4731750219876869,0.4758135444151275,-0.0017590149516271136,-0.0018587360594796154,-0.001774984678139191,0.0019937193960193333,stimulus_plus_fewshot_bias_shrink4
valence,emg_lagged_interaction_experimental,16,stimulus_plus_fewshot_bias,midpoint_as_low,1280,0.84765625,0.8599109209511118,0.8471029500677194,0.9102633793925791,742,538,0.4203125,0.51953125,0.0,0.0,0.0,-0.0007227026322909058,stimulus_plus_fewshot_bias_shrink4
valence,emg_lagged_interaction_experimental,16,stimulus_plus_fewshot_bias,midpoint_as_high,1280,0.92734375,0.9276976556620309,0.9271320040718911,0.959473571959139,599,681,0.53203125,0.521875,0.0,-0.00010051015029954868,-1.2130461752413169e-05,-0.001666997614722554,stimulus_plus_fewshot_bias_shrink4
valence,emg_lagged_interaction_experimental,16,stimulus_plus_fewshot_bias,discard_midpoint,1137,0.9357959542656112,0.9358472298936891,0.9356398293157822,0.9710421954806958,599,538,0.4731750219876869,0.47757255936675463,0.0,0.0,0.0,-0.0012412260831249355,stimulus_plus_fewshot_bias_shrink4
valence,emg_lagged_interaction_experimental,16,stimulus_plus_fewshot_bias_plus_physio,midpoint_as_low,1280,0.84921875,0.8617696570105913,0.848699300271011,0.9097536047455386,742,538,0.4203125,0.52109375,0.0015625000000000222,0.0018587360594795044,0.00159635020329163,-0.001232477279331401,stimulus_plus_fewshot_bias_shrink4
valence,emg_lagged_interaction_experimental,16,stimulus_plus_fewshot_bias_plus_physio,midpoint_as_high,1280,0.928125,0.9285323802029324,0.9279215755403434,0.9596831723945195,599,681,0.53203125,0.52109375,0.0007812499999999556,0.0007342143906019505,0.0007774410066998527,-0.0014573971793420126,stimulus_plus_fewshot_bias_shrink4
valence,emg_lagged_interaction_experimental,16,stimulus_plus_fewshot_bias_plus_physio,discard_midpoint,1137,0.9375549692172384,0.9377059659531686,0.9374137983165522,0.9705860448951474,599,538,0.4731750219876869,0.4793315743183817,0.0017590149516271136,0.0018587360594795044,0.0017739690007700926,-0.0016973766686733116,stimulus_plus_fewshot_bias_shrink4
valence,emg_lagged_interaction_experimental,16,stimulus_plus_fewshot_bias_shrink4,midpoint_as_low,1280,0.84765625,0.8599109209511118,0.8471029500677194,0.91098608202487,742,538,0.4203125,0.51953125,0.0,0.0,0.0,0.0,stimulus_plus_fewshot_bias_shrink4
valence,emg_lagged_interaction_experimental,16,stimulus_plus_fewshot_bias_shrink4,midpoint_as_high,1280,0.92734375,0.9277981658123304,0.9271441345336435,0.9611405695738615,599,681,0.53203125,0.5203125,0.0,0.0,0.0,0.0,stimulus_plus_fewshot_bias_shrink4
valence,emg_lagged_interaction_experimental,16,stimulus_plus_fewshot_bias_shrink4,discard_midpoint,1137,0.9357959542656112,0.9358472298936891,0.9356398293157822,0.9722834215638207,599,538,0.4731750219876869,0.47757255936675463,0.0,0.0,0.0,0.0,stimulus_plus_fewshot_bias_shrink4
valence,emg_lagged_interaction_experimental,16,stimulus_plus_fewshot_bias_shrink4_plus_physio,midpoint_as_low,1280,0.8484375,0.8608402889808515,0.8479012926430091,0.9105652361246105,742,538,0.4203125,0.5203125,0.0007812499999999556,0.0009293680297397522,0.0007983425752896567,-0.0004208459002594811,stimulus_plus_fewshot_bias_shrink4
valence,emg_lagged_interaction_experimental,16,stimulus_plus_fewshot_bias_shrink4_plus_physio,midpoint_as_high,1280,0.92734375,0.9277981658123304,0.9271441345336435,0.961313398003035,599,681,0.53203125,0.5203125,0.0,0.0,0.0,0.00017282842917343277,stimulus_plus_fewshot_bias_shrink4
valence,emg_lagged_interaction_experimental,16,stimulus_plus_fewshot_bias_shrink4_plus_physio,discard_midpoint,1137,0.9366754617414248,0.9367765979234288,0.9365269386793038,0.9718955384128443,599,538,0.4731750219876869,0.47845206684256814,0.0008795074758135568,0.0009293680297397522,0.0008871093635216543,-0.00038788315097648685,stimulus_plus_fewshot_bias_shrink4
valence,emg_lagged_interaction_experimental,16,stimulus_plus_physio,midpoint_as_low,1280,0.8453125,0.8573783304441929,0.8447359457359972,0.9135612581288389,742,538,0.4203125,0.51875,-0.002343749999999978,-0.002532590506918897,-0.002367004331722211,0.002575176103968957,stimulus_plus_fewshot_bias_shrink4
valence,emg_lagged_interaction_experimental,16,stimulus_plus_physio,midpoint_as_high,1280,0.92578125,0.9263297370311263,0.9255893646641271,0.9642404496971212,599,681,0.53203125,0.51875,-0.0015625000000000222,-0.001468428781204123,-0.0015547698695164147,0.0030998801232596795,stimulus_plus_fewshot_bias_shrink4
valence,emg_lagged_interaction_experimental,16,stimulus_plus_physio,discard_midpoint,1137,0.9340369393139841,0.9339884938342095,0.933864844637643,0.9750420465335659,599,538,0.4731750219876869,0.4758135444151275,-0.0017590149516271136,-0.0018587360594796154,-0.001774984678139191,0.002758624969745105,stimulus_plus_fewshot_bias_shrink4
