target,k_calibration,model,locked_reference_model,subjects,rmse_wins_vs_locked,rmse_losses_vs_locked,rmse_ties_vs_locked,rmse_win_margin_vs_locked,mean_delta_rmse_model_minus_locked,median_delta_rmse_model_minus_locked,worst_regression_delta_rmse,best_gain_delta_rmse
arousal,0,stimulus_only,stimulus_only,8,0,0,8,0,0.0,0.0,0.0,0.0
arousal,1,affine_residual_ridge1,bias_shrink4,8,4,4,0,0,0.13870838334938032,0.14889796319886905,0.8958641059504857,-0.6586408814914342
arousal,1,affine_residual_ridge4,bias_shrink4,8,4,4,0,0,0.13870838334938032,0.14889796319886905,0.8958641059504857,-0.6586408814914342
arousal,1,bias_empirical_bayes,bias_shrink4,8,4,4,0,0,-0.07375877101714032,-0.06327325900616221,0.36077678793814805,-0.43701241180727113
arousal,1,bias_huber,bias_shrink4,8,4,4,0,0,0.13870838334938032,0.14889796319886905,0.8958641059504857,-0.6586408814914342
arousal,1,bias_mean,bias_shrink4,8,4,4,0,0,0.13870838334938032,0.14889796319886905,0.8958641059504857,-0.6586408814914342
arousal,1,bias_median,bias_shrink4,8,4,4,0,0,0.13870838334938032,0.14889796319886905,0.8958641059504857,-0.6586408814914342
arousal,1,bias_shrink1,bias_shrink4,8,4,4,0,0,-0.11059752178879156,-0.07547885501122309,0.2248532989479921,-0.4964073710735639
arousal,1,bias_shrink2,bias_shrink4,8,5,3,0,2,-0.07134365329200612,-0.059164550150043294,0.07894991550662311,-0.24810533972357351
arousal,1,bias_shrink4,bias_shrink4,8,0,0,8,0,0.0,0.0,0.0,0.0
arousal,1,bias_shrink8,bias_shrink4,8,3,5,0,-2,0.06550134248303283,0.061086828299751206,0.18472725074000484,-0.03197165168354399
arousal,1,bias_trimmed_mean,bias_shrink4,8,4,4,0,0,0.13870838334938032,0.14889796319886905,0.8958641059504857,-0.6586408814914342
arousal,1,kernel_residual_shrink4,bias_shrink4,8,3,5,0,-2,0.005912443566151171,0.000284995960490253,0.03022112555058154,-0.0010126089326263354
arousal,1,stimulus_only,bias_shrink4,8,3,5,0,-2,0.165777538582075,0.15988455061973927,0.43324001751268915,-0.047416796777750125
arousal,2,affine_residual_ridge1,bias_shrink4,8,3,5,0,-2,0.14291282703752362,0.20204431685338253,0.6601227196815826,-0.5869780863642613
arousal,2,affine_residual_ridge4,bias_shrink4,8,4,4,0,0,-0.011767688557914213,0.029470458975429548,0.5149739936341149,-0.5849008783545213
arousal,2,bias_empirical_bayes,bias_shrink4,8,5,3,0,2,-0.11856584357712288,-0.10725936937257785,0.24610603872553583,-0.47902511583871554
arousal,2,bias_huber,bias_shrink4,8,4,4,0,0,-0.018425990407117315,0.011029455111538855,0.4363147815497088,-0.41113508409984423
arousal,2,bias_mean,bias_shrink4,8,4,4,0,0,-0.018425990407117315,0.011029455111538855,0.4363147815497088,-0.41113508409984423
arousal,2,bias_median,bias_shrink4,8,4,4,0,0,-0.018425990407117315,0.011029455111538855,0.4363147815497088,-0.41113508409984423
arousal,2,bias_shrink1,bias_shrink4,8,5,3,0,2,-0.13618157495183192,-0.11159796462781402,0.1753760599433627,-0.5103268633374549
arousal,2,bias_shrink2,bias_shrink4,8,5,3,0,2,-0.09605646634460066,-0.08465666178177367,0.07562021105282568,-0.3233983361846695
arousal,2,bias_shrink4,bias_shrink4,8,0,0,8,0,0.0,0.0,0.0,0.0
arousal,2,bias_shrink8,bias_shrink4,8,3,5,0,-2,0.10922699782226644,0.1053023064192593,0.3281653145444454,-0.0414977204581759
arousal,2,bias_trimmed_mean,bias_shrink4,8,4,4,0,0,-0.018425990407117315,0.011029455111538855,0.4363147815497088,-0.41113508409984423
arousal,2,kernel_residual_shrink4,bias_shrink4,8,1,7,0,-6,0.0689915988754797,0.04190641017696639,0.2432960923023737,-0.0055895455511270065
arousal,2,stimulus_only,bias_shrink4,8,1,7,0,-6,0.3151141172171574,0.3160809082993721,0.8960880360734644,-0.06997189166135342
arousal,4,affine_residual_ridge1,bias_shrink4,8,3,5,0,-2,0.09941550356940976,0.1474697913850549,0.5338552666739589,-0.43342888791841383
arousal,4,affine_residual_ridge4,bias_shrink4,8,4,4,0,0,-0.025581228166202508,0.003912679578396139,0.27882412136650814,-0.4594748111560971
arousal,4,bias_empirical_bayes,bias_shrink4,8,5,3,0,2,-0.07364075623365407,-0.08389851496955592,0.10633529550360254,-0.2913555434588604
arousal,4,bias_huber,bias_shrink4,8,4,4,0,0,0.0020788669686507555,0.012675311688914892,0.19349520859228742,-0.24302527861785972
arousal,4,bias_mean,bias_shrink4,8,5,3,0,2,-0.027785031296895524,-0.047854748632922384,0.15494635635440623,-0.19612688643978915
arousal,4,bias_median,bias_shrink4,8,3,5,0,-2,0.021879626287450465,0.04670059228277901,0.2341146099927469,-0.2455977848191928
arousal,4,bias_shrink1,bias_shrink4,8,5,3,0,2,-0.08052570833449443,-0.08484221009748827,0.0832388311238037,-0.29777489293537984
arousal,4,bias_shrink2,bias_shrink4,8,5,3,0,2,-0.06700639959755011,-0.06753382992333923,0.04248653670352365,-0.2273846640565984
arousal,4,bias_shrink4,bias_shrink4,8,0,0,8,0,0.0,0.0,0.0,0.0
arousal,4,bias_shrink8,bias_shrink4,8,3,5,0,-2,0.11233644731904002,0.11391677508581788,0.3439867847936484,-0.03261738219295918
arousal,4,bias_trimmed_mean,bias_shrink4,8,5,3,0,2,-0.027785031296895524,-0.047854748632922384,0.15494635635440623,-0.19612688643978915
arousal,4,kernel_residual_shrink4,bias_shrink4,8,2,6,0,-4,0.1225987635583303,0.07559838356707171,0.4013488709560673,-0.01182064826711704
arousal,4,stimulus_only,bias_shrink4,8,3,5,0,-2,0.43142653155721844,0.45325249850461935,1.2371357778495744,-0.06668335280680182
arousal,8,affine_residual_ridge1,bias_shrink4,8,3,5,0,-2,-0.07112473517214185,0.030337567907660623,0.23531637424074714,-0.6198550413848596
arousal,8,affine_residual_ridge4,bias_shrink4,8,5,3,0,2,-0.11143594234753706,-0.032775205839399524,0.17660430902883317,-0.6328196452450494
arousal,8,bias_empirical_bayes,bias_shrink4,8,5,3,0,2,-0.06430221252068927,-0.05844976030971749,0.03855987385538451,-0.1985696365043399
arousal,8,bias_huber,bias_shrink4,8,5,3,0,2,-0.05328129771656667,-0.030108460333709952,0.08642082030810516,-0.245831418810875
arousal,8,bias_mean,bias_shrink4,8,5,3,0,2,-0.0663047709745348,-0.05115715829139711,0.0549443308500579,-0.22900166926811627
arousal,8,bias_median,bias_shrink4,8,4,4,0,0,-0.015127192732643485,0.0018284463646536242,0.16993655616739733,-0.2584699909316983
arousal,8,bias_shrink1,bias_shrink4,8,5,3,0,2,-0.06652605686225202,-0.057995497316684075,0.03261564950215479,-0.20810815811867367
arousal,8,bias_shrink2,bias_shrink4,8,5,3,0,2,-0.05005924259351935,-0.04608068018467737,0.017606756076983476,-0.14975516284383117
arousal,8,bias_shrink4,bias_shrink4,8,0,0,8,0,0.0,0.0,0.0,0.0
arousal,8,bias_shrink8,bias_shrink4,8,3,5,0,-2,0.09881104229967627,0.10159876246919264,0.2723626374816974,-0.013498048691178877
arousal,8,bias_trimmed_mean,bias_shrink4,8,5,3,0,2,-0.05897297156302356,-0.03257886406180388,0.06438886296845925,-0.2536640315592107
arousal,8,kernel_residual_shrink4,bias_shrink4,8,1,7,0,-6,0.11205144382049273,0.06293382254161806,0.29172604364618904,-0.004617964217933368
arousal,8,stimulus_only,bias_shrink4,8,2,6,0,-4,0.5546415845602428,0.6286173775854674,1.4206405387891752,-0.015200749606196107
arousal,16,affine_residual_ridge1,bias_shrink4,8,4,4,0,0,-0.0979321715157383,-0.02329805554223885,0.11814362012625423,-0.6188746555901097
arousal,16,affine_residual_ridge4,bias_shrink4,8,5,3,0,2,-0.10670266009205208,-0.037208805743900286,0.10517109225986898,-0.6197868539906353
arousal,16,bias_empirical_bayes,bias_shrink4,8,5,3,0,2,-0.02929314231096397,-0.03412591403732468,0.03126256920998105,-0.11845963377027968
arousal,16,bias_huber,bias_shrink4,8,5,3,0,2,-0.021967496569713724,-0.022407896623145795,0.07877368206894442,-0.17309942399585165
arousal,16,bias_mean,bias_shrink4,8,5,3,0,2,-0.03290208372934378,-0.03411932666854822,0.040578291470424244,-0.1515147210732346
arousal,16,bias_median,bias_shrink4,8,3,5,0,-2,-0.00477176368552476,0.007211263387231326,0.09499239460683606,-0.19219072154067351
arousal,16,bias_shrink1,bias_shrink4,8,5,3,0,2,-0.030757598631248217,-0.033485881556497565,0.027489137808657027,-0.12506365434741018
arousal,16,bias_shrink2,bias_shrink4,8,5,3,0,2,-0.023469316689327113,-0.02529613941049602,0.016654037712191094,-0.0884574248781067
arousal,16,bias_shrink4,bias_shrink4,8,0,0,8,0,0.0,0.0,0.0,0.0
arousal,16,bias_shrink8,bias_shrink4,8,3,5,0,-2,0.058777523107078206,0.06115699933205576,0.18629815021341223,-0.020698667839191387
arousal,16,bias_trimmed_mean,bias_shrink4,8,5,3,0,2,-0.019090480749337058,-0.019821424963283096,0.09482732535461125,-0.17308476768013725
arousal,16,kernel_residual_shrink4,bias_shrink4,8,2,6,0,-4,0.05315076447929949,0.046231615669362625,0.1768885715931836,-0.09934026567685839
arousal,16,stimulus_only,bias_shrink4,8,2,6,0,-4,0.6224734213653271,0.6879613798450352,1.6593074858288017,-0.056749987302733285
valence,0,stimulus_only,stimulus_only,8,0,0,8,0,0.0,0.0,0.0,0.0
valence,1,affine_residual_ridge1,bias_shrink4,8,0,8,0,-8,0.4609497963440257,0.39313637345205243,0.8268708451224194,0.28998418767996825
valence,1,affine_residual_ridge4,bias_shrink4,8,0,8,0,-8,0.4609497963440257,0.39313637345205243,0.8268708451224194,0.28998418767996825
valence,1,bias_empirical_bayes,bias_shrink4,8,6,2,0,4,-0.012320831315952407,-0.01366270025482419,0.005434693155644599,-0.027402152518172684
valence,1,bias_huber,bias_shrink4,8,0,8,0,-8,0.4609497963440257,0.39313637345205243,0.8268708451224194,0.28998418767996825
valence,1,bias_mean,bias_shrink4,8,0,8,0,-8,0.4609497963440257,0.39313637345205243,0.8268708451224194,0.28998418767996825
valence,1,bias_median,bias_shrink4,8,0,8,0,-8,0.4609497963440257,0.39313637345205243,0.8268708451224194,0.28998418767996825
valence,1,bias_shrink1,bias_shrink4,8,0,8,0,-8,0.10782075687138651,0.08955883088783034,0.20488979295932186,0.059872247054370664
valence,1,bias_shrink2,bias_shrink4,8,0,8,0,-8,0.035823715494242736,0.03001463314818764,0.06960727221301233,0.014699091256772823
valence,1,bias_shrink4,bias_shrink4,8,0,0,8,0,0.0,0.0,0.0,0.0
valence,1,bias_shrink8,bias_shrink4,8,6,2,0,4,-0.012143246348599618,-0.012335240914945422,0.0012920100646829358,-0.025442922064504492
valence,1,bias_trimmed_mean,bias_shrink4,8,0,8,0,-8,0.4609497963440257,0.39313637345205243,0.8268708451224194,0.28998418767996825
valence,1,kernel_residual_shrink4,bias_shrink4,8,7,1,0,6,-0.009797966018851995,-0.008087346179211252,0.0017292716934942387,-0.0318181259081598
valence,1,stimulus_only,bias_shrink4,8,5,3,0,2,-0.013601264555836795,-0.01871805752062472,0.01631098680660159,-0.044815370421642076
valence,2,affine_residual_ridge1,bias_shrink4,8,0,8,0,-8,0.6018110980251804,0.6312964363927762,0.9984434624208405,0.32747064430600203
valence,2,affine_residual_ridge4,bias_shrink4,8,0,8,0,-8,0.33562364154133006,0.3661522772586877,0.6130406829333628,0.16933100034927806
valence,2,bias_empirical_bayes,bias_shrink4,8,6,2,0,4,-0.010308305188297784,-0.01898793161912382,0.041417014184445655,-0.029228184035043236
valence,2,bias_huber,bias_shrink4,8,0,8,0,-8,0.2118719685869045,0.20586663560772422,0.3424034506514797,0.09641732642624201
valence,2,bias_mean,bias_shrink4,8,0,8,0,-8,0.2118719685869045,0.20586663560772422,0.3424034506514797,0.09641732642624201
valence,2,bias_median,bias_shrink4,8,0,8,0,-8,0.2118719685869045,0.20586663560772422,0.3424034506514797,0.09641732642624201
valence,2,bias_shrink1,bias_shrink4,8,0,8,0,-8,0.07666564618915725,0.07667871665677595,0.1318277969328292,0.006182329883098969
valence,2,bias_shrink2,bias_shrink4,8,1,7,0,-6,0.030222900258086688,0.03099865646254274,0.054582548227726235,-0.007894779337189295
valence,2,bias_shrink4,bias_shrink4,8,0,0,8,0,0.0,0.0,0.0,0.0
valence,2,bias_shrink8,bias_shrink4,8,6,2,0,4,-0.011742141434717634,-0.01684441617467758,0.02189839458294629,-0.027375485107895337
valence,2,bias_trimmed_mean,bias_shrink4,8,0,8,0,-8,0.2118719685869045,0.20586663560772422,0.3424034506514797,0.09641732642624201
valence,2,kernel_residual_shrink4,bias_shrink4,8,5,3,0,2,-0.016924087083557485,-0.006608534419841217,0.01378993616576274,-0.08327820293303778
valence,2,stimulus_only,bias_shrink4,8,5,3,0,2,-0.007996401523024749,-0.02651560381447371,0.07904631617261848,-0.043950140659994696
valence,4,affine_residual_ridge1,bias_shrink4,8,1,7,0,-6,0.4514543583157678,0.4815837290379068,0.958456826562929,-0.09785592742250582
valence,4,affine_residual_ridge4,bias_shrink4,8,1,7,0,-6,0.24961307885911505,0.2989501728672178,0.4437144957387493,-0.13977904943641561
valence,4,bias_empirical_bayes,bias_shrink4,8,7,1,0,6,-0.014407798209887107,-0.01807462315906727,0.019434190551536945,-0.03358759159998481
valence,4,bias_huber,bias_shrink4,8,0,8,0,-8,0.10002366110672273,0.09171178074039377,0.14195484852637552,0.0692881849930318
valence,4,bias_mean,bias_shrink4,8,0,8,0,-8,0.10318742029150199,0.09005133979335489,0.17076710020166597,0.07628973435995268
valence,4,bias_median,bias_shrink4,8,0,8,0,-8,0.10565702772763713,0.10115535364145711,0.14791456881974163,0.07063403719265571
valence,4,bias_shrink1,bias_shrink4,8,0,8,0,-8,0.05183933193739779,0.0422608496964374,0.08847924709094124,0.03412841215548568
valence,4,bias_shrink2,bias_shrink4,8,0,8,0,-8,0.02487634005923911,0.0208353660430719,0.04360878124348044,0.0121858226213305
valence,4,bias_shrink4,bias_shrink4,8,0,0,8,0,0.0,0.0,0.0,0.0
valence,4,bias_shrink8,bias_shrink4,8,7,1,0,6,-0.01457488495029352,-0.01570435057647157,0.005177015088013492,-0.028639352051633482
valence,4,bias_trimmed_mean,bias_shrink4,8,0,8,0,-8,0.10318742029150199,0.09005133979335489,0.17076710020166597,0.07628973435995268
valence,4,kernel_residual_shrink4,bias_shrink4,8,5,3,0,2,-0.024508761843809193,-0.0026657018571165647,0.03053414099655316,-0.1515409337485557
valence,4,stimulus_only,bias_shrink4,8,5,3,0,2,-0.011945158932379907,-0.030874522569612872,0.0661191707113824,-0.04942169474032965
valence,8,affine_residual_ridge1,bias_shrink4,8,2,6,0,-4,0.048982395125381925,0.10026879237940078,0.18320391356283627,-0.24333886689068163
valence,8,affine_residual_ridge4,bias_shrink4,8,2,6,0,-4,0.03682236597724556,0.09167774038452792,0.16694564798509015,-0.2528401290440273
valence,8,bias_empirical_bayes,bias_shrink4,8,7,1,0,6,-0.01068292082964517,-0.014489228028049417,0.022997643783603028,-0.02060086337871292
valence,8,bias_huber,bias_shrink4,8,0,8,0,-8,0.041257365198529405,0.04316236158341946,0.06290073811090546,0.012092798962530793
valence,8,bias_mean,bias_shrink4,8,0,8,0,-8,0.03695543658782591,0.04173908688675876,0.04978628333817192,0.0038326527321577153
valence,8,bias_median,bias_shrink4,8,0,8,0,-8,0.06972867173611674,0.08356831143400234,0.12622532405834375,0.012523538511834742
valence,8,bias_shrink1,bias_shrink4,8,1,7,0,-6,0.022327390950296122,0.02514936031137993,0.029836707206740698,-0.000700693859096102
valence,8,bias_shrink2,bias_shrink4,8,1,7,0,-6,0.01226842043454579,0.01388279108718704,0.016985213882532824,-0.0019863444952257225
valence,8,bias_shrink4,bias_shrink4,8,0,0,8,0,0.0,0.0,0.0,0.0
valence,8,bias_shrink8,bias_shrink4,8,7,1,0,6,-0.010451857451724,-0.012092078840322262,0.009049559306730348,-0.017182391453411272
valence,8,bias_trimmed_mean,bias_shrink4,8,0,8,0,-8,0.03763994749423752,0.03423475323409697,0.06998248380070393,0.012311310105709072
valence,8,kernel_residual_shrink4,bias_shrink4,8,2,6,0,-4,-0.037120877579758335,0.005794954336203917,0.02152324265954464,-0.2464341310890904
valence,8,stimulus_only,bias_shrink4,8,5,3,0,2,-0.00853182994916632,-0.025023474566279846,0.07797037709882382,-0.039845190787217044
valence,16,affine_residual_ridge1,bias_shrink4,8,2,6,0,-4,-0.01206734666958946,0.049163270995374764,0.07237988329269762,-0.30948926836808077
valence,16,affine_residual_ridge4,bias_shrink4,8,2,6,0,-4,-0.014028888651962654,0.04741559173797327,0.06978811392745987,-0.31012891299048817
valence,16,bias_empirical_bayes,bias_shrink4,8,6,2,0,4,-0.005943977918392407,-0.007699064849229886,0.001241172055359785,-0.012345577463105828
valence,16,bias_huber,bias_shrink4,8,2,6,0,-4,0.012075107434540211,0.016992504411746046,0.03055135087145988,-0.021913819033583914
valence,16,bias_mean,bias_shrink4,8,0,8,0,-8,0.01275752127437732,0.01138985421102734,0.026504250977855692,0.0023054094092251898
valence,16,bias_median,bias_shrink4,8,3,5,0,-2,0.019095565330524644,0.01983832903106697,0.0763878450790918,-0.02221138621819585
valence,16,bias_shrink1,bias_shrink4,8,0,8,0,-8,0.00843694653448343,0.007834238047981223,0.017015123464195314,0.0012261423960697737
valence,16,bias_shrink2,bias_shrink4,8,0,8,0,-8,0.004991741444058145,0.0048170003899752345,0.009753616077579297,0.0005472683568661374
valence,16,bias_shrink4,bias_shrink4,8,0,0,8,0,0.0,0.0,0.0,0.0
valence,16,bias_shrink8,bias_shrink4,8,7,1,0,6,-0.0054170712327176185,-0.006479711359162366,0.0006129640426588701,-0.010164264256281363
valence,16,bias_trimmed_mean,bias_shrink4,8,2,6,0,-4,0.012175202608482982,0.01775626064207736,0.03163400056001153,-0.024542150001789276
valence,16,kernel_residual_shrink4,bias_shrink4,8,3,5,0,-2,-0.03942540557293833,0.022545811618088996,0.05696158179781774,-0.2893578261762615
valence,16,stimulus_only,bias_shrink4,8,4,4,0,0,0.004842598223450706,0.00469554801016947,0.06256267275663574,-0.04966798933792527
