target,block,k_calibration,model,n,mae,rmse,pearson,ccc,y_true_std,y_pred_std,locked_reference_rmse,locked_reference_model,lift_vs_locked_rmse,subjects,rmse_wins_vs_locked,rmse_losses_vs_locked,rmse_ties_vs_locked,rmse_win_margin_vs_locked,mean_delta_rmse_model_minus_locked,median_delta_rmse_model_minus_locked,worst_regression_delta_rmse,best_gain_delta_rmse
valence,emg_existing_22,4,locked_kernel_residual_shrink4,88200,0.9667764931700938,1.2156173390304539,0.8758885106571612,0.8683217113653836,2.5193298073709802,2.2079864729815672,1.2156173390304539,locked_kernel_residual_shrink4,0.0,,,,,,,,,
valence,emg_existing_22,4,physio_residual_ridge100,88200,1.0399241964346697,1.4875603160115451,0.8162577289753395,0.8145596339319839,2.5193298073709802,2.363335885542213,1.2156173390304539,locked_kernel_residual_shrink4,-0.27194297698109127,63.0,20.0,43.0,0.0,-23.0,0.12910296686723338,0.03149741410157669,5.253812318792384,-0.07916099792440878
valence,emg_existing_22,4,physio_context_ridge100,88200,1.0456492684838994,1.5161958340928663,0.8051855600656732,0.8013476507030466,2.5193298073709802,2.285740177571914,1.2156173390304539,locked_kernel_residual_shrink4,-0.3005784950624124,63.0,19.0,44.0,0.0,-25.0,0.13685272114911756,0.028352414848441088,5.6320688352965345,-0.09166651257899261
valence,emg_existing_22,4,physio_residual_ridge1000,88200,1.0416438277265112,1.5361084188886838,0.8059317708487435,0.8049147748859944,2.5193298073709802,2.397485348040118,1.2156173390304539,locked_kernel_residual_shrink4,-0.3204910798582299,63.0,20.0,43.0,0.0,-23.0,0.13871053518981,0.028953978441730532,5.965786228751915,-0.07773548810034625
valence,emg_existing_22,4,physio_context_ridge1000,88200,1.2110315889890502,1.6234836514171163,0.77261381636558,0.7114019733532277,2.5193298073709802,1.6689374368605938,1.2156173390304539,locked_kernel_residual_shrink4,-0.4078663123866624,63.0,14.0,49.0,0.0,-35.0,0.2873723660804813,0.22948202233381432,4.812840179799296,-0.38972572124499905
valence,emg_existing_22,4,physio_similarity_knn64,88200,1.020317197064964,1.2671951513420303,0.8643651401624551,0.8564559526024121,2.5193298073709802,2.1998576824856784,1.2156173390304539,locked_kernel_residual_shrink4,-0.05157781231157643,63.0,19.0,44.0,0.0,-25.0,0.051914599390132064,0.043073857568052265,0.3506352037420257,-0.09677362838137982
valence,emg_existing_22,8,locked_kernel_residual_shrink4,75600,0.9319150839950988,1.1863973094372047,0.8821709161329854,0.8752939904593416,2.5192235029584267,2.222682549287664,1.1863973094372047,locked_kernel_residual_shrink4,0.0,,,,,,,,,
valence,emg_existing_22,8,physio_residual_ridge100,75600,1.0344621261985845,1.447377574219265,0.8248816733139883,0.8224971210625563,2.5192235029584267,2.3356314471483737,1.1863973094372047,locked_kernel_residual_shrink4,-0.26098026478206027,63.0,18.0,45.0,0.0,-27.0,0.14942832645598372,0.06140535658440083,4.722224574423635,-0.08344107203949425
valence,emg_existing_22,8,physio_context_ridge100,75600,1.039850778128735,1.4720064136266242,0.8154201193736055,0.8103421878824333,2.5192235029584267,2.2534036840443696,1.1863973094372047,locked_kernel_residual_shrink4,-0.28560910418941954,63.0,19.0,44.0,0.0,-25.0,0.1566907197818558,0.04775041937883606,5.064819462878635,-0.07592218349848912
valence,emg_existing_22,8,physio_residual_ridge1000,75600,1.0357784770665661,1.4881661234211803,0.8161175488859375,0.8144473070724009,2.5192235029584267,2.3640091138452157,1.1863973094372047,locked_kernel_residual_shrink4,-0.3017688139839756,63.0,19.0,44.0,0.0,-25.0,0.15793919692002123,0.05625764159316704,5.3670309208679825,-0.08431602168255425
valence,emg_existing_22,8,physio_context_ridge1000,75600,1.2067385657817598,1.5923738901493094,0.7872217098008116,0.7187847597681648,2.5192235029584267,1.6340161530347461,1.1863973094372047,locked_kernel_residual_shrink4,-0.40597658071210474,63.0,12.0,51.0,0.0,-39.0,0.30964041465315856,0.22503194846029917,4.337600647643461,-0.232051616717043
valence,emg_existing_22,8,physio_similarity_knn64,75600,1.0179414544597505,1.26496149054231,0.8648769086461162,0.8570803122052755,2.5192235029584267,2.2020798961771053,1.1863973094372047,locked_kernel_residual_shrink4,-0.07856418110510544,63.0,15.0,48.0,0.0,-33.0,0.08109078549737299,0.05452132889698369,0.5212759762005195,-0.12704437758642584
valence,emg_existing_22,16,locked_kernel_residual_shrink4,50400,0.8979973517583003,1.1553801587855355,0.888155472504576,0.8818244579327078,2.514174774760939,2.230436640606421,1.1553801587855355,locked_kernel_residual_shrink4,0.0,,,,,,,,,
valence,emg_existing_22,16,physio_residual_ridge100,50400,1.0367710250024758,1.4702940017886745,0.8193770036140657,0.8174996675738485,2.514174774760939,2.350298722160308,1.1553801587855355,locked_kernel_residual_shrink4,-0.31491384300313907,63.0,14.0,49.0,0.0,-35.0,0.18809085096811776,0.08031638835816024,5.111716068220233,-0.08682728210521629
valence,emg_existing_22,16,physio_context_ridge100,50400,1.0425050179163615,1.497342104900878,0.808881651909186,0.8046928814256518,2.514174774760939,2.271139004915424,1.1553801587855355,locked_kernel_residual_shrink4,-0.3419619461153425,63.0,18.0,45.0,0.0,-27.0,0.19549238113141956,0.07645233116567218,5.477144093337813,-0.06826151892915422
valence,emg_existing_22,16,physio_residual_ridge1000,50400,1.0388366319215487,1.5162872177133389,0.809537099510748,0.8083475957510275,2.514174774760939,2.382235049955426,1.1553801587855355,locked_kernel_residual_shrink4,-0.3609070589278034,63.0,17.0,46.0,0.0,-29.0,0.19769197748751816,0.08313723045882915,5.798676800746121,-0.08183967220755584
valence,emg_existing_22,16,physio_context_ridge1000,50400,1.2062792330128806,1.6087789908267978,0.7777979664567145,0.7142516004191508,2.514174774760939,1.654123470946836,1.1553801587855355,locked_kernel_residual_shrink4,-0.4533988320412623,63.0,8.0,55.0,0.0,-47.0,0.3456577526218855,0.23178482001007983,4.691711108076077,-0.12500869519015212
valence,emg_existing_22,16,physio_similarity_knn64,50400,1.0186133932570616,1.2638325868829368,0.8645411272537338,0.8567936801558566,2.514174774760939,2.198275147135598,1.1553801587855355,locked_kernel_residual_shrink4,-0.1084524280974013,63.0,15.0,48.0,0.0,-33.0,0.11408894648741,0.08501325213381095,0.6884563149397215,-0.12463408153820499
arousal,emg_existing_22,4,locked_kernel_residual_shrink4,88200,1.448912070940952,1.7989767392129719,0.6990548921091487,0.6494798480600618,2.5147294577875834,1.7055766465624098,1.7989767392129719,locked_kernel_residual_shrink4,0.0,,,,,,,,,
arousal,emg_existing_22,4,physio_residual_ridge100,88200,1.6490193638766433,2.5895241882917945,0.44192861002868644,0.44128732390468905,2.5147294577875834,2.3828652758930953,1.7989767392129719,locked_kernel_residual_shrink4,-0.7905474490788227,63.0,14.0,49.0,0.0,-35.0,0.3434795986327548,0.07350050300669952,12.018224268583085,-0.09324814577138385
arousal,emg_existing_22,4,physio_context_ridge100,88200,1.661437764703011,2.653424273588849,0.41823508320844227,0.4177921281946208,2.5147294577875834,2.4018940716810104,1.7989767392129719,locked_kernel_residual_shrink4,-0.8544475343758773,63.0,13.0,50.0,0.0,-37.0,0.3562216064474386,0.086645230329645,12.78607439597993,-0.07058517938105124
arousal,emg_existing_22,4,physio_residual_ridge1000,88200,1.6509262270194873,3.382499846793887,0.3308743884941018,0.3204306341884744,2.5147294577875834,3.241838613684827,1.7989767392129719,locked_kernel_residual_shrink4,-1.5835231075809153,63.0,14.0,49.0,0.0,-35.0,0.4646638287978316,0.06994401561297314,20.551632331712927,-0.08892590341375506
arousal,emg_existing_22,4,physio_context_ridge1000,88200,1.770055782021849,3.4723698184475524,0.2368206351725769,0.23225162580169914,2.5147294577875834,3.062323001055594,1.7989767392129719,locked_kernel_residual_shrink4,-1.6733930792345806,63.0,12.0,51.0,0.0,-39.0,0.540248525650903,0.22427721362022957,21.067890325604886,-0.1626706920644423
arousal,emg_existing_22,4,physio_similarity_knn64,88200,1.6117004608188896,1.9857119132047816,0.6159547572869364,0.5681604186193316,2.5147294577875834,1.6745994057573432,1.7989767392129719,locked_kernel_residual_shrink4,-0.18673517399180972,63.0,10.0,53.0,0.0,-43.0,0.1732420107950893,0.1284013343565351,0.9833491387775473,-0.08260080438955875
arousal,emg_existing_22,8,locked_kernel_residual_shrink4,75600,1.3889049709947021,1.7332689677730782,0.726378618370737,0.6794149465386313,2.5184988591544624,1.7401590453966331,1.7332689677730782,locked_kernel_residual_shrink4,0.0,,,,,,,,,
arousal,emg_existing_22,8,physio_residual_ridge100,75600,1.6455795931958017,2.5525650420549364,0.4504672286244711,0.44929025588486465,2.5184988591544624,2.3427336604523084,1.7332689677730782,locked_kernel_residual_shrink4,-0.8192960742818582,63.0,11.0,52.0,0.0,-41.0,0.4000584745107329,0.10769301270855935,11.574277620923784,-0.11018979166923781
arousal,emg_existing_22,8,physio_context_ridge100,75600,1.6581310214062848,2.613189987481433,0.42702796009740374,0.4260929458119202,2.5184988591544624,2.3570928280004293,1.7332689677730782,locked_kernel_residual_shrink4,-0.8799210197083547,63.0,10.0,53.0,0.0,-43.0,0.4126228169329309,0.10767274689600259,12.314104637597122,-0.08772569832805344
arousal,emg_existing_22,8,physio_residual_ridge1000,75600,1.6459026782553663,3.3055121662688025,0.339677439773947,0.3310679204600961,2.5184988591544624,3.1606335048182754,1.7332689677730782,locked_kernel_residual_shrink4,-1.5722431984957244,63.0,13.0,50.0,0.0,-37.0,0.5161643811133607,0.10938890231668408,19.803249595148724,-0.10581280999891973
arousal,emg_existing_22,8,physio_context_ridge1000,75600,1.7665024786872208,3.395119517846029,0.2438864568175848,0.24054989783799155,2.5184988591544624,2.9720535352657023,1.7332689677730782,locked_kernel_residual_shrink4,-1.6618505500729508,63.0,8.0,55.0,0.0,-47.0,0.5933892397505199,0.25815052227198176,20.30375055699621,-0.16988845167618538
arousal,emg_existing_22,8,physio_similarity_knn64,75600,1.6115589948321776,1.9845632343402013,0.6178888366744526,0.56954551879122,2.5184988591544624,1.67436056026032,1.7332689677730782,locked_kernel_residual_shrink4,-0.25129426656712317,63.0,8.0,55.0,0.0,-47.0,0.2375752964774397,0.16388048780012276,1.377920962691745,-0.07159406749475572
arousal,emg_existing_22,16,locked_kernel_residual_shrink4,50400,1.3181592659250139,1.6600603895251747,0.7515252163570842,0.7110350725523011,2.5124533253412182,1.795651727393977,1.6600603895251747,locked_kernel_residual_shrink4,0.0,,,,,,,,,
arousal,emg_existing_22,16,physio_residual_ridge100,50400,1.6546677235289224,2.636165353854073,0.4320371614161135,0.43181077611634083,2.5124533253412182,2.4327454964653947,1.6600603895251747,locked_kernel_residual_shrink4,-0.9761049643288982,63.0,9.0,54.0,0.0,-45.0,0.4936964353028601,0.17143251766752532,12.606592912292559,-0.09671375023199724
arousal,emg_existing_22,16,physio_context_ridge100,50400,1.6670687616746578,2.7046292431687986,0.40800873247374103,0.40790689326507434,2.5124533253412182,2.4580406573314995,1.6600603895251747,locked_kernel_residual_shrink4,-1.044568853643624,63.0,7.0,56.0,0.0,-49.0,0.5068825540544898,0.15487491386804808,13.411801818207508,-0.10083814735113261
arousal,emg_existing_22,16,physio_residual_ridge1000,50400,1.659409306068269,3.4816799740547584,0.3203235294793219,0.30757369545934504,2.5124533253412182,3.3453109538356354,1.6600603895251747,locked_kernel_residual_shrink4,-1.8216195845295837,63.0,8.0,55.0,0.0,-47.0,0.6214922726002869,0.15296388631891,21.53732643463828,-0.11713561065568179
arousal,emg_existing_22,16,physio_context_ridge1000,50400,1.7766326083171935,3.5730918084306795,0.22843768076856125,0.2222253634545972,2.5124533253412182,3.177843156926782,1.6600603895251747,locked_kernel_residual_shrink4,-1.9130314189055049,63.0,6.0,57.0,0.0,-51.0,0.6960638579599083,0.2967615782134194,22.076303150581694,-0.08376986428016187
arousal,emg_existing_22,16,physio_similarity_knn64,50400,1.6151480466505839,1.9873733990690468,0.6142101536084505,0.566039167817309,2.5124533253412182,1.66920587946129,1.6600603895251747,locked_kernel_residual_shrink4,-0.3273130095438721,63.0,5.0,58.0,0.0,-53.0,0.31516140047319524,0.2150586103577683,1.8470145301353602,-0.0512304733543405
valence,emg_bsl_stats_22,4,locked_kernel_residual_shrink4,88200,0.965535725173361,1.2161577768275076,0.8755902710963341,0.8682651800100298,2.5175662347137115,2.2111582052677807,1.2161577768275076,locked_kernel_residual_shrink4,0.0,,,,,,,,,
valence,emg_bsl_stats_22,4,physio_residual_ridge100,88200,1.1435848967720863,4.966997090490838,0.37196249724111907,0.28761672292153817,2.5175662347137115,5.318365409926873,1.2161577768275076,locked_kernel_residual_shrink4,-3.7508393136633305,63.0,22.0,41.0,0.0,-19.0,0.6446867812475601,0.033888781735613493,36.77378028303389,-0.0588105061294939
valence,emg_bsl_stats_22,4,physio_context_ridge100,88200,1.1510389960379828,5.11412534265566,0.34916694619507943,0.26688059446514323,2.5175662347137115,5.415530317420693,1.2161577768275076,locked_kernel_residual_shrink4,-3.8979675658281523,63.0,19.0,44.0,0.0,-25.0,0.6669301879772421,0.03231963970571705,37.97081817291797,-0.06044776817163511
valence,emg_bsl_stats_22,4,physio_residual_ridge1000,88200,1.0524484422296083,1.8248738531916873,0.7441157782769665,0.7438440009605831,2.5175662347137115,2.5810214657783006,1.2161577768275076,locked_kernel_residual_shrink4,-0.6087160763641797,63.0,23.0,40.0,0.0,-17.0,0.18771018582352522,0.02792448850705609,9.251252760804926,-0.05675009531017938
valence,emg_bsl_stats_22,4,physio_context_ridge1000,88200,1.2292815184187726,2.111377004330443,0.6001200292461051,0.5924278130467858,2.5175662347137115,2.1444377875153102,1.2161577768275076,locked_kernel_residual_shrink4,-0.8952192275029356,63.0,11.0,52.0,0.0,-41.0,0.3936572309365738,0.22372150279376402,10.854088952687459,-0.36635954427075035
valence,emg_bsl_stats_22,4,physio_similarity_knn64,88200,1.018397137196291,1.2636992109176006,0.8650451742850891,0.857409658878129,2.5175662347137115,2.2046314758105683,1.2161577768275076,locked_kernel_residual_shrink4,-0.04754143409009304,63.0,19.0,44.0,0.0,-25.0,0.04765185700936632,0.03867220669189719,0.31779450975587986,-0.07699082624624021
valence,emg_bsl_stats_22,8,locked_kernel_residual_shrink4,75600,0.9352307280259473,1.1893007555552697,0.8811976250060108,0.8744702905272262,2.5156683105955766,2.2224153724002527,1.1893007555552697,locked_kernel_residual_shrink4,0.0,,,,,,,,,
valence,emg_bsl_stats_22,8,physio_residual_ridge100,75600,1.150447733435366,5.105458990394219,0.36404828083378127,0.27695087807908747,2.5156683105955766,5.4508241109554145,1.1893007555552697,locked_kernel_residual_shrink4,-3.916158234838949,63.0,18.0,45.0,0.0,-27.0,0.6908364003934263,0.04849513924872362,38.05844455396561,-0.07267674809865876
valence,emg_bsl_stats_22,8,physio_context_ridge100,75600,1.1580089390593231,5.257131953452437,0.3416098719223795,0.25671737197889544,2.5156683105955766,5.553736162106365,1.1893007555552697,locked_kernel_residual_shrink4,-4.067831197897167,63.0,19.0,44.0,0.0,-25.0,0.713462941582903,0.05828111152198434,39.29151581728128,-0.06047442267964831
valence,emg_bsl_stats_22,8,physio_residual_ridge1000,75600,1.0550083316602403,1.853742707086834,0.7382978382752408,0.7378221690313435,2.5156683105955766,2.6033926436819654,1.1893007555552697,locked_kernel_residual_shrink4,-0.6644419515315643,63.0,19.0,44.0,0.0,-25.0,0.2210247527124699,0.04635481515754791,9.707779246869094,-0.06265249045327304
valence,emg_bsl_stats_22,8,physio_context_ridge1000,75600,1.2304415696291697,2.1438335177691297,0.5912753171132014,0.585189785888838,2.5156683105955766,2.1794970437042633,1.1893007555552697,locked_kernel_residual_shrink4,-0.95453276221386,63.0,10.0,53.0,0.0,-43.0,0.4262697064401034,0.23434165747409708,11.363645832503426,-0.24248469972117992
valence,emg_bsl_stats_22,8,physio_similarity_knn64,75600,1.0192616091447848,1.2639192619902155,0.8647825707848913,0.8572372690387599,2.5156683105955766,2.2046241430654008,1.1893007555552697,locked_kernel_residual_shrink4,-0.07461850643494583,63.0,17.0,46.0,0.0,-29.0,0.07590160201358358,0.056177233729511,0.4842016270850704,-0.09332660250515135
valence,emg_bsl_stats_22,16,locked_kernel_residual_shrink4,50400,0.9000825060561063,1.1572427919031498,0.8881213881907686,0.8816941798903792,2.51786596462362,2.2316490600150107,1.1572427919031498,locked_kernel_residual_shrink4,0.0,,,,,,,,,
valence,emg_bsl_stats_22,16,physio_residual_ridge100,50400,1.1343024375561683,4.765203274834114,0.38451264125233126,0.30420899294441617,2.51786596462362,5.127230889973185,1.1572427919031498,locked_kernel_residual_shrink4,-3.6079604829309644,63.0,16.0,47.0,0.0,-31.0,0.6817176990835612,0.08051629628774304,35.38822998188478,-0.07323241586245643
valence,emg_bsl_stats_22,16,physio_context_ridge100,50400,1.1417485547775315,4.905611026872506,0.3611910959006096,0.28275170551658124,2.51786596462362,5.215816324689521,1.1572427919031498,locked_kernel_residual_shrink4,-3.7483682349693566,63.0,16.0,47.0,0.0,-31.0,0.7031927424538791,0.08675710829647754,36.533000847594764,-0.058101114112734775
valence,emg_bsl_stats_22,16,physio_residual_ridge1000,50400,1.049638297065856,1.782616369457419,0.752712613146558,0.7526152177059943,2.51786596462362,2.5504921939214444,1.1572427919031498,locked_kernel_residual_shrink4,-0.6253735775542693,63.0,15.0,48.0,0.0,-33.0,0.24352228487014574,0.07850427443463714,9.067458332050704,-0.06828727349260078
valence,emg_bsl_stats_22,16,physio_context_ridge1000,50400,1.226227729471903,2.063087021958763,0.6135695347631395,0.6032802776299502,2.51786596462362,2.0948071128232346,1.1572427919031498,locked_kernel_residual_shrink4,-0.9058442300556133,63.0,8.0,55.0,0.0,-47.0,0.4482646969008736,0.23489921388581236,10.599377200191492,-0.14195115858143215
valence,emg_bsl_stats_22,16,physio_similarity_knn64,50400,1.018952175267632,1.2628361541644655,0.865282765791099,0.8577074347304219,2.51786596462362,2.2061260502835944,1.1572427919031498,locked_kernel_residual_shrink4,-0.10559336226131566,63.0,13.0,50.0,0.0,-37.0,0.11086874295893102,0.08459745756659576,0.6667009737563543,-0.09159647577033359
arousal,emg_bsl_stats_22,4,locked_kernel_residual_shrink4,88200,1.4490742998301578,1.7998262196656707,0.6994207842812462,0.6493534224763123,2.5170082658164112,1.7038035029956224,1.7998262196656707,locked_kernel_residual_shrink4,0.0,,,,,,,,,
arousal,emg_bsl_stats_22,4,physio_residual_ridge100,88200,1.9113202039995432,15.019824086108173,0.08824326276976528,0.02873992706078834,2.5170082658164112,15.02739226214143,1.7998262196656707,locked_kernel_residual_shrink4,-13.219997866442503,63.0,15.0,48.0,0.0,-33.0,1.9901740706254676,0.08336990256959753,116.31901338365753,-0.14826938665551248
arousal,emg_bsl_stats_22,4,physio_context_ridge100,88200,1.920695757273914,14.911489673372651,0.08538513860522787,0.028015553465528243,2.5170082658164112,14.910253599302537,1.7998262196656707,locked_kernel_residual_shrink4,-13.111663453706981,63.0,14.0,49.0,0.0,-35.0,1.977727370024859,0.08262968509631818,115.45151771010697,-0.15044999448839436
arousal,emg_bsl_stats_22,4,physio_residual_ridge1000,88200,1.6266641915682492,2.9319297149300487,0.3903939596763436,0.38841580023834643,2.5170082658164112,2.777985754933457,1.7998262196656707,locked_kernel_residual_shrink4,-1.132103495264378,63.0,16.0,47.0,0.0,-31.0,0.37464036531818146,0.06388354407722541,15.63883721162058,-0.13857520959590897
arousal,emg_bsl_stats_22,4,physio_context_ridge1000,88200,1.737998620274386,2.622819446062586,0.353875859572949,0.346362622448126,2.5170082658164112,2.046281394314349,1.7998262196656707,locked_kernel_residual_shrink4,-0.8229932263969155,63.0,14.0,49.0,0.0,-35.0,0.3873108144210752,0.21984645026851002,11.560478630282539,-0.15226930698604102
arousal,emg_bsl_stats_22,4,physio_similarity_knn64,88200,1.5939994380087539,1.9686580238964386,0.6247895581137728,0.5751374971213277,2.5170082658164112,1.6680744961787686,1.7998262196656707,locked_kernel_residual_shrink4,-0.16883180423076793,63.0,8.0,55.0,0.0,-47.0,0.15587867212141124,0.10497171351610457,0.8989961652822971,-0.20182576579945
arousal,emg_bsl_stats_22,8,locked_kernel_residual_shrink4,75600,1.39051352002791,1.737946840135076,0.7236775081734098,0.677283476846306,2.5155795098255576,1.7410415505767787,1.737946840135076,locked_kernel_residual_shrink4,0.0,,,,,,,,,
arousal,emg_bsl_stats_22,8,physio_residual_ridge100,75600,1.96011208363311,16.003339365868374,0.08483471217199225,0.02599543691469177,2.5155795098255576,16.014586317589,1.737946840135076,locked_kernel_residual_shrink4,-14.265392525733299,63.0,12.0,51.0,0.0,-39.0,2.1828995431836398,0.11740596006160553,124.39953823563155,-0.15016217949231714
arousal,emg_bsl_stats_22,8,physio_context_ridge100,75600,1.9689445724909898,15.887659584964965,0.08216882852741655,0.025365329817124825,2.5155795098255576,15.890712473755517,1.737946840135076,locked_kernel_residual_shrink4,-14.14971274482989,63.0,11.0,52.0,0.0,-41.0,2.16927553442991,0.12411179362336333,123.4744069865064,-0.15286310002495074
arousal,emg_bsl_stats_22,8,physio_residual_ridge1000,75600,1.6381569671063196,3.0464430842872723,0.37359920117425977,0.36979207957494786,2.5155795098255576,2.8972495371740985,1.737946840135076,locked_kernel_residual_shrink4,-1.3084962441521963,63.0,13.0,50.0,0.0,-37.0,0.4605416514738232,0.09811935632855451,17.001910588075113,-0.1412934157312542
arousal,emg_bsl_stats_22,8,physio_context_ridge1000,75600,1.746103062617085,2.6985668930663853,0.33758958672996514,0.3332052676532683,2.5155795098255576,2.1425402435491994,1.737946840135076,locked_kernel_residual_shrink4,-0.9606200529313094,63.0,10.0,53.0,0.0,-43.0,0.46663837536038855,0.25844754122378966,12.650677584511936,-0.1574704870335446
arousal,emg_bsl_stats_22,8,physio_similarity_knn64,75600,1.5990897707680545,1.9754372479465572,0.6210884513029091,0.5713547562069681,2.5155795098255576,1.6646112151880286,1.737946840135076,locked_kernel_residual_shrink4,-0.23749040781148123,63.0,8.0,55.0,0.0,-47.0,0.22333006359007973,0.14582834128466549,1.3350258015014083,-0.20244482044570922
arousal,emg_bsl_stats_22,16,locked_kernel_residual_shrink4,50400,1.3080583556351209,1.6491193931610906,0.7546426352578384,0.7141704986441382,2.5088035358325484,1.7945727361952761,1.6491193931610906,locked_kernel_residual_shrink4,0.0,,,,,,,,,
arousal,emg_bsl_stats_22,16,physio_residual_ridge100,50400,1.8548335379196539,13.717255746281321,0.0926733487795569,0.03278829698386301,2.5088035358325484,13.717667866171412,1.6491193931610906,locked_kernel_residual_shrink4,-12.06813635312023,63.0,11.0,52.0,0.0,-41.0,1.9714871216461283,0.17506517518782494,106.3511493910501,-0.2024752612897991
arousal,emg_bsl_stats_22,16,physio_context_ridge100,50400,1.8642047835578994,13.61863261668907,0.08956111750519131,0.03192273710481206,2.5088035358325484,13.609461998728053,1.6491193931610906,locked_kernel_residual_shrink4,-11.96951322352798,63.0,8.0,55.0,0.0,-47.0,1.9601775248151174,0.17021411697007882,105.56004080339129,-0.20415214726841535
arousal,emg_bsl_stats_22,16,physio_residual_ridge1000,50400,1.6157812338050395,2.7873328040509326,0.40971396065611987,0.40929679870228186,2.5088035358325484,2.6186006070153787,1.6491193931610906,locked_kernel_residual_shrink4,-1.138213410889842,63.0,11.0,52.0,0.0,-41.0,0.49739531263163844,0.15112770852295476,14.588711299590114,-0.19273135498840177
arousal,emg_bsl_stats_22,16,physio_context_ridge1000,50400,1.726154717907073,2.526771559995295,0.37295045635484886,0.3598878096039549,2.5088035358325484,1.9182058298121416,1.6491193931610906,locked_kernel_residual_shrink4,-0.8776521668342046,63.0,7.0,56.0,0.0,-49.0,0.5149767132547157,0.309223678941956,10.86991260534417,-0.1339039805953266
arousal,emg_bsl_stats_22,16,physio_similarity_knn64,50400,1.5911205348940123,1.9647210826935635,0.6235236851030799,0.574371712427358,2.5088035358325484,1.6650020251070643,1.6491193931610906,locked_kernel_residual_shrink4,-0.3156016895324729,63.0,6.0,57.0,0.0,-51.0,0.3041949790147572,0.20826897560310864,1.8397471615841186,-0.24376819875061684
valence,eeg_entropy_complexity,4,locked_kernel_residual_shrink4,88200,0.966521210205528,1.216896192519082,0.8753978126011618,0.8682137028762169,2.5171956977749756,2.2136604781042934,1.216896192519082,locked_kernel_residual_shrink4,0.0,,,,,,,,,
valence,eeg_entropy_complexity,4,physio_residual_ridge100,88200,1.0673364337001527,1.3279222234792902,0.8502552632198959,0.8439906562851704,2.5171956977749756,2.2286198864775804,1.216896192519082,locked_kernel_residual_shrink4,-0.11102603096020824,63.0,12.0,51.0,0.0,-39.0,0.10918442423017488,0.07209445786168411,0.4923947289943802,-0.10813415826486517
valence,eeg_entropy_complexity,4,physio_context_ridge100,88200,1.0755047616423392,1.331978747244127,0.8485319284050775,0.8367520050158106,2.5171956977749756,2.128767991635215,1.216896192519082,locked_kernel_residual_shrink4,-0.11508255472504492,63.0,10.0,53.0,0.0,-43.0,0.11201281610870222,0.07708494416953027,0.5091327933691412,-0.11904052296143908
valence,eeg_entropy_complexity,4,physio_residual_ridge1000,88200,1.0297520228673,1.2778734950946897,0.8616500246809595,0.8538663194633204,2.5171956977749756,2.199568057149162,1.216896192519082,locked_kernel_residual_shrink4,-0.06097730257560774,63.0,17.0,46.0,0.0,-29.0,0.0616125410852973,0.042335775028234934,0.34341866638388674,-0.09653260835755417
valence,eeg_entropy_complexity,4,physio_context_ridge1000,88200,1.2093906517553221,1.477227723697249,0.8537009904776057,0.7429972388732378,2.5171956977749756,1.4678833625955696,1.216896192519082,locked_kernel_residual_shrink4,-0.2603315311781671,63.0,12.0,51.0,0.0,-39.0,0.2382435359804924,0.25157019073630904,0.9284741371205367,-0.38064274795638253
valence,eeg_entropy_complexity,4,physio_similarity_knn64,88200,1.0273723871015907,1.2717093442770788,0.8630921729838601,0.8552596997841766,2.5171956977749756,2.199277896448192,1.216896192519082,locked_kernel_residual_shrink4,-0.054813151757996836,63.0,19.0,44.0,0.0,-25.0,0.054456242480702514,0.05272519775538642,0.41065231673230107,-0.06404955541432256
valence,eeg_entropy_complexity,8,locked_kernel_residual_shrink4,75600,0.9371846766407212,1.1903458188628917,0.8811046746745176,0.8739764563111234,2.5169933034139333,2.215413442216918,1.1903458188628917,locked_kernel_residual_shrink4,0.0,,,,,,,,,
valence,eeg_entropy_complexity,8,physio_residual_ridge100,75600,1.0681019365353874,1.327574366719406,0.8502722857163542,0.8438872099695428,2.5169933034139333,2.2258380203053885,1.1903458188628917,locked_kernel_residual_shrink4,-0.13722854785651428,63.0,10.0,53.0,0.0,-43.0,0.13763935247427725,0.10353270476336895,0.5392669613093798,-0.14275731179538997
valence,eeg_entropy_complexity,8,physio_context_ridge100,75600,1.0764241746280874,1.3317385709974858,0.8485707935126752,0.8366245973285608,2.5169933034139333,2.126090656951363,1.1903458188628917,locked_kernel_residual_shrink4,-0.14139275213459412,63.0,9.0,54.0,0.0,-45.0,0.14044688470434935,0.09706406316454808,0.5634482328119197,-0.15012072505446672
valence,eeg_entropy_complexity,8,physio_residual_ridge1000,75600,1.0308111315366453,1.278316736753583,0.8615092193810521,0.8536295927661051,2.5169933034139333,2.1974608492744836,1.1903458188628917,locked_kernel_residual_shrink4,-0.08797091789069134,63.0,11.0,52.0,0.0,-41.0,0.09071471959562456,0.06260115536579858,0.5035848681343478,-0.1311993369676714
valence,eeg_entropy_complexity,8,physio_context_ridge1000,75600,1.2100441713087142,1.477909845997942,0.8536261914861349,0.742599903142095,2.5169933034139333,1.4664331832388349,1.1903458188628917,locked_kernel_residual_shrink4,-0.28756402713505036,63.0,11.0,52.0,0.0,-41.0,0.26728594359413615,0.25149565136134,1.0872398557392489,-0.24025715153583072
valence,eeg_entropy_complexity,8,physio_similarity_knn64,75600,1.0286148903357288,1.2728692860714799,0.8628082455621923,0.8548465126556226,2.5169933034139333,2.196857776727783,1.1903458188628917,locked_kernel_residual_shrink4,-0.08252346720858816,63.0,16.0,47.0,0.0,-31.0,0.0841369127984678,0.0642436283861445,0.5750558952668405,-0.09062248279435337
valence,eeg_entropy_complexity,16,locked_kernel_residual_shrink4,50400,0.9039101472863602,1.162979711619091,0.8871332285932214,0.880596485431392,2.519875074060843,2.2310343745185626,1.162979711619091,locked_kernel_residual_shrink4,0.0,,,,,,,,,
valence,eeg_entropy_complexity,16,physio_residual_ridge100,50400,1.073671126839897,1.3359159302818178,0.8486800231766478,0.842377806767258,2.519875074060843,2.2299484407658503,1.162979711619091,locked_kernel_residual_shrink4,-0.1729362186627268,63.0,9.0,54.0,0.0,-45.0,0.17646092215429673,0.12188038252511035,0.656401685963517,-0.13298465986234853
valence,eeg_entropy_complexity,16,physio_context_ridge100,50400,1.0817917039375458,1.3398738286623189,0.8469243421671026,0.8350843557534068,2.519875074060843,2.1298189109684404,1.162979711619091,locked_kernel_residual_shrink4,-0.17689411704322788,63.0,7.0,56.0,0.0,-49.0,0.1793242371236381,0.12755498112951003,0.723801467549278,-0.13969987390417304
valence,eeg_entropy_complexity,16,physio_residual_ridge1000,50400,1.035766250379975,1.2854087428651917,0.8602124805686262,0.8524007423230521,2.519875074060843,2.201037284447295,1.162979711619091,locked_kernel_residual_shrink4,-0.12242903124610072,63.0,10.0,53.0,0.0,-43.0,0.12821401443228447,0.09648961549989943,0.6656129070429738,-0.12301000044872712
valence,eeg_entropy_complexity,16,physio_context_ridge1000,50400,1.2148552659106633,1.4832672651563523,0.852156726370332,0.7413266590114681,2.519875074060843,1.4681427590403129,1.162979711619091,locked_kernel_residual_shrink4,-0.32028755353726135,63.0,7.0,56.0,0.0,-49.0,0.3044671292413561,0.28787850021695194,1.2528898320922903,-0.13685079358454288
valence,eeg_entropy_complexity,16,physio_similarity_knn64,50400,1.0338612345617915,1.2797114045711815,0.8615934988899684,0.8537627995027218,2.519875074060843,2.2018717733667748,1.162979711619091,locked_kernel_residual_shrink4,-0.11673169295209052,63.0,14.0,49.0,0.0,-35.0,0.12159133771419968,0.09685957451244387,0.73526777100169,-0.0791834380728047
arousal,eeg_entropy_complexity,4,locked_kernel_residual_shrink4,88200,1.44851209005531,1.7990775269301655,0.6990057696746514,0.6495283312461227,2.5147467733223032,1.7062392338273642,1.7990775269301655,locked_kernel_residual_shrink4,0.0,,,,,,,,,
arousal,eeg_entropy_complexity,4,physio_residual_ridge100,88200,1.6398020584540032,2.027476774437777,0.6027587049684346,0.570792242738324,2.5147467733223032,1.8032441383242694,1.7990775269301655,locked_kernel_residual_shrink4,-0.22839924750761154,63.0,14.0,49.0,0.0,-35.0,0.20817312085551343,0.09530380372976777,1.5146248688014412,-0.3042058984935938
arousal,eeg_entropy_complexity,4,physio_context_ridge100,88200,1.6517260955791084,2.030248374838696,0.5974310325707348,0.5582302177576277,2.5147467733223032,1.7334193724027576,1.7990775269301655,locked_kernel_residual_shrink4,-0.23117084790853037,63.0,13.0,50.0,0.0,-37.0,0.21176035203968255,0.10525572824311569,1.566201283328439,-0.3395118318950743
arousal,eeg_entropy_complexity,4,physio_residual_ridge1000,88200,1.5692205810073823,1.9407191366008125,0.6374240400646192,0.5929959966149699,2.5147467733223032,1.711692560239785,1.7990775269301655,locked_kernel_residual_shrink4,-0.14164160967064698,63.0,15.0,48.0,0.0,-33.0,0.12497631305726772,0.05362568893824782,0.9838369040179971,-0.14500416091471435
arousal,eeg_entropy_complexity,4,physio_context_ridge1000,88200,1.6964569710184927,2.0146686161839376,0.6140255805392261,0.4770695281349792,2.5147467733223032,1.199041600233077,1.7990775269301655,locked_kernel_residual_shrink4,-0.21559108925377202,63.0,15.0,48.0,0.0,-33.0,0.201611282557717,0.210098068040943,0.8387750571261936,-0.33032791057866184
arousal,eeg_entropy_complexity,4,physio_similarity_knn64,88200,1.6040908269155052,1.9742673213715585,0.6219399386791763,0.5742616793634027,2.5147467733223032,1.6807623313202449,1.7990775269301655,locked_kernel_residual_shrink4,-0.17518979444139293,63.0,10.0,53.0,0.0,-43.0,0.1577756668334238,0.11911542577975176,1.024754852110748,-0.1175429925213003
arousal,eeg_entropy_complexity,8,locked_kernel_residual_shrink4,75600,1.3856880889241658,1.7327016144304679,0.7254949195095378,0.6791271588916328,2.514722566176645,1.741450959278264,1.7327016144304679,locked_kernel_residual_shrink4,0.0,,,,,,,,,
arousal,eeg_entropy_complexity,8,physio_residual_ridge100,75600,1.6425164095828773,2.0315204768262918,0.6009210472966106,0.5690852037187428,2.514722566176645,1.8033947689499663,1.7327016144304679,locked_kernel_residual_shrink4,-0.2988188623958239,63.0,13.0,50.0,0.0,-37.0,0.27603138732933613,0.16056710141658437,1.6435821466967129,-0.12515677309496454
arousal,eeg_entropy_complexity,8,physio_context_ridge100,75600,1.6544868345471917,2.0341884116816358,0.5955675662567941,0.556533827178522,2.514722566176645,1.7336535263667112,1.7327016144304679,locked_kernel_residual_shrink4,-0.3014867972511679,63.0,11.0,52.0,0.0,-41.0,0.27954899199465405,0.1783430756315405,1.6231483718609434,-0.12947877111968387
arousal,eeg_entropy_complexity,8,physio_residual_ridge1000,75600,1.5719997702578388,1.9444963709328382,0.6356922357928612,0.5913313310559964,2.514722566176645,1.7112239072996154,1.7327016144304679,locked_kernel_residual_shrink4,-0.21179475650237034,63.0,11.0,52.0,0.0,-41.0,0.1928635877658172,0.10950451964016894,1.398787693585036,-0.10323604176828893
arousal,eeg_entropy_complexity,8,physio_context_ridge1000,75600,1.6981990424791973,2.017233448320671,0.6122921512025126,0.4757138792995241,2.514722566176645,1.1989774523247905,1.7327016144304679,locked_kernel_residual_shrink4,-0.284531833890203,63.0,15.0,48.0,0.0,-33.0,0.2683911487727461,0.22747932056797548,1.247403519486864,-0.15386672198632878
arousal,eeg_entropy_complexity,8,physio_similarity_knn64,75600,1.6056072925559428,1.9774252002314672,0.6203733584475563,0.5727707700271529,2.514722566176645,1.6801451536431093,1.7327016144304679,locked_kernel_residual_shrink4,-0.2447235858009993,63.0,7.0,56.0,0.0,-49.0,0.22470173055895074,0.16373847930280228,1.43671888980912,-0.10030813180098974
arousal,eeg_entropy_complexity,16,locked_kernel_residual_shrink4,50400,1.3156149515083857,1.6592373404631675,0.7522370435846957,0.7119646262984022,2.5143146172850463,1.7989756416248661,1.6592373404631675,locked_kernel_residual_shrink4,0.0,,,,,,,,,
arousal,eeg_entropy_complexity,16,physio_residual_ridge100,50400,1.6454403081536293,2.033968275350786,0.5994909124674924,0.5674049652943522,2.5143146172850463,1.7999802137088343,1.6592373404631675,locked_kernel_residual_shrink4,-0.37473093488761844,63.0,8.0,55.0,0.0,-47.0,0.3538795216684033,0.20163426755984015,2.1439138700588547,-0.08579278140231583
arousal,eeg_entropy_complexity,16,physio_context_ridge100,50400,1.6575416004302956,2.0366748850903758,0.5941029200848917,0.5548011723780226,2.5143146172850463,1.7302763481135146,1.6592373404631675,locked_kernel_residual_shrink4,-0.37743754462720824,63.0,7.0,56.0,0.0,-49.0,0.35756744958719894,0.21289781151764253,2.120628983579401,-0.08261253269212943
arousal,eeg_entropy_complexity,16,physio_residual_ridge1000,50400,1.5733421268231338,1.945350101034201,0.6351625363146182,0.5908082801140715,2.5143146172850463,1.7107273152001854,1.6592373404631675,locked_kernel_residual_shrink4,-0.2861127605710334,63.0,8.0,55.0,0.0,-47.0,0.2691431300240508,0.15822016797985938,1.9022121725950893,-0.09658983825791734
arousal,eeg_entropy_complexity,16,physio_context_ridge1000,50400,1.7012010918936087,2.017899727798838,0.6116624956040163,0.47516741372188165,2.5143146172850463,1.198570413331351,1.6592373404631675,locked_kernel_residual_shrink4,-0.35866238733567046,63.0,9.0,54.0,0.0,-45.0,0.3454121649028473,0.2760517481112461,1.7281467289596386,-0.10375190614947849
arousal,eeg_entropy_complexity,16,physio_similarity_knn64,50400,1.6085477495950367,1.9794732959449302,0.6193110968481175,0.5717131009370948,2.5143146172850463,1.6795160996575405,1.6592373404631675,locked_kernel_residual_shrink4,-0.32023595548176265,63.0,7.0,56.0,0.0,-49.0,0.30235370312417426,0.1914464818512287,1.9449258043479967,-0.08063225832260579
valence,eeg_bandpower,4,locked_kernel_residual_shrink4,88200,0.9684257877839395,1.219242849113065,0.8749097026740488,0.8675295083583286,2.517563158772952,2.209896524537871,1.219242849113065,locked_kernel_residual_shrink4,0.0,,,,,,,,,
valence,eeg_bandpower,4,physio_residual_ridge100,88200,1.0920929010377989,1.360283216868077,0.8424791443157086,0.8358798155149929,2.517563158772952,2.2216262196938406,1.219242849113065,locked_kernel_residual_shrink4,-0.14104036775501205,63.0,10.0,53.0,0.0,-43.0,0.1325580276993821,0.09529828460614631,1.225226977523831,-0.07097864184121105
valence,eeg_bandpower,4,physio_context_ridge100,88200,1.1021435825300325,1.3669175964237432,0.8398654115020987,0.8282030333615193,2.517563158772952,2.1300310177716395,1.219242849113065,locked_kernel_residual_shrink4,-0.1476747473106783,63.0,9.0,54.0,0.0,-45.0,0.13833792624684563,0.09254065155988478,1.226076878784546,-0.07789623106920263
valence,eeg_bandpower,4,physio_residual_ridge1000,88200,1.0430974037833765,1.291408440881589,0.8585402188025608,0.8506314247104989,2.517563158772952,2.1970422593008094,1.219242849113065,locked_kernel_residual_shrink4,-0.072165591768524,63.0,16.0,47.0,0.0,-31.0,0.07268765489100532,0.052984551227322596,0.5244449337552739,-0.07121890492293081
valence,eeg_bandpower,4,physio_context_ridge1000,88200,1.2286399435131998,1.4981475606759072,0.8452009070955768,0.7358511624998674,2.517563158772952,1.469197344795486,1.219242849113065,locked_kernel_residual_shrink4,-0.27890471156284224,63.0,11.0,52.0,0.0,-41.0,0.2585723954198888,0.256294745585508,0.8772042533045195,-0.31322530245832325
valence,eeg_bandpower,4,physio_similarity_knn64,88200,1.0304739062734742,1.2727130458911322,0.8628619919114592,0.8548839468193827,2.517563158772952,2.1963471556649763,1.219242849113065,locked_kernel_residual_shrink4,-0.0534701967780673,63.0,18.0,45.0,0.0,-27.0,0.05428572224130553,0.04185660154270099,0.3272963488772873,-0.06290957704272548
valence,eeg_bandpower,8,locked_kernel_residual_shrink4,75600,0.9365131264909234,1.1894530212510759,0.8813341868115793,0.8743197172639215,2.517334159602383,2.2181260872956043,1.1894530212510759,locked_kernel_residual_shrink4,0.0,,,,,,,,,
valence,eeg_bandpower,8,physio_residual_ridge100,75600,1.0938714916026466,1.3621999237882572,0.8419981784506091,0.8354097943959595,2.517334159602383,2.221750371484196,1.1894530212510759,locked_kernel_residual_shrink4,-0.17274690253718128,63.0,8.0,55.0,0.0,-47.0,0.16645411764447543,0.1191403820438095,1.251402659186235,-0.06894271260794826
valence,eeg_bandpower,8,physio_context_ridge100,75600,1.1037407500308658,1.368770643374735,0.8393727860533022,0.8277257277221449,2.517334159602383,2.1301081069730965,1.1894530212510759,locked_kernel_residual_shrink4,-0.1793176221236592,63.0,6.0,57.0,0.0,-51.0,0.1720482532947899,0.1263309177612928,1.2536927204757964,-0.0625447311510825
valence,eeg_bandpower,8,physio_residual_ridge1000,75600,1.0450460813576898,1.2938472117536137,0.8579483489022262,0.8500420420689272,2.517334159602383,2.196872584233788,1.1894530212510759,locked_kernel_residual_shrink4,-0.10439419050253784,63.0,10.0,53.0,0.0,-43.0,0.10668381362375752,0.07705424511901127,0.5488309367564019,-0.08940876361879857
valence,eeg_bandpower,8,physio_context_ridge1000,75600,1.22963287141588,1.4998029283030119,0.8445085546815718,0.7352102088493894,2.517334159602383,1.4689390229804162,1.1894530212510759,locked_kernel_residual_shrink4,-0.310349907051936,63.0,9.0,54.0,0.0,-45.0,0.2916221971633818,0.2687933962069966,1.0803352342617913,-0.20393412882024742
valence,eeg_bandpower,8,physio_similarity_knn64,75600,1.0320173284979093,1.2749250236534835,0.862323538561132,0.8543477731729053,2.517334159602383,2.1960678188573253,1.1894530212510759,locked_kernel_residual_shrink4,-0.0854720024024076,63.0,13.0,50.0,0.0,-37.0,0.08783529781421355,0.0735574078721164,0.5266869048900535,-0.08781885688058666
valence,eeg_bandpower,16,locked_kernel_residual_shrink4,50400,0.8996946646107568,1.1590764279055585,0.8874080752713329,0.8810332548838726,2.5143443223056137,2.229527050280199,1.1590764279055585,locked_kernel_residual_shrink4,0.0,,,,,,,,,
valence,eeg_bandpower,16,physio_residual_ridge100,50400,1.0905212906937278,1.3577250608405023,0.8427252198051227,0.8362316711432606,2.5143443223056137,2.221158881975015,1.1590764279055585,locked_kernel_residual_shrink4,-0.19864863293494373,63.0,8.0,55.0,0.0,-47.0,0.19536067932323242,0.1465329356675371,1.2734897844306943,-0.09390327423718325
valence,eeg_bandpower,16,physio_context_ridge100,50400,1.100354738623377,1.3643801519116097,0.8400783219604201,0.8285560857102563,2.5143443223056137,2.129590491606387,1.1590764279055585,locked_kernel_residual_shrink4,-0.20530372400605112,63.0,7.0,56.0,0.0,-49.0,0.20107593091813086,0.1474623166791591,1.2725632961863762,-0.07770530295516909
valence,eeg_bandpower,16,physio_residual_ridge1000,50400,1.0403960857776895,1.2875584591655558,0.85906609250365,0.8512429758388335,2.5143443223056137,2.1959813527399477,1.1590764279055585,locked_kernel_residual_shrink4,-0.12848203125999724,63.0,12.0,51.0,0.0,-39.0,0.13437100555037002,0.09828691026843694,0.65463603115603,-0.09685469349227116
valence,eeg_bandpower,16,physio_context_ridge1000,50400,1.2255005231452367,1.495030981873041,0.8454746102127616,0.736386388520744,2.5143443223056137,1.4685305645854718,1.1590764279055585,locked_kernel_residual_shrink4,-0.3359545539674824,63.0,7.0,56.0,0.0,-49.0,0.3206327437011794,0.26937160410750316,1.254823419135583,-0.11061662189359711
valence,eeg_bandpower,16,physio_similarity_knn64,50400,1.0268091107550121,1.267794735314862,0.8636240987060366,0.8557018130310469,2.5143443223056137,2.194724271050014,1.1590764279055585,locked_kernel_residual_shrink4,-0.10871830740930344,63.0,17.0,46.0,0.0,-29.0,0.11514225512475616,0.09056872919928893,0.7032205645276446,-0.08426426440934454
arousal,eeg_bandpower,4,locked_kernel_residual_shrink4,88200,1.4516417570935896,1.8031652715025828,0.6972486451101532,0.6478282917814681,2.5145920622273317,1.7056554268222806,1.8031652715025828,locked_kernel_residual_shrink4,0.0,,,,,,,,,
arousal,eeg_bandpower,4,physio_residual_ridge100,88200,1.674874769619533,2.067070297121722,0.5895136657027441,0.5639770288729035,2.5145920622273317,1.8641082354270455,1.8031652715025828,locked_kernel_residual_shrink4,-0.2639050256191393,63.0,14.0,49.0,0.0,-35.0,0.23617896801949917,0.1178738616741366,2.067701328868716,-0.36802679386564296
arousal,eeg_bandpower,4,physio_context_ridge100,88200,1.685587105412467,2.0708503892230876,0.5828317478492955,0.5516422727989938,2.5145920622273317,1.800070818969804,1.8031652715025828,locked_kernel_residual_shrink4,-0.26768511772050485,63.0,14.0,49.0,0.0,-35.0,0.23967713877409508,0.12828375405829684,2.087051021000546,-0.40558711173878415
arousal,eeg_bandpower,4,physio_residual_ridge1000,88200,1.5927358435313987,1.9604357503357202,0.629051891084283,0.5875606086671344,2.5145920622273317,1.7306679610628861,1.8031652715025828,locked_kernel_residual_shrink4,-0.15727047883313738,63.0,17.0,46.0,0.0,-29.0,0.14126193016686667,0.06353318155639842,1.0967046167075387,-0.1485970575288713
arousal,eeg_bandpower,4,physio_context_ridge1000,88200,1.7166755738070492,2.037718462987237,0.595169952930688,0.47078950892077204,2.5145920622273317,1.2340937661339901,1.8031652715025828,locked_kernel_residual_shrink4,-0.23455319148465414,63.0,14.0,49.0,0.0,-35.0,0.2189463691143973,0.21275440092072984,0.9867344882909173,-0.3566042256706825
arousal,eeg_bandpower,4,physio_similarity_knn64,88200,1.5950685691157707,1.9662719458065911,0.6245319995255832,0.5752132139950688,2.5145920622273317,1.6668356865498821,1.8031652715025828,locked_kernel_residual_shrink4,-0.16310667430400838,63.0,14.0,49.0,0.0,-35.0,0.147004678268456,0.1034060708445339,1.0424878064142566,-0.10587842095600353
arousal,eeg_bandpower,8,locked_kernel_residual_shrink4,75600,1.3840202260521985,1.7298493722307027,0.7267439413109155,0.6805626324077595,2.5153253218754283,1.7437867747236047,1.7298493722307027,locked_kernel_residual_shrink4,0.0,,,,,,,,,
arousal,eeg_bandpower,8,physio_residual_ridge100,75600,1.675220197246819,2.069756464310212,0.5882631129492343,0.5624190838100103,2.5153253218754283,1.8605630650399752,1.7298493722307027,locked_kernel_residual_shrink4,-0.3399070920795093,63.0,8.0,55.0,0.0,-47.0,0.30982737684124384,0.1837437924329024,2.085871759586686,-0.2254572716283718
arousal,eeg_bandpower,8,physio_context_ridge100,75600,1.6862437166880677,2.0737456210820744,0.5814896510934083,0.5499766676185586,2.5153253218754283,1.796610979801602,1.7298493722307027,locked_kernel_residual_shrink4,-0.3438962488513717,63.0,9.0,54.0,0.0,-45.0,0.3135377295168902,0.18890097242270842,2.1053201748524373,-0.26502530912995836
arousal,eeg_bandpower,8,physio_residual_ridge1000,75600,1.5926356538594084,1.9625468670588408,0.6282509861086373,0.58643060237752,2.5153253218754283,1.728028760146475,1.7298493722307027,locked_kernel_residual_shrink4,-0.23269749482813817,63.0,11.0,52.0,0.0,-41.0,0.2144852925430122,0.14938617988488678,1.542408682077903,-0.1401832988797962
arousal,eeg_bandpower,8,physio_context_ridge1000,75600,1.7184025746765275,2.0406637290356335,0.5938359796367217,0.4691500551683237,2.5153253218754283,1.231947555156388,1.7298493722307027,locked_kernel_residual_shrink4,-0.31081435680493086,63.0,10.0,53.0,0.0,-43.0,0.293313711406632,0.23765262787328134,1.427289374192478,-0.2170677213786507
arousal,eeg_bandpower,8,physio_similarity_knn64,75600,1.5946159403175904,1.966766928954924,0.6245476215176167,0.5750925758152203,2.5153253218754283,1.6663242648235377,1.7298493722307027,locked_kernel_residual_shrink4,-0.23691755672422143,63.0,11.0,52.0,0.0,-41.0,0.2189012968688099,0.15685691701437543,1.4856553713643952,-0.10891082014318054
arousal,eeg_bandpower,16,locked_kernel_residual_shrink4,50400,1.311254604227013,1.6497715948957072,0.7569803730088945,0.7154068099996596,2.5188283577692663,1.794167646139443,1.6497715948957072,locked_kernel_residual_shrink4,0.0,,,,,,,,,
arousal,eeg_bandpower,16,physio_residual_ridge100,50400,1.6730036184357273,2.0635004272819732,0.592020175971642,0.5656477394816692,2.5188283577692663,1.8592937895849229,1.6497715948957072,locked_kernel_residual_shrink4,-0.413728832386266,63.0,6.0,57.0,0.0,-51.0,0.38658705319137604,0.21697720181327496,2.2720693576135527,-0.11933891600440227
arousal,eeg_bandpower,16,physio_context_ridge100,50400,1.684467113769007,2.0680115787763165,0.5851974569136338,0.5530860046199917,2.5188283577692663,1.7953273470742845,1.6497715948957072,locked_kernel_residual_shrink4,-0.41823998388060923,63.0,5.0,58.0,0.0,-53.0,0.39073547949895787,0.2373344475333523,2.2661221486720335,-0.10829824607931604
arousal,eeg_bandpower,16,physio_residual_ridge1000,50400,1.589527041256901,1.9548315562757959,0.632846844041353,0.5902520363420896,2.5188283577692663,1.7266812933477942,1.6497715948957072,locked_kernel_residual_shrink4,-0.3050599613800886,63.0,7.0,56.0,0.0,-49.0,0.29038209391801384,0.19486947328432014,1.9827933763741634,-0.12577673075489937
arousal,eeg_bandpower,16,physio_context_ridge1000,50400,1.7177472381601258,2.037078712772669,0.5983646299815866,0.4719456833327829,2.5188283577692663,1.2303666711275636,1.6497715948957072,locked_kernel_residual_shrink4,-0.3873071178769618,63.0,7.0,56.0,0.0,-49.0,0.37241625749039264,0.2959144549834034,1.889984019624643,-0.15017995830517505
arousal,eeg_bandpower,16,physio_similarity_knn64,50400,1.5926836556125255,1.9605708185336068,0.6286534824883129,0.5783113774722146,2.5188283577692663,1.664543027700031,1.6497715948957072,locked_kernel_residual_shrink4,-0.3107992236378996,63.0,8.0,55.0,0.0,-47.0,0.29629363444482376,0.18985319628306363,1.920907377231162,-0.10280215813821258
valence,emg_lagged_interaction_experimental,4,locked_kernel_residual_shrink4,88200,0.9660138589819542,1.2157109012314278,0.8761295103467087,0.868730320243629,2.5218113271247145,2.2134528751434166,1.2157109012314278,locked_kernel_residual_shrink4,0.0,,,,,,,,,
valence,emg_lagged_interaction_experimental,4,physio_residual_ridge100,88200,1.0221417772945633,1.2584603317374334,0.8665958956605908,0.8583989495580162,2.5218113271247145,2.1965573613379394,1.2157109012314278,locked_kernel_residual_shrink4,-0.04274943050600566,63.0,17.0,46.0,0.0,-29.0,0.042699299759232354,0.01803772551086591,0.31063803121812916,-0.05570470134563843
valence,emg_lagged_interaction_experimental,4,physio_context_ridge100,88200,1.0264632483161225,1.2620883550667403,0.8665487048772429,0.8516176716447094,2.5218113271247145,2.0917339158167687,1.2157109012314278,locked_kernel_residual_shrink4,-0.046377453835312554,63.0,20.0,43.0,0.0,-23.0,0.04505103795865511,0.02140299362241005,0.38838569679326373,-0.06713477880750118
valence,emg_lagged_interaction_experimental,4,physio_residual_ridge1000,88200,1.0216520594428726,1.2579121498487642,0.8667195613514164,0.858498776931196,2.5218113271247145,2.1961344550444717,1.2157109012314278,locked_kernel_residual_shrink4,-0.04220124861733643,63.0,17.0,46.0,0.0,-29.0,0.04218143892261254,0.017246121448613705,0.30650730484697397,-0.05579630193095708
valence,emg_lagged_interaction_experimental,4,physio_context_ridge1000,88200,1.1946006469796844,1.4532567275202237,0.8662029213831491,0.7513182899666201,2.5218113271247145,1.460503390815256,1.2157109012314278,locked_kernel_residual_shrink4,-0.23754582628879595,63.0,15.0,48.0,0.0,-33.0,0.21531358709304582,0.22051146750230344,0.8995146638858083,-0.37073069509431367
valence,emg_lagged_interaction_experimental,4,physio_similarity_knn64,88200,1.027815689376963,1.2706831448303264,0.8638269404098525,0.855940691338493,2.5218113271247145,2.2019505120721443,1.2157109012314278,locked_kernel_residual_shrink4,-0.05497224359889863,63.0,17.0,46.0,0.0,-29.0,0.055218044582384405,0.028802951416686318,0.3237814999534494,-0.050268683514078205
valence,emg_lagged_interaction_experimental,8,locked_kernel_residual_shrink4,75600,0.9374435141122845,1.1909442339991754,0.8808139481071741,0.8738795843123068,2.5153299030167107,2.2178895738236335,1.1909442339991754,locked_kernel_residual_shrink4,0.0,,,,,,,,,
valence,emg_lagged_interaction_experimental,8,physio_residual_ridge100,75600,1.0240152461550853,1.2605897079320987,0.8653736178655059,0.8571991846239686,2.5153299030167107,2.191139235296176,1.1909442339991754,locked_kernel_residual_shrink4,-0.06964547393292331,63.0,18.0,45.0,0.0,-27.0,0.07196079256768288,0.049810491763593756,0.4908320272111215,-0.09024634273847876
valence,emg_lagged_interaction_experimental,8,physio_context_ridge100,75600,1.0279649909431972,1.2639259209632931,0.8653251769384391,0.8504305020246267,2.5153299030167107,2.0865785775102346,1.1909442339991754,locked_kernel_residual_shrink4,-0.07298168696411778,63.0,18.0,45.0,0.0,-27.0,0.07397607579115945,0.05665040060278592,0.567401900129362,-0.07795646484094854
valence,emg_lagged_interaction_experimental,8,physio_residual_ridge1000,75600,1.0235300469603488,1.2600386297521156,0.8654983109985847,0.8572986581687979,2.5153299030167107,2.190688520031253,1.1909442339991754,locked_kernel_residual_shrink4,-0.06909439575294019,63.0,18.0,45.0,0.0,-27.0,0.0714368972520415,0.05088730891144644,0.4866594933580146,-0.0904632409878221
valence,emg_lagged_interaction_experimental,8,physio_context_ridge1000,75600,1.1929596714777921,1.452567281352232,0.8649695336460081,0.7502856197796266,2.5153299030167107,1.45690027362084,1.1909442339991754,locked_kernel_residual_shrink4,-0.2616230473530565,63.0,12.0,51.0,0.0,-39.0,0.2413981797591504,0.22545645136152537,1.071376807864188,-0.2209973555074385
valence,emg_lagged_interaction_experimental,8,physio_similarity_knn64,75600,1.0298556334899847,1.272633081961289,0.8626303220447301,0.8547427378959753,2.5153299030167107,2.196111130951677,1.1909442339991754,locked_kernel_residual_shrink4,-0.08168884796211362,63.0,15.0,48.0,0.0,-33.0,0.0843197874122465,0.04575490495372958,0.5043017096342355,-0.08813855015057315
valence,emg_lagged_interaction_experimental,16,locked_kernel_residual_shrink4,50400,0.8988152674207138,1.1566899083474482,0.887715305864558,0.8815441664313963,2.5123180594033685,2.2322518517743677,1.1566899083474482,locked_kernel_residual_shrink4,0.0,,,,,,,,,
valence,emg_lagged_interaction_experimental,16,physio_residual_ridge100,50400,1.0208514301384253,1.2575666400180923,0.8657327699116015,0.8577544960521133,2.5123180594033685,2.1922899779163467,1.1566899083474482,locked_kernel_residual_shrink4,-0.10087673167064404,63.0,16.0,47.0,0.0,-31.0,0.1055411259862886,0.08110675299896242,0.690493219042288,-0.07887645843400692
valence,emg_lagged_interaction_experimental,16,physio_context_ridge100,50400,1.0245615720843513,1.2606716439319376,0.8656858620281762,0.8510540579801879,2.5123180594033685,2.087697155287029,1.1566899083474482,locked_kernel_residual_shrink4,-0.10398173558448942,63.0,17.0,46.0,0.0,-29.0,0.10748090446436148,0.0775670183372088,0.7675596314959049,-0.07628462763567279
valence,emg_lagged_interaction_experimental,16,physio_residual_ridge1000,50400,1.0204097438355286,1.2570363727458975,0.8658521867820619,0.8578488807658029,2.5123180594033685,2.1918348107380896,1.1566899083474482,locked_kernel_residual_shrink4,-0.1003464643984493,63.0,15.0,48.0,0.0,-33.0,0.10504114860066266,0.08222386300623341,0.6863915234742014,-0.0806872093320774
valence,emg_lagged_interaction_experimental,16,physio_context_ridge1000,50400,1.1896223025567947,1.4486247728538904,0.8653384776426467,0.7512698338770614,2.5123180594033685,1.4577688814997425,1.1566899083474482,locked_kernel_residual_shrink4,-0.2919348645064421,63.0,10.0,53.0,0.0,-43.0,0.275181218825457,0.21842250276193376,1.2751150707894805,-0.13633395513185842
valence,emg_lagged_interaction_experimental,16,physio_similarity_knn64,50400,1.0262427376447216,1.2694922533006276,0.8630282380306147,0.8553732634868665,2.5123180594033685,2.1980500296458674,1.1566899083474482,locked_kernel_residual_shrink4,-0.11280234495317942,63.0,12.0,51.0,0.0,-39.0,0.11764005977654417,0.07977331614323191,0.7020222283659127,-0.07904557622287811
arousal,emg_lagged_interaction_experimental,4,locked_kernel_residual_shrink4,88200,1.4464577724982282,1.796727204119397,0.6995586053073729,0.650512405580103,2.51336572908034,1.7087491747123011,1.796727204119397,locked_kernel_residual_shrink4,0.0,,,,,,,,,
arousal,emg_lagged_interaction_experimental,4,physio_residual_ridge100,88200,1.5855673780922446,1.9526786006232677,0.6299833858192417,0.5764094843071299,2.51336572908034,1.6384441550819497,1.796727204119397,locked_kernel_residual_shrink4,-0.1559513965038708,63.0,13.0,50.0,0.0,-37.0,0.13947823134386486,0.06314725829079215,1.0777943705343622,-0.08563174962126996
arousal,emg_lagged_interaction_experimental,4,physio_context_ridge100,88200,1.5983304507959457,1.9531221160875474,0.6294481273232441,0.5639921989937697,2.51336572908034,1.559523783504902,1.796727204119397,locked_kernel_residual_shrink4,-0.15639491196815047,63.0,13.0,50.0,0.0,-37.0,0.14102649917763746,0.07830301720872201,1.0513206685556766,-0.08424806110215033
arousal,emg_lagged_interaction_experimental,4,physio_residual_ridge1000,88200,1.5836651590027235,1.9499136083301827,0.6312398984381031,0.5769224617128046,2.51336572908034,1.6339851066939177,1.796727204119397,locked_kernel_residual_shrink4,-0.15318640421078578,63.0,13.0,50.0,0.0,-37.0,0.13639904826725993,0.06412512151580052,1.1011206411624777,-0.08625422823657747
arousal,emg_lagged_interaction_experimental,4,physio_context_ridge1000,88200,1.7071024293802222,2.017398136690684,0.6272717455819532,0.45744266947508655,2.51336572908034,1.0882604771096047,1.796727204119397,locked_kernel_residual_shrink4,-0.22067093257128723,63.0,12.0,51.0,0.0,-39.0,0.20886514253186542,0.19502993275430858,0.9517044002467712,-0.16485835525472758
arousal,emg_lagged_interaction_experimental,4,physio_similarity_knn64,88200,1.5834408831299027,1.9546470846021862,0.629817082012443,0.5819034971981425,2.51336572908034,1.6796199501591589,1.796727204119397,locked_kernel_residual_shrink4,-0.15791988048278927,63.0,16.0,47.0,0.0,-31.0,0.14314118314485574,0.08297143971722076,1.0192993616939794,-0.13990616521763255
arousal,emg_lagged_interaction_experimental,8,locked_kernel_residual_shrink4,75600,1.3868004891418275,1.731053155596018,0.7263419702758832,0.6800069794419905,2.515440830435407,1.7426430188190845,1.731053155596018,locked_kernel_residual_shrink4,0.0,,,,,,,,,
arousal,emg_lagged_interaction_experimental,8,physio_residual_ridge100,75600,1.5868747738934068,1.9517139260119631,0.6312261586828195,0.5777160705911485,2.515440830435407,1.6410171754778207,1.731053155596018,locked_kernel_residual_shrink4,-0.22066077041594512,63.0,8.0,55.0,0.0,-47.0,0.20341577622050377,0.09381995570110435,1.4123668777695997,-0.12477674203370603
arousal,emg_lagged_interaction_experimental,8,physio_context_ridge100,75600,1.599610111577801,1.9522162743683715,0.6307005349968201,0.5653042414375111,2.515440830435407,1.5620157115220268,1.731053155596018,locked_kernel_residual_shrink4,-0.2211631187723535,63.0,8.0,55.0,0.0,-47.0,0.20498172993214225,0.10909947804017728,1.3845123651229119,-0.12169410027376637
arousal,emg_lagged_interaction_experimental,8,physio_residual_ridge1000,75600,1.5850435488785386,1.9490477633411607,0.6324305636957565,0.5781460951008321,2.515440830435407,1.6363022798683988,1.731053155596018,locked_kernel_residual_shrink4,-0.21799460774514268,63.0,8.0,55.0,0.0,-47.0,0.20043702286766324,0.09486022774663883,1.4360086318519958,-0.12665721607591673
arousal,emg_lagged_interaction_experimental,8,physio_context_ridge1000,75600,1.7079835469350613,2.0171646892292157,0.6285260365675464,0.45859617437990574,2.515440830435407,1.089994852346565,1.731053155596018,locked_kernel_residual_shrink4,-0.28611153363319763,63.0,10.0,53.0,0.0,-43.0,0.2731265901590159,0.27193251846844513,1.276199164559301,-0.09597220139288809
arousal,emg_lagged_interaction_experimental,8,physio_similarity_knn64,75600,1.5845882457967788,1.9538202003233416,0.6309817176907606,0.5829971329054694,2.515440830435407,1.6812631379390888,1.731053155596018,locked_kernel_residual_shrink4,-0.22276704472732356,63.0,9.0,54.0,0.0,-45.0,0.20719633763472084,0.13799487858912718,1.3540267210785935,-0.18535145464954317
arousal,emg_lagged_interaction_experimental,16,locked_kernel_residual_shrink4,50400,1.3116241286836918,1.6509058800239589,0.7561526170737047,0.7157316708840219,2.517961350677301,1.8020957897780248,1.6509058800239589,locked_kernel_residual_shrink4,0.0,,,,,,,,,
arousal,emg_lagged_interaction_experimental,16,physio_residual_ridge100,50400,1.5867551434111027,1.9510109496143968,0.6324740755407641,0.5787972886813929,2.517961350677301,1.642226134561601,1.6509058800239589,locked_kernel_residual_shrink4,-0.3001050695904379,63.0,7.0,56.0,0.0,-49.0,0.28514491382526896,0.13429409353397492,1.8964231208102624,-0.11514410836143996
arousal,emg_lagged_interaction_experimental,16,physio_context_ridge100,50400,1.5992568849713082,1.951683882439261,0.631936643423183,0.5663389554677024,2.517961350677301,1.5631202192670797,1.6509058800239589,locked_kernel_residual_shrink4,-0.30077800241530217,63.0,7.0,56.0,0.0,-49.0,0.28684848151744546,0.15764519687998568,1.8683467679957928,-0.11650218037203874
arousal,emg_lagged_interaction_experimental,16,physio_residual_ridge1000,50400,1.584697201166834,1.9481786194929842,0.6337609849111377,0.5793298968319115,2.517961350677301,1.6377110660644911,1.6509058800239589,locked_kernel_residual_shrink4,-0.2972727394690253,63.0,7.0,56.0,0.0,-49.0,0.2820391014358919,0.13529990160246008,1.9198871852324466,-0.11424746784279627
arousal,emg_lagged_interaction_experimental,16,physio_context_ridge1000,50400,1.7072547934121556,2.017566572999641,0.6297773841350826,0.459410884425985,2.517961350677301,1.0907459647428381,1.6509058800239589,locked_kernel_residual_shrink4,-0.36666069297568216,63.0,7.0,56.0,0.0,-49.0,0.3557307650062162,0.2980999501986292,1.7592013243637112,-0.06221041615250966
arousal,emg_lagged_interaction_experimental,16,physio_similarity_knn64,50400,1.5850285786863356,1.9540228000040303,0.6317848205990002,0.5837724635060518,2.517961350677301,1.683153823985311,1.6509058800239589,locked_kernel_residual_shrink4,-0.3031169199800714,63.0,8.0,55.0,0.0,-47.0,0.28971048578933845,0.1720818363920935,1.8427721282587417,-0.17853354883827577
