target,k_calibration,model,subject_id,n,mae,rmse,pearson,spearman,ccc,y_true_mean,y_true_std,y_pred_mean,y_pred_std,residual_mean,residual_std,residual_rmse,residual_mae
arousal,0,stimulus_only,1,32,1.9464285714285714,2.256792468282797,0.4359892083549862,0.4357077134085129,0.35221621183162566,4.40625,2.4348944407304396,4.888392857142857,1.3042974372615084,-0.4821428571428571,2.204688302278597,2.256792468282797,1.9464285714285714
arousal,0,stimulus_only,2,32,2.2232142857142856,2.5696918738499783,0.6812594080825531,0.6874169442479939,0.37195195923814145,6.5,2.3048861143232218,4.589285714285714,1.245271669400796,1.9107142857142856,1.7182803161585594,2.5696918738499783,2.2232142857142856
arousal,0,stimulus_only,3,32,2.0446428571428568,2.3170287976155133,0.6882071528018303,0.666239601617513,0.3415335275827678,3.0625,1.5194057226429023,5.080357142857143,1.3314951987467751,-2.017857142857143,1.1388041973930374,2.3170287976155133,2.0446428571428568
arousal,0,stimulus_only,5,32,1.4375,1.660234185595637,0.6357245777272718,0.6619895620730529,0.5519966829925625,5.1875,2.0832291640623697,4.7767857142857135,1.2822062757893011,0.4107142857142857,1.6086302640851353,1.660234185595637,1.4375
arousal,0,stimulus_only,6,32,3.276785714285714,3.6071428571428568,0.1404534248431647,0.23365836911420124,0.041695656641272914,7.53125,1.39159025488827,4.441964285714286,1.4482393317369182,3.0892857142857144,1.8622012155905543,3.6071428571428568,3.276785714285714
arousal,0,stimulus_only,7,32,1.7857142857142858,2.0531831931149727,0.6660658489864572,0.7089478980950042,0.2868461688885293,3.28125,0.909477013178453,5.049107142857142,1.3995304310003116,-1.767857142857143,1.0441467075745512,2.0531831931149727,1.7857142857142858
arousal,0,stimulus_only,8,32,2.2142857142857144,2.4951483535297956,0.7389059386402063,0.7801270662164757,0.4165757743280192,3.3125,2.4929588343973914,5.044642857142858,1.2066131022707438,-1.7321428571428572,1.7959527912980977,2.4951483535297956,2.2142857142857144
arousal,0,stimulus_only,9,32,1.3839285714285714,1.8017140365184912,0.5205044338367428,0.47503436862829834,0.4544882142928911,5.34375,1.96229099205495,4.754464285714286,1.3239524040207205,0.5892857142857143,1.7026202795475363,1.8017140365184912,1.3839285714285714
arousal,0,stimulus_plus_fewshot_bias,1,32,1.9464285714285714,2.256792468282797,0.4359892083549862,0.4357077134085129,0.35221621183162566,4.40625,2.4348944407304396,4.888392857142857,1.3042974372615084,-0.4821428571428571,2.204688302278597,2.256792468282797,1.9464285714285714
arousal,0,stimulus_plus_fewshot_bias,2,32,2.2232142857142856,2.5696918738499783,0.6812594080825531,0.6874169442479939,0.37195195923814145,6.5,2.3048861143232218,4.589285714285714,1.245271669400796,1.9107142857142856,1.7182803161585594,2.5696918738499783,2.2232142857142856
arousal,0,stimulus_plus_fewshot_bias,3,32,2.0446428571428568,2.3170287976155133,0.6882071528018303,0.666239601617513,0.3415335275827678,3.0625,1.5194057226429023,5.080357142857143,1.3314951987467751,-2.017857142857143,1.1388041973930374,2.3170287976155133,2.0446428571428568
arousal,0,stimulus_plus_fewshot_bias,5,32,1.4375,1.660234185595637,0.6357245777272718,0.6619895620730529,0.5519966829925625,5.1875,2.0832291640623697,4.7767857142857135,1.2822062757893011,0.4107142857142857,1.6086302640851353,1.660234185595637,1.4375
arousal,0,stimulus_plus_fewshot_bias,6,32,3.276785714285714,3.6071428571428568,0.1404534248431647,0.23365836911420124,0.041695656641272914,7.53125,1.39159025488827,4.441964285714286,1.4482393317369182,3.0892857142857144,1.8622012155905543,3.6071428571428568,3.276785714285714
arousal,0,stimulus_plus_fewshot_bias,7,32,1.7857142857142858,2.0531831931149727,0.6660658489864572,0.7089478980950042,0.2868461688885293,3.28125,0.909477013178453,5.049107142857142,1.3995304310003116,-1.767857142857143,1.0441467075745512,2.0531831931149727,1.7857142857142858
arousal,0,stimulus_plus_fewshot_bias,8,32,2.2142857142857144,2.4951483535297956,0.7389059386402063,0.7801270662164757,0.4165757743280192,3.3125,2.4929588343973914,5.044642857142858,1.2066131022707438,-1.7321428571428572,1.7959527912980977,2.4951483535297956,2.2142857142857144
arousal,0,stimulus_plus_fewshot_bias,9,32,1.3839285714285714,1.8017140365184912,0.5205044338367428,0.47503436862829834,0.4544882142928911,5.34375,1.96229099205495,4.754464285714286,1.3239524040207205,0.5892857142857143,1.7026202795475363,1.8017140365184912,1.3839285714285714
arousal,0,stimulus_plus_fewshot_bias_shrink4,1,32,1.9464285714285714,2.256792468282797,0.4359892083549862,0.4357077134085129,0.35221621183162566,4.40625,2.4348944407304396,4.888392857142857,1.3042974372615084,-0.4821428571428571,2.204688302278597,2.256792468282797,1.9464285714285714
arousal,0,stimulus_plus_fewshot_bias_shrink4,2,32,2.2232142857142856,2.5696918738499783,0.6812594080825531,0.6874169442479939,0.37195195923814145,6.5,2.3048861143232218,4.589285714285714,1.245271669400796,1.9107142857142856,1.7182803161585594,2.5696918738499783,2.2232142857142856
arousal,0,stimulus_plus_fewshot_bias_shrink4,3,32,2.0446428571428568,2.3170287976155133,0.6882071528018303,0.666239601617513,0.3415335275827678,3.0625,1.5194057226429023,5.080357142857143,1.3314951987467751,-2.017857142857143,1.1388041973930374,2.3170287976155133,2.0446428571428568
arousal,0,stimulus_plus_fewshot_bias_shrink4,5,32,1.4375,1.660234185595637,0.6357245777272718,0.6619895620730529,0.5519966829925625,5.1875,2.0832291640623697,4.7767857142857135,1.2822062757893011,0.4107142857142857,1.6086302640851353,1.660234185595637,1.4375
arousal,0,stimulus_plus_fewshot_bias_shrink4,6,32,3.276785714285714,3.6071428571428568,0.1404534248431647,0.23365836911420124,0.041695656641272914,7.53125,1.39159025488827,4.441964285714286,1.4482393317369182,3.0892857142857144,1.8622012155905543,3.6071428571428568,3.276785714285714
arousal,0,stimulus_plus_fewshot_bias_shrink4,7,32,1.7857142857142858,2.0531831931149727,0.6660658489864572,0.7089478980950042,0.2868461688885293,3.28125,0.909477013178453,5.049107142857142,1.3995304310003116,-1.767857142857143,1.0441467075745512,2.0531831931149727,1.7857142857142858
arousal,0,stimulus_plus_fewshot_bias_shrink4,8,32,2.2142857142857144,2.4951483535297956,0.7389059386402063,0.7801270662164757,0.4165757743280192,3.3125,2.4929588343973914,5.044642857142858,1.2066131022707438,-1.7321428571428572,1.7959527912980977,2.4951483535297956,2.2142857142857144
arousal,0,stimulus_plus_fewshot_bias_shrink4,9,32,1.3839285714285714,1.8017140365184912,0.5205044338367428,0.47503436862829834,0.4544882142928911,5.34375,1.96229099205495,4.754464285714286,1.3239524040207205,0.5892857142857143,1.7026202795475363,1.8017140365184912,1.3839285714285714
arousal,1,stimulus_only,1,1550,1.9469124423963133,2.2581751124989573,0.4397850409415476,0.4392964851562058,0.3546228581466334,4.4148387096774195,2.4455698867052695,4.887834101382488,1.3026203333459492,-0.47299539170506893,2.208082923745267,2.2581751124989573,1.9469124423963133
arousal,1,stimulus_only,2,1550,2.2164976958525346,2.563487482142132,0.6814269565160558,0.6867572393592469,0.37367384113630414,6.489032258064516,2.306136770751256,4.58700460829493,1.2474414819147523,1.9020276497695852,1.7186503107413664,2.563487482142132,2.2164976958525346
arousal,1,stimulus_only,3,1550,2.0503225806451613,2.321482806881515,0.6886858178238447,0.6665073174928869,0.3399468260229706,3.0606451612903225,1.5164260518942834,5.0853456221198154,1.3288949097170975,-2.024700460829493,1.135724643812626,2.321482806881515,2.0503225806451613
arousal,1,stimulus_only,5,1550,1.4308755760368663,1.6546023749201821,0.6394661782851605,0.6663979780409742,0.5551547185489872,5.1974193548387095,2.0808791066276733,4.77778801843318,1.283801590021768,0.4196313364055299,1.600505720264072,1.6546023749201821,1.4308755760368663
arousal,1,stimulus_only,6,1550,3.2736405529953916,3.602835179386125,0.13743649232873503,0.23169523308600326,0.04104455600297174,7.521935483870967,1.3992519184626977,4.44110599078341,1.4445013540686549,3.080829493087557,1.8678626727744505,3.602835179386125,3.2736405529953916
arousal,1,stimulus_only,7,1550,1.779078341013825,2.047522949911611,0.6649285537456068,0.7084421022279298,0.28559286656905325,3.2748387096774194,0.9019400987467889,5.0362211981566825,1.3972575202157569,-1.7613824884792628,1.0439741183062665,2.047522949911611,1.779078341013825
arousal,1,stimulus_only,8,1550,2.2137327188940095,2.4933644658266476,0.7401736779136688,0.7808882635709737,0.4186471947637753,3.304516129032258,2.495191296189245,5.036221198156682,1.2120274771841006,-1.731705069124424,1.793896293829657,2.4933644658266476,2.2137327188940095
arousal,1,stimulus_only,9,1550,1.3815668202764977,1.8001536032771495,0.5212918122478581,0.4769752581272807,0.4549192690809261,5.348387096774194,1.959570553305467,4.7544700460829485,1.3237952771250951,0.5939170506912443,1.6993573880411144,1.8001536032771495,1.3815668202764977
arousal,1,stimulus_plus_fewshot_bias,1,1550,2.4901382488479267,3.09077073335044,0.214510714939774,0.2180120524065678,0.21299041311727662,4.4148387096774195,2.4455698867052695,4.122119815668203,2.4640785692933553,0.2927188940092166,3.0768781866082437,3.09077073335044,2.4901382488479267
arousal,1,stimulus_plus_fewshot_bias,2,1550,1.986359447004608,2.460152481130945,0.3850300624118298,0.40465586016621397,0.3801429027923197,6.489032258064516,2.306136770751256,6.767004608294931,2.090112506613303,-0.2779723502304148,2.444398004196969,2.460152481130945,1.9863594470046082
arousal,1,stimulus_plus_fewshot_bias,3,1550,1.3981566820276496,1.7029579656540927,0.4945044377621331,0.4784649523160205,0.4828946694960774,3.0606451612903225,1.5164260518942834,3.27963133640553,1.8057591638148687,-0.21898617511520735,1.6888193769296755,1.7029579656540927,1.3981566820276496
arousal,1,stimulus_plus_fewshot_bias,5,1550,2.0512442396313366,2.4847765591789988,0.34602321733055286,0.34578144223601065,0.3421977854196102,5.1974193548387095,2.0808791066276733,4.912073732718894,2.2303573972899,0.2853456221198156,2.4683379884007945,2.4847765591789988,2.0512442396313366
arousal,1,stimulus_plus_fewshot_bias,6,1550,1.9972350230414744,2.545832671144503,0.08140979797721945,0.14207169638242298,0.07258449839608988,7.521935483870967,1.3992519184626977,7.792534562211983,2.2265202870179785,-0.2705990783410138,2.5314106992480987,2.545832671144503,1.9972350230414744
arousal,1,stimulus_plus_fewshot_bias,7,1550,1.2084792626728111,1.5036667931708783,0.5272772240575782,0.5664649512540242,0.42438192728252794,3.2748387096774194,0.9019400987467889,3.0676497695852536,1.7525845317510726,0.20718894009216596,1.4893241984162742,1.5036667931708783,1.2084792626728111
arousal,1,stimulus_plus_fewshot_bias,8,1550,2.1069124423963133,2.6258751950214303,0.38191712022741015,0.40551659708309146,0.3790898002720063,3.304516129032258,2.495191296189245,3.290506912442396,2.208810699637193,0.014009216589861812,2.62583782471031,2.6258751950214303,2.1069124423963133
arousal,1,stimulus_plus_fewshot_bias,9,1550,2.0206451612903225,2.5178127753714272,0.2879172825531912,0.2723559755863099,0.2847166434809985,5.348387096774194,1.959570553305467,5.200184331797235,2.2362634516986053,0.1482027649769585,2.513447256712731,2.5178127753714272,2.0206451612903225
arousal,1,stimulus_plus_fewshot_bias_shrink4,1,1550,1.9305069124423964,2.2816927756201784,0.4111660327461421,0.41651975600616253,0.3463576208186485,4.4148387096774195,2.4455698867052695,4.734691244239631,1.371739286564749,-0.3198525345622119,2.259162738372657,2.2816927756201784,1.9305069124423964
arousal,1,stimulus_plus_fewshot_bias_shrink4,2,1550,1.977548387096774,2.2919743767718703,0.6518490943915507,0.6678438022542685,0.42475349921294075,6.489032258064516,2.306136770751256,5.02300460829493,1.290150494910549,1.466027649769585,1.761791552338093,2.2919743767718703,1.977548387096774
arousal,1,stimulus_plus_fewshot_bias_shrink4,3,1550,1.7503778801843315,2.0334534620259075,0.6732205667351814,0.6536253447196866,0.4004810735230291,3.0606451612903225,1.5164260518942834,4.724202764976958,1.3528167307548091,-1.6635576036866357,1.1694054392902085,2.0334534620259075,1.7503778801843315
arousal,1,stimulus_plus_fewshot_bias_shrink4,5,1550,1.4515391705069123,1.7004040103903773,0.6074940855110168,0.6354403241807676,0.5386361621541197,5.1974193548387095,2.0808791066276733,4.804645161290323,1.335172251030658,0.39277419354838705,1.6544190011705298,1.7004040103903773,1.4515391705069123
arousal,1,stimulus_plus_fewshot_bias_shrink4,6,1550,2.751705069124424,3.0732237385952614,0.1308663143887836,0.22261251208938496,0.05464275780866134,7.521935483870967,1.3992519184626977,5.111391705069124,1.4906347265650943,2.410543778801843,1.9063008256687,3.0732237385952614,2.751705069124424
arousal,1,stimulus_plus_fewshot_bias_shrink4,7,1550,1.4746175115207374,1.7367978071088597,0.6551718960419927,0.6932828889104582,0.3569142053880809,3.2748387096774194,0.9019400987467889,4.642506912442396,1.416545374846017,-1.3676682027649771,1.0704906865189259,1.7367978071088597,1.4746175115207374
arousal,1,stimulus_plus_fewshot_bias_shrink4,8,1550,2.0254377880184333,2.304837515104606,0.7011332148403718,0.7497506963443712,0.45435521344901925,3.304516129032258,2.495191296189245,4.687078341013825,1.2642464712276114,-1.382562211981567,1.8441251858358783,2.304837515104606,2.0254377880184333
arousal,1,stimulus_plus_fewshot_bias_shrink4,9,1550,1.4124239631336404,1.8201794759186878,0.4956777479023076,0.46181780592451727,0.44610332492190247,5.348387096774194,1.959570553305467,4.843612903225806,1.3735510487300706,0.504774193548387,1.7487871048481585,1.8201794759186878,1.4124239631336404
arousal,2,stimulus_only,1,1500,1.9351428571428573,2.244658057682365,0.4381190289781484,0.43862995792073106,0.3548469871243327,4.4126666666666665,2.428656601681038,4.87695238095238,1.302238561032989,-0.46428571428571425,2.1961167025976946,2.244658057682365,1.9351428571428573
arousal,2,stimulus_only,2,1500,2.232285714285714,2.578922941348765,0.6759686960646552,0.6825159192979264,0.36879915567214155,6.501333333333333,2.3026068318803845,4.583904761904762,1.248310746096845,1.9174285714285713,1.7246191495180476,2.578922941348765,2.232285714285714
arousal,2,stimulus_only,3,1500,2.0455238095238095,2.3188843200547797,0.6852751459622864,0.6624418195166574,0.3398979900835285,3.0553333333333335,1.514905350912136,5.073428571428571,1.3335682072040058,-2.018095238095238,1.142154148866624,2.3188843200547797,2.0455238095238095
arousal,2,stimulus_only,5,1500,1.4353333333333333,1.6561860949037042,0.637535629543616,0.6637128309397453,0.5538549620449091,5.186,2.0799208318266986,4.76952380952381,1.2839762503013321,0.4164761904761905,1.6029659895702157,1.6561860949037042,1.4353333333333333
arousal,2,stimulus_only,6,1500,3.2802857142857142,3.6106550557998185,0.13628369066408008,0.2290928845277497,0.040381362599638565,7.54,1.393939262187082,4.44847619047619,1.4438981597369012,3.09152380952381,1.865290987251099,3.6106550557998185,3.2802857142857142
arousal,2,stimulus_only,7,1500,1.8018095238095235,2.062832739599754,0.6729863885670676,0.7155292989060684,0.28594380048972273,3.2853333333333334,0.906229306277145,5.070380952380953,1.3970178117833394,-1.785047619047619,1.0338684197213164,2.062832739599754,1.8018095238095235
arousal,2,stimulus_only,8,1500,2.21152380952381,2.4959150299508783,0.7386326831545931,0.7814810182405374,0.41688823604803993,3.3133333333333335,2.492753943377128,5.0473333333333334,1.2094544074576854,-1.734,1.7952258456068124,2.4959150299508783,2.21152380952381
arousal,2,stimulus_only,9,1500,1.3868571428571428,1.8061874003463947,0.5176676807232131,0.4697061629367568,0.4528824418586628,5.347333333333333,1.9653734731314783,4.765238095238095,1.3271020206610455,0.5820952380952381,1.709818136222948,1.8061874003463947,1.3868571428571428
arousal,2,stimulus_plus_fewshot_bias,1,1500,2.358857142857143,2.904796643039744,0.2229159329884936,0.22027661483994704,0.2201567597560972,4.4126666666666665,2.428656601681038,4.126952380952381,2.199981160504781,0.2857142857142857,2.8907111381723603,2.904796643039744,2.358857142857143
arousal,2,stimulus_plus_fewshot_bias,2,1500,1.6841904761904762,2.0986373940165617,0.48024029280824604,0.5079918782599409,0.455473719324434,6.501333333333333,2.3026068318803845,6.393904761904762,1.6657541828650548,0.10742857142857144,2.0958859734263795,2.0986373940165617,1.6841904761904762
arousal,2,stimulus_plus_fewshot_bias,3,1500,1.134952380952381,1.3814613183689437,0.5860718266028163,0.5746968283498204,0.5860641482471459,3.0553333333333335,1.514905350912136,3.0591428571428576,1.5216796394675418,-0.003809523809523829,1.381456065779149,1.3814613183689437,1.134952380952381
arousal,2,stimulus_plus_fewshot_bias,5,1500,1.6297142857142857,1.993695846725799,0.45938859742996757,0.4811482073796163,0.4496318150165942,5.186,2.0799208318266986,5.093809523809523,1.699278291516178,0.09219047619047618,1.9915632165089499,1.993695846725799,1.6297142857142857
arousal,2,stimulus_plus_fewshot_bias,6,1500,1.6500952380952378,2.1530756358933494,0.09909658581504265,0.18280721897453314,0.09612473792441499,7.54,1.393939262187082,7.504190476190476,1.784484183301582,0.03580952380952386,2.1527778268744053,2.1530756358933494,1.6500952380952378
arousal,2,stimulus_plus_fewshot_bias,7,1500,1.1376190476190478,1.3791375595506292,0.5711378201287943,0.6086164961488746,0.47250403702249394,3.2853333333333334,0.906229306277145,3.5603809523809518,1.6458586631995544,-0.275047619047619,1.3514322829574188,1.3791375595506292,1.1376190476190478
arousal,2,stimulus_plus_fewshot_bias,8,1500,1.777047619047619,2.215503505371392,0.4951272298944213,0.5334869918506185,0.4609169206652177,3.3133333333333335,2.492753943377128,3.343047619047619,1.7001436407236215,-0.02971428571428574,2.2153042327268313,2.215503505371392,1.777047619047619
arousal,2,stimulus_plus_fewshot_bias,9,1500,1.6648571428571428,2.0528692381258815,0.38265797064229606,0.3580623175886486,0.3780174950304492,5.347333333333333,1.9653734731314783,5.4623809523809514,1.7028267148661012,-0.11504761904761904,2.0496429333410764,2.0528692381258815,1.6648571428571428
arousal,2,stimulus_plus_fewshot_bias_shrink4,1,1500,1.9327619047619047,2.3138295650794656,0.37972771063546884,0.38728509948935214,0.3303846015321484,4.4126666666666665,2.428656601681038,4.62695238095238,1.4321506305453446,-0.21428571428571422,2.3038856067280964,2.313829565079465,1.9327619047619047
arousal,2,stimulus_plus_fewshot_bias_shrink4,2,1500,1.9078412698412697,2.2126553137384426,0.6386701095705796,0.6578729816497888,0.4381948719203266,6.501333333333333,2.3026068318803845,5.187238095238095,1.2983229859952874,1.3140952380952382,1.7801677568786558,2.2126553137384426,1.9078412698412697
arousal,2,stimulus_plus_fewshot_bias_shrink4,3,1500,1.5105396825396826,1.7891104213472244,0.6684663577377963,0.6480677466190307,0.4618025779165598,3.0553333333333335,1.514905350912136,4.402,1.356107070067673,-1.3466666666666667,1.1778815681816792,1.7891104213472244,1.5105396825396826
arousal,2,stimulus_plus_fewshot_bias_shrink4,5,1500,1.4400317460317458,1.6900650070015522,0.6027691891013864,0.6285153339465737,0.5399607781700811,5.186,2.0799208318266986,4.877619047619048,1.3370459366583836,0.3083809523809524,1.6616921845214816,1.6900650070015522,1.4400317460317462
arousal,2,stimulus_plus_fewshot_bias_shrink4,6,1500,2.4978412698412695,2.816911594229612,0.12746882780907715,0.21983145343965535,0.06261798873102846,7.54,1.393939262187082,5.4670476190476185,1.4915956058017754,2.072952380952381,1.907317319170848,2.816911594229612,2.4978412698412695
arousal,2,stimulus_plus_fewshot_bias_shrink4,7,1500,1.4288888888888887,1.6779880783038077,0.6557245440850603,0.6906691118012497,0.37701100877874405,3.2853333333333334,0.906229306277145,4.56704761904762,1.4337118120775538,-1.2817142857142858,1.0829831396312795,1.6779880783038077,1.4288888888888887
arousal,2,stimulus_plus_fewshot_bias_shrink4,8,1500,1.9126666666666667,2.1939480767022053,0.6908646310177966,0.7427160461974962,0.4757491648466389,3.3133333333333335,2.492753943377128,4.479238095238095,1.2682043155347813,-1.165904761904762,1.858513989571536,2.1939480767022053,1.9126666666666667
arousal,2,stimulus_plus_fewshot_bias_shrink4,9,1500,1.419873015873016,1.7947504705949182,0.49111248639787963,0.4542573096050572,0.4517380013195173,5.347333333333333,1.9653734731314783,4.997619047619048,1.3748349725745483,0.3497142857142857,1.7603491614074827,1.7947504705949182,1.419873015873016
arousal,4,stimulus_only,1,1400,1.9588775510204082,2.270090094666041,0.4387628417474193,0.43760503892363817,0.35458470207437626,4.383571428571429,2.44847213917711,4.886734693877551,1.3176859773331713,-0.5031632653061224,2.2136250283973924,2.270090094666041,1.9588775510204082
arousal,4,stimulus_only,2,1400,2.1993877551020407,2.546237148256295,0.6851678233860733,0.6943674145653111,0.377092541665119,6.4871428571428575,2.2843830945025356,4.585102040816326,1.2537940920088053,1.9020408163265308,1.692797787152457,2.546237148256295,2.1993877551020407
arousal,4,stimulus_only,3,1400,2.0522448979591834,2.3227484473903384,0.6902718884456492,0.6660326336618437,0.34225978232805937,3.084285714285714,1.519411137277081,5.109795918367347,1.3383827821181131,-2.0255102040816326,1.136867961997087,2.3227484473903384,2.0522448979591834
arousal,4,stimulus_only,5,1400,1.4356122448979591,1.6588001916450785,0.6345637907241672,0.6590555381319971,0.5504128696135155,5.203571428571428,2.076910848705208,4.787142857142857,1.2780261064872556,0.4164285714285714,1.6056790839703021,1.6588001916450785,1.4356122448979591
arousal,4,stimulus_only,6,1400,3.263571428571429,3.5938743640542605,0.15562333023429614,0.24415340286484746,0.04592422379242841,7.539285714285715,1.377326417819861,4.451020408163266,1.4502509512980646,3.088265306122449,1.8380833342389107,3.5938743640542605,3.263571428571429
arousal,4,stimulus_only,7,1400,1.7826530612244897,2.0584250539244575,0.6507770685966606,0.6951955116302335,0.279953862112153,3.287857142857143,0.9051414930545276,5.051326530612245,1.3983553401142914,-1.7634693877551022,1.0617388667061936,2.0584250539244575,1.7826530612244897
arousal,4,stimulus_only,8,1400,2.2014285714285715,2.486265479586889,0.7414107681071573,0.7807727645523481,0.4202487924162639,3.335,2.4999835713745915,5.052959183673469,1.2087424451162343,-1.7179591836734696,1.7972568759688776,2.486265479586889,2.2014285714285715
arousal,4,stimulus_only,9,1400,1.3868367346938777,1.7910491737685883,0.5386569995341347,0.49587317784250584,0.4712456371439735,5.3221428571428575,1.9888463223380408,4.746938775510205,1.3343349701548304,0.5752040816326531,1.696171396802304,1.7910491737685883,1.3868367346938777
arousal,4,stimulus_plus_fewshot_bias,1,1400,2.0400510204081637,2.46524160697446,0.32484407881126004,0.33252724630869873,0.2982920812426544,4.383571428571429,2.44847213917711,4.551734693877551,1.6240679927467803,-0.1681632653061224,2.4594993996664445,2.4652416069744603,2.040051020408163
arousal,4,stimulus_plus_fewshot_bias,2,1400,1.5295408163265305,1.9262457632723768,0.5476547521473486,0.5728189645897134,0.49947764056196164,6.4871428571428575,2.2843830945025356,6.556530612244898,1.4798243448559993,-0.06938775510204075,1.924995605181134,1.9262457632723768,1.5295408163265305
arousal,4,stimulus_plus_fewshot_bias,3,1400,1.067551020408163,1.2901736724008392,0.6232050210970491,0.6059500933299364,0.6219057080754993,3.084285714285714,1.519411137277081,3.1455102040816323,1.445721127791228,-0.061224489795918366,1.2887201662135568,1.2901736724008392,1.067551020408163
arousal,4,stimulus_plus_fewshot_bias,5,1400,1.5398469387755103,1.864497798554969,0.49892075324107366,0.5263513193996445,0.47544859378512455,5.203571428571428,2.076910848705208,5.157857142857143,1.5204069339811495,0.045714285714285714,1.8639372963965175,1.864497798554969,1.5398469387755103
arousal,4,stimulus_plus_fewshot_bias,6,1400,1.640765306122449,2.1351348951314906,0.1020125629759895,0.18274320428118926,0.09877337475396894,7.539285714285715,1.377326417819861,7.547448979591836,1.7780173039403195,-0.008163265306122441,2.1351192897605755,2.1351348951314906,1.640765306122449
arousal,4,stimulus_plus_fewshot_bias,7,1400,0.9918367346938775,1.1959601580773729,0.6072466692957539,0.6446945528675201,0.5362569593949298,3.287857142857143,0.9051414930545276,3.2527551020408163,1.504587151638715,0.03510204081632655,1.1954449156857807,1.1959601580773729,0.9918367346938775
arousal,4,stimulus_plus_fewshot_bias,8,1400,1.6314285714285715,2.02786708093977,0.586677747068978,0.6221965808731765,0.5070302019231205,3.335,2.4999835713745915,3.221530612244898,1.4418687222934674,0.11346938775510204,2.0246899999757164,2.02786708093977,1.6314285714285715
arousal,4,stimulus_plus_fewshot_bias,9,1400,1.6285714285714286,1.9881032832131815,0.41244671802959376,0.3888882580440727,0.4036886270707806,5.3221428571428575,1.9888463223380408,5.434795918367347,1.630993509231521,-0.11265306122448983,1.9849090539669023,1.9881032832131815,1.6285714285714286
arousal,4,stimulus_plus_fewshot_bias_shrink4,1,1400,1.9598724489795918,2.31600720962689,0.3945450895105234,0.40108552372465744,0.3354297691459218,4.383571428571429,2.44847213917711,4.719234693877551,1.4012600135866293,-0.3356632653061224,2.2915539634422237,2.31600720962689,1.9598724489795918
arousal,4,stimulus_plus_fewshot_bias_shrink4,2,1400,1.6897959183673465,1.9904518803645184,0.6369328290707658,0.6575268410754088,0.49047418799682796,6.4871428571428575,2.2843830945025356,5.570816326530612,1.3105716392695375,0.9163265306122449,1.7669873732833445,1.9904518803645184,1.689795918367347
arousal,4,stimulus_plus_fewshot_bias_shrink4,3,1400,1.3144132653061222,1.5791230913419414,0.6673895764550625,0.6454688761099615,0.5264925616679614,3.084285714285714,1.519411137277081,4.12765306122449,1.367139030035679,-1.0433673469387754,1.1853329983389773,1.5791230913419414,1.3144132653061222
arousal,4,stimulus_plus_fewshot_bias_shrink4,5,1400,1.4465816326530612,1.704521779586447,0.5852201805713099,0.6128471414506843,0.5287438859719452,5.203571428571428,2.076910848705208,4.9725,1.3409924295327473,0.23107142857142857,1.6887866922683004,1.704521779586447,1.4465816326530612
arousal,4,stimulus_plus_fewshot_bias_shrink4,6,1400,2.1102551020408162,2.4720273619896798,0.1313054921134929,0.21749039824462152,0.08403877292362871,7.539285714285715,1.377326417819861,5.999234693877551,1.5500988509879734,1.5400510204081632,1.9336913230827282,2.4720273619896798,2.1102551020408162
arousal,4,stimulus_plus_fewshot_bias_shrink4,7,1400,1.1957908163265307,1.402255055966106,0.6367134557697381,0.6750727318051654,0.4563675837668154,3.287857142857143,0.9051414930545276,4.152040816326531,1.4320987793395825,-0.864183673469388,1.104312374507984,1.402255055966106,1.1957908163265307
arousal,4,stimulus_plus_fewshot_bias_shrink4,8,1400,1.7506377551020407,2.0345342086247014,0.6884044908103724,0.7347418376152997,0.5127058017780117,3.335,2.4999835713745915,4.137244897959183,1.2653076654039308,-0.8022448979591836,1.8696878268209907,2.0345342086247014,1.750637755102041
arousal,4,stimulus_plus_fewshot_bias_shrink4,9,1400,1.454795918367347,1.8042312896763626,0.4902833759494574,0.4597682344316334,0.4594963356497587,5.3221428571428575,1.9888463223380408,5.090867346938776,1.419023017772708,0.23127551020408163,1.7893468598980669,1.8042312896763626,1.454795918367347
arousal,8,stimulus_only,1,1200,1.9502380952380955,2.2608619149871703,0.4214554806471569,0.4182791601961965,0.34393024368155556,4.405,2.4206008207330125,4.859999999999999,1.3132988013002214,-0.4549999999999999,2.214604162968962,2.2608619149871703,1.9502380952380955
arousal,8,stimulus_only,2,1200,2.2090476190476194,2.560200353554412,0.6798975993005134,0.684166267546701,0.37087712081590807,6.48,2.287560563861279,4.571428571428571,1.2422138455576954,1.9085714285714286,1.7064527395685332,2.560200353554412,2.2090476190476194
arousal,8,stimulus_only,3,1200,2.0595238095238098,2.329279763722485,0.6883461177861185,0.6646787653665269,0.3385385652541082,3.0775,1.5220032030189685,5.109642857142857,1.3252398865121442,-2.032142857142857,1.1383934407094676,2.329279763722485,2.0595238095238098
arousal,8,stimulus_only,5,1200,1.4398809523809522,1.6586149044791996,0.6433621523524743,0.6697781367628927,0.5600975757616906,5.194166666666667,2.0939912381754504,4.771190476190476,1.2999842795142282,0.4229761904761904,1.6037750913550173,1.6586149044791996,1.4398809523809522
arousal,8,stimulus_only,6,1200,3.2604761904761905,3.600921083981323,0.12149086733724762,0.207179906399575,0.03625663317129465,7.485833333333333,1.3801446683429806,4.414404761904762,1.454638365692075,3.071428571428571,1.879616765107576,3.600921083981323,3.2604761904761905
arousal,8,stimulus_only,7,1200,1.7977380952380948,2.0638160612549457,0.6655301499706069,0.7100088731503759,0.2873900696273944,3.3016666666666667,0.919599852592903,5.079880952380953,1.403347547676327,-1.778214285714286,1.0475164384273452,2.0638160612549457,1.7977380952380948
arousal,8,stimulus_only,8,1200,2.244285714285714,2.525852721911774,0.7336699744793403,0.7758049679298218,0.41078342663232725,3.2983333333333333,2.507853774755529,5.052619047619047,1.2087070498786312,-1.754285714285714,1.8172544140659492,2.525852721911774,2.244285714285714
arousal,8,stimulus_only,9,1200,1.364404761904762,1.7795273774445926,0.5240662962497774,0.4838785732536863,0.4599076346713987,5.306666666666667,1.9538736454085823,4.748214285714286,1.3167375712846705,0.558452380952381,1.6896297302318775,1.7795273774445926,1.364404761904762
arousal,8,stimulus_plus_fewshot_bias,1,1200,1.9244047619047622,2.3615579142407084,0.3417628944782475,0.3486557466307958,0.3010710977526427,4.405,2.4206008207330125,4.296428571428572,1.4519617857267746,0.10857142857142854,2.3590608358435534,2.3615579142407084,1.9244047619047622
arousal,8,stimulus_plus_fewshot_bias,2,1200,1.4746130952380951,1.8467071724971398,0.5901780294225988,0.6144332569834777,0.5162791789355449,6.48,2.287560563861279,6.488571428571429,1.3480322015169113,-0.008571428571428548,1.846687280392819,1.8467071724971398,1.4746130952380951
arousal,8,stimulus_plus_fewshot_bias,3,1200,1.0381547619047617,1.2386525760202627,0.6414682990902371,0.6234595786752879,0.6381688406236108,3.0775,1.5220032030189685,3.134642857142857,1.385823403288471,-0.057142857142857176,1.2373337859927627,1.2386525760202627,1.0381547619047617
arousal,8,stimulus_plus_fewshot_bias,5,1200,1.4386607142857144,1.7229869699563767,0.5759479335922476,0.6048641158488642,0.5314041384083873,5.194166666666667,2.0939912381754504,5.145119047619048,1.3957331368241657,0.04904761904761906,1.7222887184514724,1.7229869699563767,1.4386607142857144
arousal,8,stimulus_plus_fewshot_bias,6,1200,1.5075297619047618,2.008879099919962,0.08503007596324245,0.17155472316253273,0.08416052122799779,7.485833333333333,1.3801446683429806,7.557261904761905,1.580045095190155,-0.07142857142857145,2.0076088257623574,2.008879099919962,1.5075297619047618
arousal,8,stimulus_plus_fewshot_bias,7,1200,0.9364880952380952,1.1100202624246087,0.6446887525796857,0.6821310463626515,0.5826767447578861,3.3016666666666667,0.919599852592903,3.3430952380952377,1.4509015005847545,-0.04142857142857145,1.109246887064636,1.1100202624246087,0.9364880952380952
arousal,8,stimulus_plus_fewshot_bias,8,1200,1.574375,1.9169047471180747,0.663691759769793,0.7138862470013562,0.5369712213397871,3.2983333333333333,2.507853774755529,3.3869047619047623,1.2801046052778322,-0.0885714285714286,1.914857412854708,1.9169047471180747,1.574375
arousal,8,stimulus_plus_fewshot_bias,9,1200,1.5266666666666666,1.8522847401259346,0.4448672386547415,0.4222290947581393,0.4258632500954698,5.306666666666667,1.9538736454085823,5.43,1.4639067744285108,-0.12333333333333338,1.8481741388170894,1.8522847401259346,1.5266666666666666
arousal,8,stimulus_plus_fewshot_bias_shrink4,1,1200,1.9008531746031747,2.294151096092121,0.37461120415158883,0.3792380532823362,0.32157649460026866,4.405,2.4206008207330125,4.484285714285714,1.3756042580734955,-0.07928571428571429,2.292780632160627,2.294151096092121,1.9008531746031747
arousal,8,stimulus_plus_fewshot_bias_shrink4,2,1200,1.5826984126984127,1.890827003554163,0.6302819361099194,0.649293460471119,0.5095591675139558,6.48,2.287560563861279,5.849523809523809,1.2881728257593943,0.6304761904761905,1.7826178868765579,1.890827003554163,1.5826984126984127
arousal,8,stimulus_plus_fewshot_bias_shrink4,3,1200,1.1560119047619049,1.3903987258265327,0.6620727993714857,0.6409545081394843,0.5853990076811965,3.0775,1.5220032030189685,3.792976190476191,1.3544065930833897,-0.7154761904761906,1.1921838942217444,1.3903987258265325,1.1560119047619049
arousal,8,stimulus_plus_fewshot_bias_shrink4,5,1200,1.4206150793650796,1.6770492929743477,0.6056494201371184,0.6348144238136781,0.5481532904652552,5.194166666666667,2.0939912381754504,5.020476190476191,1.3451675919156454,0.17369047619047626,1.6680305601356604,1.6770492929743477,1.4206150793650796
arousal,8,stimulus_plus_fewshot_bias_shrink4,6,1200,1.783234126984127,2.179738173130287,0.09783099271726863,0.18086859547963366,0.0794088637572361,7.485833333333333,1.3801446683429806,6.5096428571428575,1.5176785095632153,0.9761904761904763,1.9489255136090684,2.179738173130287,1.783234126984127
arousal,8,stimulus_plus_fewshot_bias_shrink4,7,1200,1.0816468253968254,1.2462506126655108,0.6542280681687727,0.6943972830865257,0.5254146801264215,3.3016666666666667,0.919599852592903,3.9220238095238096,1.429027580943596,-0.6203571428571429,1.080878163751717,1.2462506126655108,1.0816468253968252
arousal,8,stimulus_plus_fewshot_bias_shrink4,8,1200,1.6910515873015874,1.977670128793474,0.696683341015677,0.7452225923462015,0.5250361854834714,3.2983333333333333,2.507853774755529,3.9421428571428576,1.2372822651392519,-0.6438095238095239,1.8699434310625946,1.977670128793474,1.6910515873015874
arousal,8,stimulus_plus_fewshot_bias_shrink4,9,1200,1.4447222222222222,1.7789873294566623,0.47786242853314354,0.4502130353527391,0.4505802511062894,5.306666666666667,1.9538736454085823,5.202738095238095,1.389902192149324,0.10392857142857141,1.7759489774225392,1.7789873294566623,1.444722222222222
arousal,16,stimulus_only,1,800,1.9471428571428573,2.2454716335645077,0.4612894284883885,0.46591653894318463,0.36838039936920813,4.40125,2.4510708756582296,4.934107142857142,1.3004590903458921,-0.5328571428571428,2.181331272972764,2.2454716335645077,1.9471428571428573
arousal,16,stimulus_only,2,800,2.186607142857143,2.5371675915782745,0.6929477283735713,0.7058328948078283,0.3909454831654736,6.44625,2.3397886523145632,4.583214285714286,1.2742400196003185,1.8630357142857144,1.7223000072725485,2.5371675915782745,2.186607142857143
arousal,16,stimulus_only,3,800,2.0791071428571426,2.344081779237896,0.6915315511567933,0.6603097362059155,0.33450808523257275,3.08625,1.5112282876852192,5.142142857142858,1.3214090732152213,-2.055892857142857,1.1260656942221805,2.344081779237896,2.0791071428571426
arousal,16,stimulus_only,5,800,1.4532142857142856,1.6891309201202027,0.5953444487605917,0.6298120023003554,0.5159713412397392,5.20625,2.0337676704825456,4.780892857142857,1.255976414518414,0.42535714285714277,1.6346970870245445,1.6891309201202027,1.4532142857142856
arousal,16,stimulus_only,6,800,3.2369642857142855,3.566786268577679,0.14740048456683938,0.230792122097857,0.04414197006736676,7.5175,1.4007832630353634,4.464107142857142,1.4226977351719041,3.0533928571428572,1.8435716274837994,3.566786268577679,3.2369642857142855
arousal,16,stimulus_only,7,800,1.7901785714285714,2.059194165746615,0.6737833087795684,0.7132052470954613,0.2945325006146669,3.26125,0.9262820507275309,5.033571428571429,1.4182647848691725,-1.7723214285714288,1.048407061246455,2.059194165746615,1.7901785714285714
arousal,16,stimulus_only,8,800,2.1748214285714287,2.4623543155911185,0.7330685689548985,0.7759070048725677,0.42600398737613054,3.37625,2.4894147781155316,5.0632142857142854,1.2329175101095344,-1.6869642857142855,1.7936945877809563,2.4623543155911185,2.1748214285714287
arousal,16,stimulus_only,9,800,1.42,1.823276373645498,0.522645636508099,0.46662111684814495,0.4553679285563789,5.29875,2.0017488447605007,4.722321428571428,1.3283646992579614,0.5764285714285715,1.7297591846076996,1.823276373645498,1.42
arousal,16,stimulus_plus_fewshot_bias,1,800,1.9312053571428571,2.3034219220586594,0.38567412990262334,0.39796848015540376,0.32822330251410176,4.40125,2.4510708756582296,4.5026785714285715,1.3711503972904635,-0.10142857142857144,2.3011876924576073,2.3034219220586594,1.9312053571428571
arousal,16,stimulus_plus_fewshot_bias,2,800,1.4171205357142855,1.79683279675372,0.6489578001679303,0.6693226762135656,0.5489055452230421,6.44625,2.3397886523145632,6.541607142857142,1.2936666393335223,-0.09535714285714285,1.7943007314260109,1.79683279675372,1.4171205357142855
arousal,16,stimulus_plus_fewshot_bias,3,800,1.0107589285714285,1.1905418880681593,0.6602220210971188,0.6350571025126448,0.6550569208637631,3.08625,1.5112282876852192,3.162321428571429,1.3488724623339514,-0.07607142857142854,1.1881090543380266,1.1905418880681593,1.0107589285714285
arousal,16,stimulus_plus_fewshot_bias,5,800,1.4139732142857144,1.700733260228946,0.5538906920048431,0.595491604867141,0.4997683545963097,5.20625,2.0337676704825456,5.176964285714287,1.2826690001830605,0.029285714285714314,1.7004810993915092,1.700733260228946,1.4139732142857144
arousal,16,stimulus_plus_fewshot_bias,6,800,1.4106696428571428,1.9220736271176566,0.11334104881610198,0.1989078706338085,0.11301918232336902,7.5175,1.4007832630353634,7.589285714285714,1.482483287065514,-0.07178571428571429,1.920732630869199,1.9220736271176566,1.4106696428571428
arousal,16,stimulus_plus_fewshot_bias,7,800,0.9183928571428572,1.0961398817240993,0.6564474566648769,0.6883473048805805,0.5951727119843597,3.26125,0.9262820507275309,3.270178571428571,1.4525529623453899,-0.008928571428571423,1.0961035174281522,1.0961398817240993,0.9183928571428572
arousal,16,stimulus_plus_fewshot_bias,8,800,1.5218303571428573,1.8783876709420073,0.6799677532069528,0.729111010331621,0.547062323978612,3.37625,2.4894147781155316,3.285892857142857,1.2587898733120875,0.09035714285714289,1.876213161951923,1.8783876709420073,1.5218303571428573
arousal,16,stimulus_plus_fewshot_bias,9,800,1.50953125,1.8105822014377766,0.4787042036050175,0.43405156790561156,0.44879762243809734,5.29875,2.0017488447605007,5.324464285714286,1.392737071289803,-0.02571428571428573,1.8103995922650526,1.8105822014377766,1.50953125
arousal,16,stimulus_plus_fewshot_bias_shrink4,1,800,1.9249821428571432,2.279165618898141,0.4032281734173535,0.4137498136326344,0.3388250057642282,4.40125,2.4510708756582296,4.588964285714286,1.3467099549665926,-0.18771428571428572,2.27142230008119,2.279165618898141,1.9249821428571432
arousal,16,stimulus_plus_fewshot_bias_shrink4,2,800,1.4753571428571428,1.800882578411066,0.6603233152813311,0.6794901296086595,0.5503398663784906,6.44625,2.3397886523145632,6.149928571428571,1.2845592013748275,0.2963214285714285,1.7763365875289168,1.800882578411066,1.4753571428571428
arousal,16,stimulus_plus_fewshot_bias_shrink4,3,800,1.0582321428571428,1.2641390148949567,0.667777400205871,0.641585174867202,0.6286858305092332,3.08625,1.5112282876852192,3.5582857142857143,1.3405716569236195,-0.4720357142857142,1.1727018945232277,1.2641390148949567,1.0582321428571428
arousal,16,stimulus_plus_fewshot_bias_shrink4,5,800,1.4152142857142858,1.6875504527605225,0.5640493448477913,0.6033133672400617,0.5062687473561023,5.20625,2.0337676704825456,5.09775,1.2727866096980007,0.10849999999999999,1.6840588708867172,1.6875504527605225,1.4152142857142858
arousal,16,stimulus_plus_fewshot_bias_shrink4,6,800,1.562785714285714,1.9803325066096082,0.12034725026871375,0.20414664485103035,0.1118913245167817,7.5175,1.4007832630353634,6.964250000000001,1.4654446628750535,0.5532499999999999,1.9014813368094607,1.9803325066096082,1.562785714285714
arousal,16,stimulus_plus_fewshot_bias_shrink4,7,800,0.9828214285714284,1.1429305779978278,0.6606818622883502,0.6935650798830029,0.5749864170829522,3.26125,0.9262820507275309,3.6228571428571428,1.4438725210844816,-0.3616071428571428,1.0842188802807038,1.1429305779978278,0.9828214285714284
arousal,16,stimulus_plus_fewshot_bias_shrink4,8,800,1.5613035714285715,1.8744970754083041,0.6939640335891545,0.7408183057023002,0.550843610581935,3.37625,2.4894147781155316,3.6413571428571423,1.2471998411952878,-0.26510714285714276,1.8556555414517018,1.8744970754083041,1.5613035714285715
arousal,16,stimulus_plus_fewshot_bias_shrink4,9,800,1.4808749999999997,1.7928178709415372,0.4890382554157063,0.4419365895491664,0.45572171479897566,5.29875,2.0017488447605007,5.204035714285714,1.3745756446285968,0.09471428571428568,1.7903142524286006,1.7928178709415372,1.4808749999999997
valence,0,stimulus_only,1,32,1.0580357142857144,1.2674798231296687,0.8855087098137514,0.895477849753758,0.8696633573715359,4.46875,2.4746764308692963,4.9375,2.4458256556335125,-0.46875,1.1776156162096427,1.2674798231296687,1.0580357142857144
valence,0,stimulus_only,2,32,1.15625,1.5133335955527358,0.8576632747995098,0.8164765368461204,0.836624203821656,4.53125,2.839282204624965,4.928571428571429,2.4080011187196537,-0.3973214285714287,1.4602445869875809,1.5133335955527358,1.15625
valence,0,stimulus_only,3,32,1.1026785714285714,1.2992835545415178,0.8751036417434424,0.8622741062095268,0.8695054691110768,4.71875,2.6485181588012567,4.901785714285714,2.426584665276508,-0.18303571428571436,1.2863264291764978,1.2992835545415178,1.1026785714285714
valence,0,stimulus_only,5,32,1.2366071428571428,1.509958439757836,0.8569177944374268,0.8338781109938547,0.8390482461323743,5.09375,2.8870332414954976,4.848214285714286,2.4021507954076387,0.24553571428571425,1.4898613032111823,1.509958439757836,1.2366071428571428
valence,0,stimulus_only,6,32,0.9151785714285714,1.0663570447738298,0.9551780961004994,0.927141683811243,0.9230781675519724,4.8125,3.0458732327528013,4.888392857142858,2.3451356448193015,-0.07589285714285716,1.0636529608727978,1.0663570447738298,0.9151785714285714
valence,0,stimulus_only,7,32,0.8616071428571428,1.0273678474030377,0.9319164264674973,0.9389975641570957,0.8932567964139442,4.75,1.8874586088176875,4.897321428571429,2.5107509586327974,-0.1473214285714286,1.016750259680923,1.0273678474030377,0.8616071428571428
valence,0,stimulus_only,8,32,0.9419642857142857,1.2265660543624568,0.9040858743340714,0.8986996090739887,0.8863981122534975,5.25,2.692582403567252,4.825892857142858,2.4111069455347938,0.4241071428571428,1.1509115591963774,1.2265660543624568,0.9419642857142857
valence,0,stimulus_only,9,32,1.0223214285714286,1.3226345847958003,0.8900274132756976,0.8393617238500255,0.8637306407342549,5.40625,2.5600216673887743,4.803571428571429,2.4332282033948065,0.6026785714285714,1.177344802697483,1.3226345847958003,1.0223214285714286
valence,0,stimulus_plus_fewshot_bias,1,32,1.0580357142857144,1.2674798231296687,0.8855087098137514,0.895477849753758,0.8696633573715359,4.46875,2.4746764308692963,4.9375,2.4458256556335125,-0.46875,1.1776156162096427,1.2674798231296687,1.0580357142857144
valence,0,stimulus_plus_fewshot_bias,2,32,1.15625,1.5133335955527358,0.8576632747995098,0.8164765368461204,0.836624203821656,4.53125,2.839282204624965,4.928571428571429,2.4080011187196537,-0.3973214285714287,1.4602445869875809,1.5133335955527358,1.15625
valence,0,stimulus_plus_fewshot_bias,3,32,1.1026785714285714,1.2992835545415178,0.8751036417434424,0.8622741062095268,0.8695054691110768,4.71875,2.6485181588012567,4.901785714285714,2.426584665276508,-0.18303571428571436,1.2863264291764978,1.2992835545415178,1.1026785714285714
valence,0,stimulus_plus_fewshot_bias,5,32,1.2366071428571428,1.509958439757836,0.8569177944374268,0.8338781109938547,0.8390482461323743,5.09375,2.8870332414954976,4.848214285714286,2.4021507954076387,0.24553571428571425,1.4898613032111823,1.509958439757836,1.2366071428571428
valence,0,stimulus_plus_fewshot_bias,6,32,0.9151785714285714,1.0663570447738298,0.9551780961004994,0.927141683811243,0.9230781675519724,4.8125,3.0458732327528013,4.888392857142858,2.3451356448193015,-0.07589285714285716,1.0636529608727978,1.0663570447738298,0.9151785714285714
valence,0,stimulus_plus_fewshot_bias,7,32,0.8616071428571428,1.0273678474030377,0.9319164264674973,0.9389975641570957,0.8932567964139442,4.75,1.8874586088176875,4.897321428571429,2.5107509586327974,-0.1473214285714286,1.016750259680923,1.0273678474030377,0.8616071428571428
valence,0,stimulus_plus_fewshot_bias,8,32,0.9419642857142857,1.2265660543624568,0.9040858743340714,0.8986996090739887,0.8863981122534975,5.25,2.692582403567252,4.825892857142858,2.4111069455347938,0.4241071428571428,1.1509115591963774,1.2265660543624568,0.9419642857142857
valence,0,stimulus_plus_fewshot_bias,9,32,1.0223214285714286,1.3226345847958003,0.8900274132756976,0.8393617238500255,0.8637306407342549,5.40625,2.5600216673887743,4.803571428571429,2.4332282033948065,0.6026785714285714,1.177344802697483,1.3226345847958003,1.0223214285714286
valence,0,stimulus_plus_fewshot_bias_shrink4,1,32,1.0580357142857144,1.2674798231296687,0.8855087098137514,0.895477849753758,0.8696633573715359,4.46875,2.4746764308692963,4.9375,2.4458256556335125,-0.46875,1.1776156162096427,1.2674798231296687,1.0580357142857144
valence,0,stimulus_plus_fewshot_bias_shrink4,2,32,1.15625,1.5133335955527358,0.8576632747995098,0.8164765368461204,0.836624203821656,4.53125,2.839282204624965,4.928571428571429,2.4080011187196537,-0.3973214285714287,1.4602445869875809,1.5133335955527358,1.15625
valence,0,stimulus_plus_fewshot_bias_shrink4,3,32,1.1026785714285714,1.2992835545415178,0.8751036417434424,0.8622741062095268,0.8695054691110768,4.71875,2.6485181588012567,4.901785714285714,2.426584665276508,-0.18303571428571436,1.2863264291764978,1.2992835545415178,1.1026785714285714
valence,0,stimulus_plus_fewshot_bias_shrink4,5,32,1.2366071428571428,1.509958439757836,0.8569177944374268,0.8338781109938547,0.8390482461323743,5.09375,2.8870332414954976,4.848214285714286,2.4021507954076387,0.24553571428571425,1.4898613032111823,1.509958439757836,1.2366071428571428
valence,0,stimulus_plus_fewshot_bias_shrink4,6,32,0.9151785714285714,1.0663570447738298,0.9551780961004994,0.927141683811243,0.9230781675519724,4.8125,3.0458732327528013,4.888392857142858,2.3451356448193015,-0.07589285714285716,1.0636529608727978,1.0663570447738298,0.9151785714285714
valence,0,stimulus_plus_fewshot_bias_shrink4,7,32,0.8616071428571428,1.0273678474030377,0.9319164264674973,0.9389975641570957,0.8932567964139442,4.75,1.8874586088176875,4.897321428571429,2.5107509586327974,-0.1473214285714286,1.016750259680923,1.0273678474030377,0.8616071428571428
valence,0,stimulus_plus_fewshot_bias_shrink4,8,32,0.9419642857142857,1.2265660543624568,0.9040858743340714,0.8986996090739887,0.8863981122534975,5.25,2.692582403567252,4.825892857142858,2.4111069455347938,0.4241071428571428,1.1509115591963774,1.2265660543624568,0.9419642857142857
valence,0,stimulus_plus_fewshot_bias_shrink4,9,32,1.0223214285714286,1.3226345847958003,0.8900274132756976,0.8393617238500255,0.8637306407342549,5.40625,2.5600216673887743,4.803571428571429,2.4332282033948065,0.6026785714285714,1.177344802697483,1.3226345847958003,1.0223214285714286
valence,1,stimulus_only,1,1550,1.0544700460829495,1.2620818355315435,0.8863605559756291,0.8964181946290848,0.870686632562576,4.4638709677419355,2.4698800773021152,4.930138248847926,2.4494986483000005,-0.46626728110599075,1.172793836165887,1.2620818355315435,1.0544700460829495
valence,1,stimulus_only,2,1550,1.1548387096774193,1.508379054903604,0.8582691776541254,0.8161595625160167,0.8373364127409479,4.5438709677419356,2.840095043184016,4.9305990783410145,2.4023939885306453,-0.3867281105990784,1.4579604733134424,1.508379054903604,1.1548387096774193
valence,1,stimulus_only,3,1550,1.1042396313364058,1.3001595081157462,0.8743774144259091,0.8613874918471501,0.8687546280434171,4.74,2.6438266499221745,4.921105990783411,2.420162365123171,-0.18110599078341022,1.2874841228714777,1.3001595081157462,1.1042396313364058
valence,1,stimulus_only,5,1550,1.2372350230414746,1.5095918905792716,0.8576915382910567,0.8340326630426563,0.8392280690174982,5.105161290322581,2.8931352242158224,4.862396313364056,2.396950289335457,0.2427649769585253,1.4899439056773331,1.5095918905792716,1.2372350230414746
valence,1,stimulus_only,6,1550,0.9174193548387096,1.0684166575118137,0.9549954477753247,0.9259960171948353,0.9226748707557049,4.8187096774193545,3.0450443525934374,4.8917050691244235,2.341986671475447,-0.07299539170506912,1.0659201784554695,1.0684166575118137,0.9174193548387096
valence,1,stimulus_only,7,1550,0.863778801843318,1.0286610304034582,0.931435535110429,0.9389987258392511,0.8928648919186647,4.74,1.8864918798932653,4.885069124423963,2.50934728768891,-0.14506912442396314,1.0183803143273975,1.0286610304034582,0.863778801843318
valence,1,stimulus_only,8,1550,0.9419354838709676,1.2236101734149358,0.9057282861862861,0.9003193172897027,0.887372005338337,5.259354838709678,2.6969205084555607,4.823778801843318,2.4146236926571305,0.43557603686635943,1.143457639177038,1.2236101734149358,0.9419354838709676
valence,1,stimulus_only,9,1550,1.0195391705069123,1.3206418133657614,0.8912663313539734,0.8400164244755506,0.8644052385561442,5.410967741935484,2.5616543984354982,4.801382488479263,2.4349302894875082,0.6095852534562212,1.1715377151328594,1.3206418133657614,1.0195391705069123
valence,1,stimulus_plus_fewshot_bias,1,1550,1.4652534562211983,1.7959650481694276,0.7728634763970623,0.776044606438092,0.7670668131704246,4.4638709677419355,2.4698800773021152,4.38442396313364,2.7822037990719872,0.07944700460829493,1.7942069634534874,1.7959650481694276,1.465253456221198
valence,1,stimulus_plus_fewshot_bias,2,1550,1.5743778801843316,2.147534066663112,0.7206968553787831,0.7289944622200903,0.7155882633229282,4.5438709677419356,2.840095043184016,4.204884792626728,2.834525195541536,0.33898617511520746,2.1206109828441817,2.147534066663112,1.5743778801843316
valence,1,stimulus_plus_fewshot_bias,3,1550,1.4958525345622118,1.822238457335292,0.7704956356932227,0.7784034340435351,0.7699195114231757,4.74,2.6438266499221745,4.678248847926267,2.7273620672563466,0.061751152073732725,1.8211918599118742,1.822238457335292,1.4958525345622118
valence,1,stimulus_plus_fewshot_bias,5,1550,1.729032258064516,2.1387979987661305,0.7211655000405854,0.7185811266365874,0.7206309589244253,5.105161290322581,2.8931352242158224,5.193824884792626,2.8277467118488864,-0.08866359447004606,2.1369594396107887,2.1387979987661305,1.729032258064516
valence,1,stimulus_plus_fewshot_bias,6,1550,1.177142857142857,1.4767988439672888,0.876309429855105,0.8617623923197792,0.8607257299070921,4.8187096774193545,3.0450443525934374,4.725990783410139,2.5255471361625608,0.09271889400921664,1.4738853524738036,1.4767988439672888,1.177142857142857
valence,1,stimulus_plus_fewshot_bias,7,1550,1.1732718894009215,1.4240573843206077,0.868448858832724,0.8606045482338047,0.8140677673023017,4.74,1.8864918798932653,4.667926267281105,2.709765259242721,0.07207373271889396,1.4222323336536884,1.4240573843206077,1.1732718894009215
valence,1,stimulus_plus_fewshot_bias,8,1550,1.376774193548387,1.8104444258500472,0.7884585299274383,0.7918444211057761,0.7812104722708799,5.259354838709678,2.6969205084555607,4.892350230414746,2.7519144224695764,0.3670046082949309,1.7728555035822269,1.8104444258500472,1.376774193548387
valence,1,stimulus_plus_fewshot_bias,9,1550,1.4781566820276495,1.8156731151539431,0.7752985134462336,0.7580040097982723,0.7700829060002263,5.410967741935484,2.5616543984354982,5.189953917050691,2.779854488779018,0.22101382488479263,1.8021713987028587,1.8156731151539431,1.4781566820276495
valence,1,stimulus_plus_fewshot_bias_shrink4,1,1550,1.0466359447004607,1.262779153919403,0.8794676222917892,0.8738160502469704,0.8703451474434045,4.4638709677419355,2.4698800773021152,4.820995391705069,2.4639496351296213,-0.3571244239631336,1.2112280286479518,1.262779153919403,1.0466359447004607
valence,1,stimulus_plus_fewshot_bias_shrink4,2,1550,1.1326820276497696,1.5171884186967413,0.8496311294965482,0.8123741975281056,0.8354895758979594,4.5438709677419356,2.840095043184016,4.785456221198157,2.422330324164555,-0.2415852534562212,1.4978308526465902,1.5171884186967413,1.1326820276497696
valence,1,stimulus_plus_fewshot_bias_shrink4,3,1550,1.1191152073732717,1.325757984342564,0.8682177232588384,0.8505775564946473,0.8640807881039106,4.74,2.6438266499221745,4.872534562211982,2.4339428997939123,-0.13253456221198162,1.319116682809878,1.325757984342564,1.1191152073732717
valence,1,stimulus_plus_fewshot_bias_shrink4,5,1550,1.2557788018433178,1.538733181062151,0.8491381770168294,0.8224588147416216,0.8337778870767493,5.105161290322581,2.8931352242158224,4.92868202764977,2.4171918240591617,0.17647926267281103,1.5285793640986085,1.538733181062151,1.2557788018433178
valence,1,stimulus_plus_fewshot_bias_shrink4,6,1550,0.9184516129032259,1.0905354996985193,0.9510064958691039,0.9191797384388841,0.919544841243347,4.8187096774193545,3.0450443525934374,4.858562211981567,2.3468834880675615,-0.039852534562211946,1.0898070708119245,1.0905354996985193,0.9184516129032257
valence,1,stimulus_plus_fewshot_bias_shrink4,7,1550,0.8793364055299538,1.047097370460745,0.9282213069573272,0.933379379924928,0.8895531254435577,4.74,1.8864918798932653,4.841640552995392,2.5214834854846946,-0.10164055299539168,1.042152628559079,1.047097370460745,0.8793364055299538
valence,1,stimulus_plus_fewshot_bias_shrink4,8,1550,0.960405529953917,1.2556602065495455,0.8987205427731576,0.8843312197589761,0.8819353135937729,5.259354838709678,2.6969205084555607,4.837493087557604,2.4296189518665012,0.42186175115207364,1.1826729121895678,1.2556602065495455,0.960405529953917
valence,1,stimulus_plus_fewshot_bias_shrink4,9,1550,1.0172534562211981,1.32234077370043,0.8842497434188764,0.8345238938706293,0.8639415500423656,5.410967741935484,2.5616543984354982,4.879096774193549,2.4508692658949305,0.5318709677419354,1.2106603138221343,1.32234077370043,1.0172534562211981
valence,2,stimulus_only,1,1500,1.0606666666666666,1.2679030843453758,0.8849998308266956,0.8954090754829661,0.8693097615209218,4.462666666666666,2.4677802891577594,4.929238095238095,2.44807009184851,-0.4665714285714285,1.1789356782001863,1.2679030843453758,1.0606666666666666
valence,2,stimulus_only,2,1500,1.1582857142857141,1.5196848939404342,0.8554908746705681,0.8135650897784951,0.8346587755675027,4.53,2.83191925496944,4.928476190476191,2.4060722483747434,-0.39847619047619054,1.466512496535345,1.5196848939404342,1.1582857142857141
valence,2,stimulus_only,3,1500,1.1068571428571428,1.3023369888984424,0.874527874190669,0.8609154222569989,0.8691713722203398,4.742,2.650679661269288,4.917809523809524,2.4304600145005817,-0.17580952380952386,1.2904156865099439,1.3023369888984424,1.1068571428571428
valence,2,stimulus_only,5,1500,1.2335238095238095,1.5072162022324829,0.8569941566266276,0.8354879615966465,0.8393811801650995,5.084666666666666,2.8847007162307534,4.846380952380953,2.401072570233633,0.2382857142857142,1.4882609309658894,1.5072162022324829,1.2335238095238095
valence,2,stimulus_only,6,1500,0.906,1.0563639344017581,0.9565824005226228,0.9292180011555551,0.924748940062778,4.7973333333333334,3.0491954494405387,4.872285714285714,2.350718940540312,-0.07495238095238095,1.0537015243864514,1.0563639344017581,0.906
valence,2,stimulus_only,7,1500,0.8626666666666667,1.028664016996777,0.9318183296026111,0.9383749328428804,0.8933146284674002,4.769333333333333,1.8921221478071182,4.926666666666667,2.512674628129968,-0.15733333333333333,1.016560810815648,1.028664016996777,0.8626666666666667
valence,2,stimulus_only,8,1500,0.9360952380952379,1.2139383256588454,0.9053461984200146,0.9011149352427161,0.8882908865586234,5.253333333333333,2.6859800611487956,4.838571428571429,2.409419299446283,0.4147619047619047,1.1408851041457582,1.2139383256588454,0.9360952380952379
valence,2,stimulus_only,9,1500,1.0296190476190477,1.329554168025615,0.8898071915293716,0.8369510019091674,0.8630114541643014,5.423333333333333,2.567512847528172,4.813714285714286,2.437282349605946,0.6096190476190475,1.1815578286712551,1.329554168025615,1.0296190476190477
valence,2,stimulus_plus_fewshot_bias,1,1500,1.2300952380952381,1.505389411053354,0.8248490598877628,0.81775109130936,0.8236506968583458,4.462666666666666,2.4677802891577594,4.427809523809524,2.5998965372751175,0.03485714285714288,1.5049858001002538,1.5053894110533543,1.2300952380952381
valence,2,stimulus_plus_fewshot_bias,2,1500,1.2699047619047619,1.7161378883122067,0.8016089045502443,0.7884274900215615,0.7972024131589064,4.53,2.83191925496944,4.548476190476191,2.5499800701724404,-0.01847619047619045,1.7160384267510354,1.7161378883122067,1.2699047619047619
valence,2,stimulus_plus_fewshot_bias,3,1500,1.2900952380952382,1.5640215041060408,0.8217235723858541,0.8145071464792717,0.8204913639385921,4.742,2.650679661269288,4.626380952380952,2.566617317309836,0.11561904761904766,1.5597421264855889,1.5640215041060408,1.2900952380952382
valence,2,stimulus_plus_fewshot_bias,5,1500,1.5066666666666666,1.8686675379389823,0.774535372402947,0.7628439821966592,0.7702906322678031,5.084666666666666,2.8847007162307534,5.200666666666667,2.6204023353471833,-0.11600000000000008,1.8650636362727515,1.8686675379389823,1.5066666666666666
valence,2,stimulus_plus_fewshot_bias,6,1500,1.0887619047619048,1.3555153148184946,0.9004683437053432,0.8809824073167941,0.8805060954867028,4.7973333333333334,3.0491954494405387,4.782285714285714,2.465538359336667,0.01504761904761906,1.3554317901939887,1.3555153148184949,1.0887619047619048
valence,2,stimulus_plus_fewshot_bias,7,1500,1.0295238095238095,1.2540004014364274,0.8976165197771241,0.8894376860925731,0.849889337869203,4.769333333333333,1.8921221478071182,4.929523809523809,2.621055334356686,-0.16019047619047622,1.24372666536526,1.2540004014364274,1.0295238095238095
valence,2,stimulus_plus_fewshot_bias,8,1500,1.1630476190476189,1.507732901876642,0.8381636368786539,0.8247915016855537,0.8360664825325927,5.253333333333333,2.6859800611487956,5.402857142857142,2.5748995092999643,-0.14952380952380953,1.500300347859337,1.507732901876642,1.1630476190476189
valence,2,stimulus_plus_fewshot_bias,9,1500,1.1684761904761904,1.4384349961312948,0.8435300241199957,0.8048176416969638,0.8427355409063494,5.423333333333333,2.567512847528172,5.312285714285714,2.5597528739138484,0.11104761904761899,1.434142135354475,1.4384349961312948,1.1684761904761904
valence,2,stimulus_plus_fewshot_bias_shrink4,1,1500,1.051047619047619,1.2647757099074455,0.8758929904305764,0.8693510163792878,0.8694852676966649,4.462666666666666,2.4677802891577594,4.762095238095238,2.465143390658632,-0.29942857142857143,1.2288206244135582,1.2647757099074453,1.051047619047619
valence,2,stimulus_plus_fewshot_bias_shrink4,2,1500,1.1340952380952383,1.527592031586309,0.847528522358241,0.8097457263903118,0.8328993024686984,4.53,2.83191925496944,4.801809523809524,2.4230580535896697,-0.2718095238095239,1.5032155526511912,1.5275920315863087,1.134095238095238
valence,2,stimulus_plus_fewshot_bias_shrink4,3,1500,1.1246031746031746,1.3329370159296252,0.8666930114919348,0.8482802052647644,0.863494097604322,4.742,2.650679661269288,4.820666666666667,2.446102570794625,-0.07866666666666672,1.3306136343773611,1.3329370159296252,1.1246031746031746
valence,2,stimulus_plus_fewshot_bias_shrink4,5,1500,1.26015873015873,1.5500947231681201,0.84439487993637,0.8192552415764003,0.831032633052805,5.084666666666666,2.8847007162307534,4.964476190476191,2.425802101725261,0.12019047619047617,1.5454280637502211,1.5500947231681201,1.26015873015873
valence,2,stimulus_plus_fewshot_bias_shrink4,6,1500,0.9186031746031746,1.100944760230669,0.9489560823981107,0.9194645759973039,0.9184734455517496,4.7973333333333334,3.0491954494405387,4.842285714285714,2.3595935581445353,-0.04495238095238094,1.1000266580979194,1.100944760230669,0.9186031746031746
valence,2,stimulus_plus_fewshot_bias_shrink4,7,1500,0.8887936507936508,1.0625089035241198,0.9271189491066691,0.9305585029386453,0.887147000479814,4.769333333333333,1.8921221478071182,4.927619047619047,2.529490282336616,-0.1582857142857143,1.0506525604218973,1.0625089035241198,0.8887936507936509
valence,2,stimulus_plus_fewshot_bias_shrink4,8,1500,0.9145396825396824,1.217904039501104,0.8953188253546654,0.8804302715974247,0.8872877147225801,5.253333333333333,2.6859800611487956,5.026666666666666,2.427777367850233,0.22666666666666666,1.196625451699624,1.217904039501104,0.9145396825396824
valence,2,stimulus_plus_fewshot_bias_shrink4,9,1500,1.0044126984126984,1.2974552102773094,0.8829941975001073,0.8317005416483706,0.8685215868187998,5.423333333333333,2.567512847528172,4.979904761904762,2.4525080484865196,0.4434285714285714,1.2193281448062099,1.2974552102773094,1.0044126984126984
valence,4,stimulus_only,1,1400,1.060408163265306,1.2649802081905086,0.8838547570118358,0.8932174841970871,0.8676498044111467,4.503571428571429,2.4430633789301064,4.974183673469388,2.4290794165166987,-0.4706122448979592,1.174180157414443,1.2649802081905086,1.060408163265306
valence,4,stimulus_only,2,1400,1.160408163265306,1.52797050938525,0.8545780014228318,0.8125529686445052,0.8339520733596754,4.5042857142857144,2.8364935956859387,4.910204081632654,2.4186557995543794,-0.40591836734693887,1.4730662431138037,1.52797050938525,1.160408163265306
valence,4,stimulus_only,3,1400,1.091530612244898,1.2900776300460333,0.878283147116071,0.8624105250943062,0.8728763737181415,4.682857142857143,2.6596439841544544,4.869897959183674,2.4460768830655253,-0.18704081632653066,1.2764466399239314,1.2900776300460333,1.091530612244898
valence,4,stimulus_only,5,1400,1.2430612244897958,1.5145744815156201,0.8565952455812883,0.8341207647403057,0.8385376330317177,5.082857142857143,2.892155470459035,4.834693877551021,2.4043917197198876,0.24816326530612237,1.494105369045608,1.5145744815156201,1.2430612244897958
valence,4,stimulus_only,6,1400,0.9174489795918368,1.068628995502721,0.955042272377694,0.9266821245050938,0.9226713864901258,4.812142857142857,3.045792598162325,4.8855102040816325,2.342112864428388,-0.07336734693877552,1.0661074816510387,1.068628995502721,0.9174489795918368
valence,4,stimulus_only,7,1400,0.8689795918367348,1.033308253872902,0.9323066473672368,0.9383404791451484,0.8920364508384238,4.772857142857143,1.8822039838271232,4.941428571428571,2.513678788063957,-0.16857142857142854,1.0194653603684893,1.033308253872902,0.8689795918367348
valence,4,stimulus_only,8,1400,0.9472448979591835,1.2297158883989252,0.9045545609486538,0.8988358932889527,0.8864489508801215,5.235,2.70128078087837,4.804897959183673,2.415670277679118,0.4301020408163265,1.152047481949589,1.2297158883989252,0.9472448979591835
valence,4,stimulus_only,9,1400,1.0177551020408164,1.3189137681049483,0.890848370560896,0.8395009620462122,0.8637274200330719,5.4192857142857145,2.554670692464838,4.810102040816326,2.4223244964835033,0.6091836734693877,1.1697986064597339,1.3189137681049483,1.0177551020408164
valence,4,stimulus_plus_fewshot_bias,1,1400,1.0866836734693877,1.3182974487062116,0.8573406604198983,0.8478920666100621,0.8571712588134708,4.503571428571429,2.4430633789301064,4.518469387755101,2.489778226350658,-0.014897959183673473,1.3182132657796566,1.3182974487062116,1.0866836734693879
valence,4,stimulus_plus_fewshot_bias,2,1400,1.1844897959183673,1.6142608811526795,0.8242591979064562,0.7991106943138064,0.8168378460231924,4.5042857142857144,2.8364935956859387,4.573061224489796,2.4852606821134766,-0.06877551020408164,1.6127951269817236,1.6142608811526795,1.1844897959183673
valence,4,stimulus_plus_fewshot_bias,3,1400,1.194387755102041,1.438048919153153,0.8473045420210935,0.8318700560829767,0.8460304545360171,4.682857142857143,2.6596439841544544,4.714897959183673,2.5211892824123576,-0.0320408163265306,1.437691928045324,1.438048919153153,1.1943877551020405
valence,4,stimulus_plus_fewshot_bias,5,1400,1.3558163265306125,1.6788579868296458,0.8156971756346836,0.7934037686577887,0.8069503678430004,5.082857142857143,2.892155470459035,5.061836734693878,2.4970381538650064,0.021020408163265288,1.6787263869917397,1.6788579868296458,1.3558163265306125
valence,4,stimulus_plus_fewshot_bias,6,1400,0.9836734693877549,1.2148513088538477,0.9288066994064039,0.9018896274667549,0.9012243201817989,4.812142857142857,3.045792598162325,4.791938775510204,2.3799808661762945,0.02020408163265307,1.2146832911130736,1.2148513088538475,0.9836734693877551
valence,4,stimulus_plus_fewshot_bias,7,1400,0.932908163265306,1.1234675341510965,0.919457147916528,0.9170201621269998,0.8752547728442656,4.772857142857143,1.8822039838271232,4.942857142857143,2.5586060686587255,-0.17,1.1105310892953628,1.1234675341510967,0.9329081632653062
valence,4,stimulus_plus_fewshot_bias,8,1400,0.9797448979591835,1.3068403240844157,0.8762673327506351,0.8564029018798132,0.8727545638587457,5.235,2.70128078087837,5.1870408163265305,2.4743357010719733,0.04795918367346943,1.3059600106260665,1.3068403240844157,0.9797448979591835
valence,4,stimulus_plus_fewshot_bias,9,1400,1.095,1.3508797479029955,0.858001761248737,0.8159390566322298,0.8576786288590177,5.4192857142857145,2.554670692464838,5.367244897959184,2.508619250409183,0.0520408163265306,1.3498769746649244,1.3508797479029955,1.095
valence,4,stimulus_plus_fewshot_bias_shrink4,1,1400,1.041045918367347,1.2439130220453496,0.8754329848616298,0.8691754784476018,0.8711361318613824,4.503571428571429,2.4430633789301064,4.7463265306122455,2.44538507250964,-0.24275510204081635,1.21999572411019,1.2439130220453496,1.041045918367347
valence,4,stimulus_plus_fewshot_bias_shrink4,2,1400,1.1298724489795917,1.5355807962866033,0.8450471779468515,0.8074145632092029,0.8319477042838942,4.5042857142857144,2.8364935956859387,4.741632653061225,2.4350291457922992,-0.23734693877551025,1.5171271576826026,1.5355807962866033,1.129872448979592
valence,4,stimulus_plus_fewshot_bias_shrink4,3,1400,1.1191326530612247,1.3323059620015365,0.8684709767349267,0.8485315146402579,0.8652256448149654,4.682857142857143,2.6596439841544544,4.792397959183674,2.4667279321973705,-0.10954081632653064,1.3277951596324475,1.3323059620015365,1.1191326530612247
valence,4,stimulus_plus_fewshot_bias_shrink4,5,1400,1.268061224489796,1.558669795246012,0.8436454262169518,0.8174482716614414,0.8298337310515917,5.082857142857143,2.892155470459035,4.948265306122449,2.4278075586540133,0.1345918367346938,1.5528478895553892,1.558669795246012,1.268061224489796
valence,4,stimulus_plus_fewshot_bias_shrink4,6,1400,0.9303316326530613,1.113927941647786,0.9474044810050816,0.916577671580637,0.9160836091794451,4.812142857142857,3.045792598162325,4.8387244897959185,2.3471278922251924,-0.02658163265306124,1.1136107380899176,1.113927941647786,0.9303316326530613
valence,4,stimulus_plus_fewshot_bias_shrink4,7,1400,0.8884438775510205,1.0617136088286763,0.9285147954653986,0.9318746687993226,0.8868936262809506,4.772857142857143,1.8822039838271232,4.942142857142857,2.528795504887526,-0.1692857142857143,1.0481307810148441,1.0617136088286763,0.8884438775510205
valence,4,stimulus_plus_fewshot_bias_shrink4,8,1400,0.9180867346938775,1.224722926361585,0.8957044459244822,0.8801600084790004,0.8868766919751941,5.235,2.70128078087837,4.995969387755102,2.4300901554851673,0.23903061224489794,1.201170517772358,1.224722926361585,0.9180867346938775
valence,4,stimulus_plus_fewshot_bias_shrink4,9,1400,0.9889795918367346,1.2713676607744016,0.8804145812341377,0.8313985770754737,0.871998962401238,5.4192857142857145,2.554670692464838,5.088673469387755,2.447894240786858,0.3306122448979592,1.2276283119847413,1.2713676607744016,0.9889795918367346
valence,8,stimulus_only,1,1200,1.0586904761904763,1.2705253613673169,0.8860281574422587,0.8945433588415389,0.8695901399885281,4.4725,2.483460707024239,4.950238095238095,2.445885051429698,-0.4777380952380952,1.1772854395752237,1.2705253613673169,1.0586904761904763
valence,8,stimulus_only,2,1200,1.1682142857142856,1.5324883060445404,0.8542744669991694,0.8114848940714322,0.8328369364926105,4.5633333333333335,2.844759314169752,4.964880952380953,2.4073600268245783,-0.40154761904761915,1.4789455425405134,1.5324883060445404,1.1682142857142856
valence,8,stimulus_only,3,1200,1.105357142857143,1.2985405203509044,0.8752871792805325,0.8632751867679833,0.8702779515139405,4.724166666666667,2.6497954585632115,4.8969047619047625,2.4387219130440023,-0.17273809523809533,1.2870000129940604,1.2985405203509044,1.105357142857143
valence,8,stimulus_only,5,1200,1.2095238095238097,1.4827924566127773,0.8596251825299224,0.8338643895552924,0.8430565046578251,5.0441666666666665,2.8665686756507727,4.822738095238096,2.396473454858466,0.2214285714285714,1.4661660401001169,1.4827924566127773,1.2095238095238097
valence,8,stimulus_only,6,1200,0.9179761904761904,1.0652759854469958,0.9560976299946373,0.9279086222502071,0.9236832312241061,4.844166666666666,3.0569400777393216,4.906666666666666,2.349677162173542,-0.0625,1.0634409598892023,1.0652759854469958,0.9179761904761904
valence,8,stimulus_only,7,1200,0.8475,1.0126663800476994,0.932725104948928,0.9405538604582325,0.8966958130358511,4.725,1.9024655056005615,4.853690476190477,2.508184897974291,-0.1286904761904762,1.0044560511126308,1.0126663800476994,0.8475
valence,8,stimulus_only,8,1200,0.945,1.2312816175711823,0.9037268258439097,0.8975891362238666,0.8847241202288822,5.285833333333334,2.6896342946372633,4.851309523809524,2.3934469748047094,0.4345238095238094,1.1520605369187955,1.2312816175711823,0.945
valence,8,stimulus_only,9,1200,1.0271428571428571,1.3273163554642855,0.8892919712156787,0.8406921417322979,0.8642652834353202,5.338333333333333,2.583059662923453,4.750714285714286,2.4417219932901877,0.5876190476190476,1.1901565285113873,1.3273163554642855,1.0271428571428571
valence,8,stimulus_plus_fewshot_bias,1,1200,1.0449107142857144,1.2615208872545838,0.8708187801057243,0.8608210201832932,0.870725411878742,4.4725,2.483460707024239,4.508452380952381,2.4782314991498846,-0.03595238095238095,1.261008475500243,1.2615208872545838,1.0449107142857144
valence,8,stimulus_plus_fewshot_bias,2,1200,1.1603869047619049,1.595995067380235,0.8284454158561821,0.7978049082667483,0.8191957743153406,4.5633333333333335,2.844759314169752,4.580238095238095,2.448515139607858,-0.016904761904761888,1.5959055373445459,1.595995067380235,1.1603869047619049
valence,8,stimulus_plus_fewshot_bias,3,1200,1.1895535714285714,1.4197712580447839,0.8492425105601337,0.833533129878589,0.8474546153849225,4.724166666666667,2.6497954585632115,4.682976190476191,2.488170086023889,0.04119047619047618,1.4191736221623026,1.4197712580447839,1.1895535714285714
valence,8,stimulus_plus_fewshot_bias,5,1200,1.265029761904762,1.56524486793557,0.8384600500090088,0.8119447633360168,0.8260891868954967,5.0441666666666665,2.8665686756507727,5.140595238095239,2.420974459337901,-0.09642857142857143,1.5622717520364005,1.5652448679355697,1.265029761904762
valence,8,stimulus_plus_fewshot_bias,6,1200,0.9431845238095237,1.143778460483789,0.9442534151218896,0.9148485123836314,0.9119036915506135,4.844166666666666,3.0569400777393216,4.790595238095238,2.345684538725406,0.053571428571428555,1.1425232026998327,1.143778460483789,0.9431845238095237
valence,8,stimulus_plus_fewshot_bias,7,1200,0.8988690476190476,1.0684213750641072,0.9245437444051777,0.9270632797870864,0.8867244554283885,4.725,1.9024655056005615,4.65047619047619,2.5401736832881805,0.07452380952380952,1.0658191387416236,1.0684213750641072,0.8988690476190476
valence,8,stimulus_plus_fewshot_bias,8,1200,0.9049107142857141,1.2264377929042898,0.890149653315534,0.8706775132010034,0.8848255068033971,5.285833333333334,2.6896342946372633,5.244166666666667,2.413271127919131,0.041666666666666664,1.225729802506586,1.2264377929042898,0.9049107142857141
valence,8,stimulus_plus_fewshot_bias,9,1200,1.0617261904761903,1.3020261552071593,0.8689671180092323,0.8266296565349058,0.8680673884176319,5.338333333333333,2.583059662923453,5.398571428571429,2.4846940640321766,-0.06023809523809523,1.3006319543689613,1.3020261552071593,1.0617261904761903
valence,8,stimulus_plus_fewshot_bias_shrink4,1,1200,1.0343055555555554,1.2363025024446972,0.8777918260975645,0.8702106572868133,0.875355897992895,4.4725,2.483460707024239,4.655714285714286,2.461974807882592,-0.18321428571428572,1.2226513824722176,1.2363025024446972,1.0343055555555554
valence,8,stimulus_plus_fewshot_bias_shrink4,2,1200,1.13375,1.5492399936172347,0.8403367808252628,0.8035556999830021,0.8284921998789408,4.5633333333333335,2.844759314169752,4.708452380952381,2.4250073023945036,-0.14511904761904768,1.5424282867742247,1.5492399936172347,1.13375
valence,8,stimulus_plus_fewshot_bias_shrink4,3,1200,1.1445238095238097,1.3594268583561069,0.8611376219844942,0.8441271191406364,0.858760091285153,4.724166666666667,2.6497954585632115,4.7542857142857144,2.462131287358673,-0.030119047619047646,1.359093163175533,1.3594268583561069,1.1445238095238097
valence,8,stimulus_plus_fewshot_bias_shrink4,5,1200,1.2348809523809523,1.5182095762641985,0.8482896324827438,0.8210082957093314,0.835363190262004,5.0441666666666665,2.8665686756507727,5.034642857142858,2.4047799356938353,0.009523809523809525,1.5181797042881555,1.5182095762641985,1.2348809523809523
valence,8,stimulus_plus_fewshot_bias_shrink4,6,1200,0.9272619047619046,1.1064219363035905,0.950213987265621,0.9197311369856476,0.9174549983462406,4.844166666666666,3.0569400777393216,4.829285714285714,2.3420556241228048,0.014880952380952349,1.106321860215201,1.1064219363035905,0.9272619047619046
valence,8,stimulus_plus_fewshot_bias_shrink4,7,1200,0.8726984126984126,1.0376569083326295,0.9284611182691189,0.9336597689563595,0.892339029673022,4.725,1.9024655056005615,4.718214285714286,2.5262053739294124,0.006785714285714263,1.037634720646945,1.0376569083326292,0.8726984126984126
valence,8,stimulus_plus_fewshot_bias_shrink4,8,1200,0.8922619047619046,1.2043524619511141,0.8964530254570561,0.8807531607731851,0.8887056299515177,5.285833333333334,2.6896342946372633,5.113214285714286,2.401823992142019,0.17261904761904762,1.1919175797876305,1.2043524619511141,0.8922619047619048
valence,8,stimulus_plus_fewshot_bias_shrink4,9,1200,0.9931746031746033,1.2599513182115563,0.8782779583947177,0.8320149544704472,0.8756177537706346,5.338333333333333,2.583059662923453,5.182619047619047,2.463016247668939,0.15571428571428575,1.2502921200613593,1.2599513182115563,0.9931746031746033
valence,16,stimulus_only,1,800,1.0748214285714286,1.288063330297522,0.8831797351479201,0.8929532360280813,0.8649666111742564,4.47625,2.4717273185972597,4.9782142857142855,2.4341815191902487,-0.5019642857142856,1.1862288981155744,1.288063330297522,1.0748214285714286
valence,16,stimulus_only,2,800,1.1308928571428571,1.4765773302624208,0.8674177981551247,0.8406960979191046,0.8458642809628311,4.335,2.83289163223728,4.774107142857144,2.434565705047592,-0.4391071428571429,1.409774992449765,1.4765773302624208,1.1308928571428571
valence,16,stimulus_only,3,800,1.0896428571428571,1.2729926174497763,0.8795754056324213,0.8677678519516719,0.8731088241697528,4.66625,2.640996201720101,4.855535714285715,2.4000366639950332,-0.1892857142857144,1.2588411823772607,1.2729926174497763,1.0896428571428571
valence,16,stimulus_only,5,800,1.2592857142857141,1.5252968931473303,0.8576715943144732,0.8345678331621834,0.8384010743139104,5.18625,2.9170294714829335,4.924107142857142,2.4122942904261184,0.26214285714285707,1.5026016553610866,1.5252968931473303,1.2592857142857141
valence,16,stimulus_only,6,800,0.9201785714285714,1.0764525070805493,0.9539485654575455,0.921625467435244,0.9206148465162255,4.91875,3.0339163530822666,4.968928571428572,2.321506344851048,-0.05017857142857143,1.0752823401178817,1.0764525070805493,0.9201785714285714
valence,16,stimulus_only,7,800,0.8605357142857143,1.0332359510838969,0.9285529504846555,0.9326686197164734,0.8898880895520388,4.83625,1.8713460229204009,5.009642857142857,2.4826148317975596,-0.17339285714285715,1.0185830588145877,1.0332359510838969,0.8605357142857143
valence,16,stimulus_only,8,800,0.955,1.2447235575395355,0.9011864392629159,0.8959828748793394,0.8827472956913038,5.2175,2.6889019599085424,4.780714285714286,2.4067985128864966,0.4367857142857142,1.1655706647345736,1.2447235575395355,0.955
valence,16,stimulus_only,9,800,1.0435714285714286,1.345798450507265,0.8900045951961972,0.8489020066890508,0.8588228163708742,5.405,2.5653411079230772,4.752142857142857,2.4128578829399188,0.6528571428571429,1.1768394199754542,1.345798450507265,1.0435714285714286
valence,16,stimulus_plus_fewshot_bias,1,800,1.0331919642857144,1.2389003363335354,0.8737096736632668,0.8712266971147162,0.873359802293571,4.47625,2.4717273185972597,4.542678571428571,2.4507367501676813,-0.0664285714285714,1.2371181383624226,1.2389003363335354,1.0331919642857144
valence,16,stimulus_plus_fewshot_bias,2,800,1.0644642857142856,1.483187562106612,0.8526123373322337,0.8306552640205843,0.8435104732611636,4.335,2.83289163223728,4.418571428571429,2.454628554239055,-0.08357142857142856,1.4808312397819967,1.483187562106612,1.0644642857142859
valence,16,stimulus_plus_fewshot_bias,3,800,1.1140178571428572,1.3144058077895961,0.8686043592419582,0.8540191922276504,0.8651753324880892,4.66625,2.640996201720101,4.67875,2.4164284064756503,-0.012500000000000027,1.314346368942,1.3144058077895961,1.1140178571428572
valence,16,stimulus_plus_fewshot_bias,5,800,1.2973660714285713,1.5823705898661886,0.8402004085021951,0.8091160240482147,0.8260993386383477,5.18625,2.9170294714829335,5.153035714285714,2.426575144601535,0.03321428571428569,1.5820219641009916,1.5823705898661886,1.2973660714285713
valence,16,stimulus_plus_fewshot_bias,6,800,0.9413392857142856,1.139704776264808,0.944802797955651,0.9082419317813154,0.9107232481292019,4.91875,3.0339163530822666,4.867321428571429,2.3113089941809237,0.0514285714285714,1.1385438415281304,1.139704776264808,0.9413392857142857
valence,16,stimulus_plus_fewshot_bias,7,800,0.8930357142857143,1.0676174778831755,0.923081282953965,0.927581677486859,0.8840003959213609,4.83625,1.8713460229204009,4.888392857142858,2.5142199222824644,-0.052142857142857164,1.0663433788093835,1.0676174778831755,0.8930357142857142
valence,16,stimulus_plus_fewshot_bias,8,800,0.8762053571428572,1.2025058869557625,0.8944788762104681,0.8821450411919575,0.8890114458757613,5.2175,2.6889019599085424,5.192142857142857,2.407845012047249,0.025357142857142866,1.2022385052348754,1.2025058869557625,0.8762053571428571
valence,16,stimulus_plus_fewshot_bias,9,800,0.9924553571428573,1.2441495743138389,0.8779869292989239,0.8373440368116334,0.8758952929580702,5.405,2.5653411079230772,5.304642857142857,2.425191082309657,0.10035714285714287,1.240095402435981,1.2441495743138389,0.9924553571428573
valence,16,stimulus_plus_fewshot_bias_shrink4,1,800,1.0343035714285713,1.2340149339221376,0.8760713441801096,0.8749737406916722,0.8743193663506817,4.47625,2.4717273185972597,4.629785714285714,2.4460906033497447,-0.15353571428571425,1.2244262499561307,1.2340149339221376,1.0343035714285713
valence,16,stimulus_plus_fewshot_bias_shrink4,2,800,1.0665714285714285,1.471309981351479,0.8563307964203356,0.8323568513145657,0.845857348392878,4.335,2.83289163223728,4.489678571428572,2.4483930795919755,-0.15467857142857142,1.4631567246078958,1.471309981351479,1.0665714285714285
valence,16,stimulus_plus_fewshot_bias_shrink4,3,800,1.1047321428571428,1.3013893674509123,0.8713535139700043,0.8573451684918588,0.8676126409559398,4.66625,2.640996201720101,4.714107142857142,2.4115801553469596,-0.04785714285714288,1.3005091232251456,1.3013893674509123,1.1047321428571428
valence,16,stimulus_plus_fewshot_bias_shrink4,5,800,1.2862678571428572,1.5642801695922608,0.8446156336454628,0.813837576527361,0.8297957513865473,5.18625,2.9170294714829335,5.1072500000000005,2.4210288310479298,0.07899999999999995,1.562284048750288,1.5642801695922608,1.286267857142857
valence,16,stimulus_plus_fewshot_bias_shrink4,6,800,0.9346071428571429,1.1232855416870926,0.9472982426842942,0.9102046048295942,0.9132788615747925,4.91875,3.0339163530822666,4.887642857142858,2.31173710085498,0.031107142857142875,1.1228547340713895,1.1232855416870926,0.9346071428571429
valence,16,stimulus_plus_fewshot_bias_shrink4,7,800,0.8834107142857144,1.0572123529280546,0.9245432463525701,0.9293619584991889,0.885858081396701,4.83625,1.8713460229204009,4.912642857142857,2.506871750706405,-0.07639285714285712,1.0544487140497751,1.0572123529280546,0.8834107142857142
valence,16,stimulus_plus_fewshot_bias_shrink4,8,800,0.877875,1.1979020776987999,0.8961779229545973,0.8853085187072618,0.8899044967092739,5.2175,2.6889019599085424,5.109857142857143,2.406673922106387,0.10764285714285712,1.1930559094448274,1.1979020776987999,0.877875
valence,16,stimulus_plus_fewshot_bias_shrink4,9,800,0.9749107142857143,1.2424034475687085,0.8809909847434819,0.8395952536617427,0.8763851444998859,5.405,2.5653411079230772,5.194142857142857,2.4210460886289025,0.21085714285714277,1.2243796763409358,1.2424034475687085,0.9749107142857143
