target,quantile,feature_block,model,subject_id,baseline_residual_rmse,model_residual_rmse,improvement_baseline_minus_model,delta_rmse_model_minus_baseline
arousal,0.75,eeg_bandpower,physio_eeg_bandpower_ridge,1,3.054269797486409,2.8844943486063777,0.16977544888003138,-0.16977544888003138
arousal,0.75,eeg_bandpower,physio_eeg_bandpower_ridge,10,2.8355134918213976,2.789545328119362,0.045968163702035714,-0.045968163702035714
arousal,0.75,eeg_bandpower,physio_eeg_bandpower_ridge,11,3.2928911542907464,3.025219575739384,0.26767157855136237,-0.26767157855136237
arousal,0.75,eeg_bandpower,physio_eeg_bandpower_ridge,12,2.313940020466014,2.3099975842873306,0.003942436178683284,-0.003942436178683284
arousal,0.75,eeg_bandpower,physio_eeg_bandpower_ridge,13,3.3718165315100426,2.458538126323503,0.9132784051865395,-0.9132784051865395
arousal,0.75,eeg_bandpower,physio_eeg_bandpower_ridge,14,2.819840671424436,2.3133968570270262,0.5064438143974099,-0.5064438143974099
arousal,0.75,eeg_bandpower,physio_eeg_bandpower_ridge,15,3.007811543457691,3.0765937386730395,-0.06878219521534845,0.06878219521534845
arousal,0.75,eeg_bandpower,physio_eeg_bandpower_ridge,16,2.809613069149392,2.406583254315001,0.40302981483439115,-0.40302981483439115
arousal,0.75,eeg_bandpower,physio_eeg_bandpower_ridge,17,2.636975926993294,2.8303165913860213,-0.19334066439272712,0.19334066439272712
arousal,0.75,eeg_bandpower,physio_eeg_bandpower_ridge,18,3.2156493316824264,2.8779237453320596,0.33772558635036676,-0.33772558635036676
arousal,0.75,eeg_bandpower,physio_eeg_bandpower_ridge,19,3.1007945080426795,3.1964789439898604,-0.0956844359471809,0.0956844359471809
arousal,0.75,eeg_bandpower,physio_eeg_bandpower_ridge,2,3.6063561250270735,3.1296495978585077,0.47670652716856576,-0.47670652716856576
arousal,0.75,eeg_bandpower,physio_eeg_bandpower_ridge,20,3.0205246562064847,3.0113134939274984,0.009211162278986329,-0.009211162278986329
arousal,0.75,eeg_bandpower,physio_eeg_bandpower_ridge,21,3.0296230829880453,3.139445107899271,-0.10982202491122584,0.10982202491122584
arousal,0.75,eeg_bandpower,physio_eeg_bandpower_ridge,22,3.0969141993441154,3.194804145215014,-0.09788994587089883,0.09788994587089883
arousal,0.75,eeg_bandpower,physio_eeg_bandpower_ridge,23,2.6671489765011622,2.50467475507435,0.16247422142681245,-0.16247422142681245
arousal,0.75,eeg_bandpower,physio_eeg_bandpower_ridge,24,2.2763202136079914,2.328400274144077,-0.052080060536085604,0.052080060536085604
arousal,0.75,eeg_bandpower,physio_eeg_bandpower_ridge,25,3.5687587265633103,3.646450288401033,-0.07769156183772274,0.07769156183772274
arousal,0.75,eeg_bandpower,physio_eeg_bandpower_ridge,26,2.9441278102436135,2.8808483609922386,0.06327944925137485,-0.06327944925137485
arousal,0.75,eeg_bandpower,physio_eeg_bandpower_ridge,27,2.982589088207541,2.782250993812693,0.2003380943948483,-0.2003380943948483
arousal,0.75,eeg_bandpower,physio_eeg_bandpower_ridge,28,2.7827242350099874,2.4347111528373864,0.3480130821726011,-0.3480130821726011
arousal,0.75,eeg_bandpower,physio_eeg_bandpower_ridge,29,2.5859237010096865,2.7149702613512305,-0.12904656034154405,0.12904656034154405
arousal,0.75,eeg_bandpower,physio_eeg_bandpower_ridge,3,3.108191877353243,1.313560151238015,1.794631726115228,-1.794631726115228
arousal,0.75,eeg_bandpower,physio_eeg_bandpower_ridge,30,2.467741935483871,2.7475730641020206,-0.2798311286181496,0.2798311286181496
arousal,0.75,eeg_bandpower,physio_eeg_bandpower_ridge,31,3.312745930483647,3.2122248571662193,0.10052107331742777,-0.10052107331742777
arousal,0.75,eeg_bandpower,physio_eeg_bandpower_ridge,32,2.362816065037091,2.9169660625968064,-0.5541499975597155,0.5541499975597155
arousal,0.75,eeg_bandpower,physio_eeg_bandpower_ridge,33,2.9890974279743703,2.4813299509629125,0.5077674770114577,-0.5077674770114577
arousal,0.75,eeg_bandpower,physio_eeg_bandpower_ridge,34,2.3030465880094124,2.413169959245483,-0.11012337123607052,0.11012337123607052
arousal,0.75,eeg_bandpower,physio_eeg_bandpower_ridge,35,3.0611186599954467,2.852716607151051,0.20840205284439595,-0.20840205284439595
arousal,0.75,eeg_bandpower,physio_eeg_bandpower_ridge,36,2.7350863222989212,2.3724774437487848,0.36260887855013646,-0.36260887855013646
arousal,0.75,eeg_bandpower,physio_eeg_bandpower_ridge,37,3.14414789298227,2.8766056333232313,0.2675422596590389,-0.2675422596590389
arousal,0.75,eeg_bandpower,physio_eeg_bandpower_ridge,38,2.6995394065069838,2.536446821258701,0.16309258524828296,-0.16309258524828296
arousal,0.75,eeg_bandpower,physio_eeg_bandpower_ridge,39,3.051462009499944,3.090904523074334,-0.039442513574390325,0.039442513574390325
arousal,0.75,eeg_bandpower,physio_eeg_bandpower_ridge,40,3.7988861232843716,4.014273343564564,-0.21538722028019208,0.21538722028019208
arousal,0.75,eeg_bandpower,physio_eeg_bandpower_ridge,41,3.6109835160373875,3.9410151886342266,-0.3300316725968391,0.3300316725968391
arousal,0.75,eeg_bandpower,physio_eeg_bandpower_ridge,42,3.685245633578947,3.8811652390504463,-0.19591960547149911,0.19591960547149911
arousal,0.75,eeg_bandpower,physio_eeg_bandpower_ridge,43,2.7786910280461976,3.1810416523773988,-0.40235062433120117,0.40235062433120117
arousal,0.75,eeg_bandpower,physio_eeg_bandpower_ridge,44,3.665941340298544,3.695126652751228,-0.029185312452683743,0.029185312452683743
arousal,0.75,eeg_bandpower,physio_eeg_bandpower_ridge,45,3.072434591397889,2.383842861599171,0.6885917297987181,-0.6885917297987181
arousal,0.75,eeg_bandpower,physio_eeg_bandpower_ridge,46,3.304960761892034,3.4622127469058532,-0.15725198501381943,0.15725198501381943
arousal,0.75,eeg_bandpower,physio_eeg_bandpower_ridge,47,3.523931629971603,3.5476935640136036,-0.023761934042000554,0.023761934042000554
arousal,0.75,eeg_bandpower,physio_eeg_bandpower_ridge,48,2.7659605265456344,2.6571063964845054,0.10885413006112898,-0.10885413006112898
arousal,0.75,eeg_bandpower,physio_eeg_bandpower_ridge,49,3.440254272923092,3.0296101498875387,0.4106441230355533,-0.4106441230355533
arousal,0.75,eeg_bandpower,physio_eeg_bandpower_ridge,5,2.909100239585122,2.4183355453792794,0.49076469420584257,-0.49076469420584257
arousal,0.75,eeg_bandpower,physio_eeg_bandpower_ridge,50,2.50815527270708,2.76698403679848,-0.2588287640914002,0.2588287640914002
arousal,0.75,eeg_bandpower,physio_eeg_bandpower_ridge,52,3.337034019273049,3.37547262388591,-0.03843860461286086,0.03843860461286086
arousal,0.75,eeg_bandpower,physio_eeg_bandpower_ridge,53,2.3870967741935485,2.024164279079336,0.36293249511421255,-0.36293249511421255
arousal,0.75,eeg_bandpower,physio_eeg_bandpower_ridge,54,2.668103274889568,2.7191877884462214,-0.051084513556653555,0.051084513556653555
arousal,0.75,eeg_bandpower,physio_eeg_bandpower_ridge,55,3.095671426635221,3.029368410659414,0.06630301597580734,-0.06630301597580734
arousal,0.75,eeg_bandpower,physio_eeg_bandpower_ridge,56,2.4152922880323433,2.8881378361434886,-0.4728455481111453,0.4728455481111453
arousal,0.75,eeg_bandpower,physio_eeg_bandpower_ridge,57,3.4479723204956825,3.447019287028911,0.0009530334667715579,-0.0009530334667715579
arousal,0.75,eeg_bandpower,physio_eeg_bandpower_ridge,58,2.9292471855207736,2.85002670734832,0.07922047817245348,-0.07922047817245348
arousal,0.75,eeg_bandpower,physio_eeg_bandpower_ridge,59,3.506077177780347,4.071363559340826,-0.5652863815604787,0.5652863815604787
arousal,0.75,eeg_bandpower,physio_eeg_bandpower_ridge,6,4.379451463222424,4.515881708134815,-0.13643024491239064,0.13643024491239064
arousal,0.75,eeg_bandpower,physio_eeg_bandpower_ridge,60,3.364229198692733,3.3086403039591863,0.05558889473354656,-0.05558889473354656
arousal,0.75,eeg_bandpower,physio_eeg_bandpower_ridge,61,2.9657501831664757,2.5333682256799315,0.4323819574865442,-0.4323819574865442
arousal,0.75,eeg_bandpower,physio_eeg_bandpower_ridge,62,3.4774105646546394,3.766788586960951,-0.2893780223063116,0.2893780223063116
arousal,0.75,eeg_bandpower,physio_eeg_bandpower_ridge,63,3.156342133584165,3.1355695424698253,0.02077259111433971,-0.02077259111433971
arousal,0.75,eeg_bandpower,physio_eeg_bandpower_ridge,64,3.751967919296454,3.671561134593123,0.08040678470333118,-0.08040678470333118
arousal,0.75,eeg_bandpower,physio_eeg_bandpower_ridge,65,2.7879768249170787,2.1920336119852535,0.5959432129318252,-0.5959432129318252
arousal,0.75,eeg_bandpower,physio_eeg_bandpower_ridge,7,2.661457891666245,2.685593899952458,-0.024136008286212984,0.024136008286212984
arousal,0.75,eeg_bandpower,physio_eeg_bandpower_ridge,8,2.7801792140109836,3.1039043503096995,-0.3237251362987159,0.3237251362987159
arousal,0.75,eeg_bandpower,physio_eeg_bandpower_ridge,9,3.5470415337347743,2.656850392646816,0.8901911410879584,-0.8901911410879584
valence,0.75,emg_lagged_interaction_experimental,physio_emg_lagged_interaction_experimental_ridge,1,2.102906664882461,2.106824933243944,-0.003918268361482902,0.003918268361482902
valence,0.75,emg_lagged_interaction_experimental,physio_emg_lagged_interaction_experimental_ridge,10,1.9702126213058746,1.97356953854722,-0.0033569172413454584,0.0033569172413454584
valence,0.75,emg_lagged_interaction_experimental,physio_emg_lagged_interaction_experimental_ridge,11,2.183092425020961,2.1906013669033486,-0.00750894188238771,0.00750894188238771
valence,0.75,emg_lagged_interaction_experimental,physio_emg_lagged_interaction_experimental_ridge,12,2.1754571006911685,2.1820777540781418,-0.006620653386973263,0.006620653386973263
valence,0.75,emg_lagged_interaction_experimental,physio_emg_lagged_interaction_experimental_ridge,13,1.7465217403130304,1.7383590297343041,0.008162710578726307,-0.008162710578726307
valence,0.75,emg_lagged_interaction_experimental,physio_emg_lagged_interaction_experimental_ridge,14,1.833088937766916,1.8881505172550443,-0.0550615794881284,0.0550615794881284
valence,0.75,emg_lagged_interaction_experimental,physio_emg_lagged_interaction_experimental_ridge,15,1.8935305269257172,1.878712810136967,0.014817716788750213,-0.014817716788750213
valence,0.75,emg_lagged_interaction_experimental,physio_emg_lagged_interaction_experimental_ridge,16,2.0397434258135254,2.021558129982993,0.01818529583053241,-0.01818529583053241
valence,0.75,emg_lagged_interaction_experimental,physio_emg_lagged_interaction_experimental_ridge,17,1.9220806071967729,1.8949945079972115,0.027086099199561398,-0.027086099199561398
valence,0.75,emg_lagged_interaction_experimental,physio_emg_lagged_interaction_experimental_ridge,18,2.751052206232225,2.7429685633154084,0.008083642916816736,-0.008083642916816736
valence,0.75,emg_lagged_interaction_experimental,physio_emg_lagged_interaction_experimental_ridge,19,2.4451618982769814,2.4171264091444282,0.02803548913255316,-0.02803548913255316
valence,0.75,emg_lagged_interaction_experimental,physio_emg_lagged_interaction_experimental_ridge,2,2.481282690005539,2.4943041098168917,-0.01302141981135252,0.01302141981135252
valence,0.75,emg_lagged_interaction_experimental,physio_emg_lagged_interaction_experimental_ridge,20,2.0915256892127423,2.077638276391143,0.01388741282159911,-0.01388741282159911
valence,0.75,emg_lagged_interaction_experimental,physio_emg_lagged_interaction_experimental_ridge,21,1.73744942058003,1.7454784008897328,-0.008028980309702893,0.008028980309702893
valence,0.75,emg_lagged_interaction_experimental,physio_emg_lagged_interaction_experimental_ridge,22,1.8520861608425905,1.8605396458228314,-0.0084534849802409,0.0084534849802409
valence,0.75,emg_lagged_interaction_experimental,physio_emg_lagged_interaction_experimental_ridge,23,1.94616675452552,1.9207514030045127,0.025415351521007157,-0.025415351521007157
valence,0.75,emg_lagged_interaction_experimental,physio_emg_lagged_interaction_experimental_ridge,24,2.231419212762824,2.24405885050191,-0.012639637739086051,0.012639637739086051
valence,0.75,emg_lagged_interaction_experimental,physio_emg_lagged_interaction_experimental_ridge,25,2.388926935732106,2.377765707375594,0.011161228356512343,-0.011161228356512343
valence,0.75,emg_lagged_interaction_experimental,physio_emg_lagged_interaction_experimental_ridge,26,2.2529896890624803,2.2600588100906864,-0.007069121028206116,0.007069121028206116
valence,0.75,emg_lagged_interaction_experimental,physio_emg_lagged_interaction_experimental_ridge,27,2.2655549726340904,2.2849167566656132,-0.019361784031522777,0.019361784031522777
valence,0.75,emg_lagged_interaction_experimental,physio_emg_lagged_interaction_experimental_ridge,28,2.541957998917808,2.5430372095879594,-0.001079210670151376,0.001079210670151376
valence,0.75,emg_lagged_interaction_experimental,physio_emg_lagged_interaction_experimental_ridge,29,2.066657155942445,2.0477740334272148,0.018883122515230166,-0.018883122515230166
valence,0.75,emg_lagged_interaction_experimental,physio_emg_lagged_interaction_experimental_ridge,3,1.7850929869069192,1.7108821419930875,0.07421084491383168,-0.07421084491383168
valence,0.75,emg_lagged_interaction_experimental,physio_emg_lagged_interaction_experimental_ridge,30,1.6458858830197465,1.653919411287761,-0.008033528268014622,0.008033528268014622
valence,0.75,emg_lagged_interaction_experimental,physio_emg_lagged_interaction_experimental_ridge,31,2.2526597595442497,2.2760401003978807,-0.023380340853631054,0.023380340853631054
valence,0.75,emg_lagged_interaction_experimental,physio_emg_lagged_interaction_experimental_ridge,32,1.9906649990386385,1.9811772850304878,0.009487714008150627,-0.009487714008150627
valence,0.75,emg_lagged_interaction_experimental,physio_emg_lagged_interaction_experimental_ridge,33,1.5599784544524575,1.4665217579510355,0.09345669650142208,-0.09345669650142208
valence,0.75,emg_lagged_interaction_experimental,physio_emg_lagged_interaction_experimental_ridge,34,2.0513002583669584,2.010122061329724,0.041178197037234465,-0.041178197037234465
valence,0.75,emg_lagged_interaction_experimental,physio_emg_lagged_interaction_experimental_ridge,35,1.6819495278872196,1.6489797921972584,0.0329697356899612,-0.0329697356899612
valence,0.75,emg_lagged_interaction_experimental,physio_emg_lagged_interaction_experimental_ridge,36,1.7283778595177892,1.7345554528561906,-0.006177593338401399,0.006177593338401399
valence,0.75,emg_lagged_interaction_experimental,physio_emg_lagged_interaction_experimental_ridge,37,1.6894043854886864,1.6385137442578908,0.050890641230795675,-0.050890641230795675
valence,0.75,emg_lagged_interaction_experimental,physio_emg_lagged_interaction_experimental_ridge,38,2.0861209441794744,2.0945638448458004,-0.008442900666326025,0.008442900666326025
valence,0.75,emg_lagged_interaction_experimental,physio_emg_lagged_interaction_experimental_ridge,39,2.096195122685162,2.0857255849191603,0.010469537766001569,-0.010469537766001569
valence,0.75,emg_lagged_interaction_experimental,physio_emg_lagged_interaction_experimental_ridge,40,2.077803969939336,2.0641645139025795,0.013639456036756314,-0.013639456036756314
valence,0.75,emg_lagged_interaction_experimental,physio_emg_lagged_interaction_experimental_ridge,41,2.3756064105409855,2.376038671348092,-0.0004322608071065659,0.0004322608071065659
valence,0.75,emg_lagged_interaction_experimental,physio_emg_lagged_interaction_experimental_ridge,42,1.9142540879272083,1.921893294140209,-0.007639206213000627,0.007639206213000627
valence,0.75,emg_lagged_interaction_experimental,physio_emg_lagged_interaction_experimental_ridge,43,1.7938428047977508,1.8087595426113665,-0.014916737813615688,0.014916737813615688
valence,0.75,emg_lagged_interaction_experimental,physio_emg_lagged_interaction_experimental_ridge,44,2.216951133539926,2.2155559985375914,0.0013951350023346798,-0.0013951350023346798
valence,0.75,emg_lagged_interaction_experimental,physio_emg_lagged_interaction_experimental_ridge,45,1.7649465772072028,1.6981230846277464,0.06682349257945641,-0.06682349257945641
valence,0.75,emg_lagged_interaction_experimental,physio_emg_lagged_interaction_experimental_ridge,46,2.0576544696727352,2.070305360411007,-0.012650890738271858,0.012650890738271858
valence,0.75,emg_lagged_interaction_experimental,physio_emg_lagged_interaction_experimental_ridge,47,2.509762416671617,2.5078163829417686,0.0019460337298484731,-0.0019460337298484731
valence,0.75,emg_lagged_interaction_experimental,physio_emg_lagged_interaction_experimental_ridge,48,2.1277947283108074,2.1303862924527732,-0.0025915641419658186,0.0025915641419658186
valence,0.75,emg_lagged_interaction_experimental,physio_emg_lagged_interaction_experimental_ridge,49,1.9280465610988773,1.9281699857478956,-0.00012342464901826666,0.00012342464901826666
valence,0.75,emg_lagged_interaction_experimental,physio_emg_lagged_interaction_experimental_ridge,5,2.2518399754417797,2.274754940805186,-0.022914965363406203,0.022914965363406203
valence,0.75,emg_lagged_interaction_experimental,physio_emg_lagged_interaction_experimental_ridge,50,1.8205617759938848,1.824669687187675,-0.004107911193790281,0.004107911193790281
valence,0.75,emg_lagged_interaction_experimental,physio_emg_lagged_interaction_experimental_ridge,52,2.412236840876706,2.41652322670491,-0.0042863858282040646,0.0042863858282040646
valence,0.75,emg_lagged_interaction_experimental,physio_emg_lagged_interaction_experimental_ridge,53,1.9568520908706462,1.9736633019349525,-0.016811211064306386,0.016811211064306386
valence,0.75,emg_lagged_interaction_experimental,physio_emg_lagged_interaction_experimental_ridge,54,2.4700190960001014,2.47017413813315,-0.00015504213304851078,0.00015504213304851078
valence,0.75,emg_lagged_interaction_experimental,physio_emg_lagged_interaction_experimental_ridge,55,2.3019991424909647,2.2989467789896696,0.003052363501295119,-0.003052363501295119
valence,0.75,emg_lagged_interaction_experimental,physio_emg_lagged_interaction_experimental_ridge,56,1.9392915694368489,1.8741576268205171,0.06513394261633176,-0.06513394261633176
valence,0.75,emg_lagged_interaction_experimental,physio_emg_lagged_interaction_experimental_ridge,57,1.9014412081508358,1.9036540336942074,-0.002212825543371544,0.002212825543371544
valence,0.75,emg_lagged_interaction_experimental,physio_emg_lagged_interaction_experimental_ridge,58,1.9266869981296149,1.9287613858777735,-0.0020743877481586015,0.0020743877481586015
valence,0.75,emg_lagged_interaction_experimental,physio_emg_lagged_interaction_experimental_ridge,59,2.160929194673268,2.1746321879717976,-0.013702993298529531,0.013702993298529531
valence,0.75,emg_lagged_interaction_experimental,physio_emg_lagged_interaction_experimental_ridge,6,1.92467862005479,1.9140436547738657,0.010634965280924336,-0.010634965280924336
valence,0.75,emg_lagged_interaction_experimental,physio_emg_lagged_interaction_experimental_ridge,60,1.9072613797359927,1.890659232216137,0.01660214751985567,-0.01660214751985567
valence,0.75,emg_lagged_interaction_experimental,physio_emg_lagged_interaction_experimental_ridge,61,2.6124436688044965,2.6189135687988236,-0.006469899994327122,0.006469899994327122
valence,0.75,emg_lagged_interaction_experimental,physio_emg_lagged_interaction_experimental_ridge,62,1.987306522002707,1.9828119872180774,0.004494534784629689,-0.004494534784629689
valence,0.75,emg_lagged_interaction_experimental,physio_emg_lagged_interaction_experimental_ridge,63,2.008066829528769,2.0012738000717105,0.006793029457058619,-0.006793029457058619
valence,0.75,emg_lagged_interaction_experimental,physio_emg_lagged_interaction_experimental_ridge,64,2.0739687205698605,2.064793659011891,0.009175061557969322,-0.009175061557969322
valence,0.75,emg_lagged_interaction_experimental,physio_emg_lagged_interaction_experimental_ridge,65,1.6318842808028151,1.6100038975685778,0.021880383234237355,-0.021880383234237355
valence,0.75,emg_lagged_interaction_experimental,physio_emg_lagged_interaction_experimental_ridge,7,1.7437515423803749,1.8027912226696512,-0.05903968028927631,0.05903968028927631
valence,0.75,emg_lagged_interaction_experimental,physio_emg_lagged_interaction_experimental_ridge,8,2.0554868071987613,2.071290568842565,-0.015803761643803593,0.015803761643803593
valence,0.75,emg_lagged_interaction_experimental,physio_emg_lagged_interaction_experimental_ridge,9,1.9415972746365142,1.9992357825552258,-0.05763850791871161,0.05763850791871161
