objective_run_id,planned_run_id,model,training_category,modality,task,fold,target,n_train,n_val,n_train_subjects,n_val_subjects,train_target_mean,val_target_mean,val_target_std,spearman_rho,mae_rank_percentile,rmse_rank_percentile,top_bottom_q33_balanced_accuracy,permutation_control_spearman,pred_min,pred_max,pred_mean
1,1,mean_baseline_no_training,no_training_control,EEG,valence,1,subject_relative_ordinal_affect_regression_v1,1664,352,52,11,0.5,0.5,0.2930766043824136,0.0,0.25412390029325516,0.2930766043824136,0.5,,0.5,0.5,0.5
2,2,mean_baseline_no_training,no_training_control,EEG,valence,2,subject_relative_ordinal_affect_regression_v1,1664,352,52,11,0.5,0.5,0.2920282252522175,0.0,0.2528409090909091,0.2920282252522175,0.5,,0.5,0.5,0.5
3,3,mean_baseline_no_training,no_training_control,EEG,valence,3,subject_relative_ordinal_affect_regression_v1,1664,352,52,11,0.5,0.5,0.2937818308985681,0.0,0.25412390029325516,0.2937818308985681,0.5,,0.5,0.5,0.5
4,4,mean_baseline_no_training,no_training_control,EEG,valence,4,subject_relative_ordinal_affect_regression_v1,1696,320,53,10,0.5,0.5,0.29262638793114953,0.0,0.2555443548387097,0.29262638793114953,0.5,,0.5,0.5,0.5
5,5,mean_baseline_no_training,no_training_control,EEG,valence,5,subject_relative_ordinal_affect_regression_v1,1696,320,53,10,0.5,0.5,0.2919226739303245,0.0,0.2501008064516129,0.2919226739303245,0.5,,0.5,0.5,0.5
6,6,mean_baseline_no_training,no_training_control,EEG,valence,6,subject_relative_ordinal_affect_regression_v1,1696,320,53,10,0.5,0.5,0.2919198890862367,0.0,0.2479838709677419,0.2919198890862367,0.5,,0.5,0.5,0.5
7,7,mean_baseline_no_training,no_training_control,EEG,arousal,1,subject_relative_ordinal_affect_regression_v1,1664,352,52,11,0.5,0.5,0.28688602268218966,0.0,0.249725073313783,0.28688602268218966,0.5,,0.5,0.5,0.5
8,8,mean_baseline_no_training,no_training_control,EEG,arousal,2,subject_relative_ordinal_affect_regression_v1,1664,352,52,11,0.5,0.5,0.2904294768991855,0.0,0.2560483870967742,0.2904294768991855,0.5,,0.5,0.5,0.5
9,9,mean_baseline_no_training,no_training_control,EEG,arousal,3,subject_relative_ordinal_affect_regression_v1,1664,352,52,11,0.5,0.5,0.2930488644086971,0.0,0.2567815249266862,0.2930488644086971,0.5,,0.5,0.5,0.5
10,10,mean_baseline_no_training,no_training_control,EEG,arousal,4,subject_relative_ordinal_affect_regression_v1,1696,320,53,10,0.5,0.5,0.29118375859499945,0.0,0.25483870967741934,0.29118375859499945,0.5,,0.5,0.5,0.5
11,11,mean_baseline_no_training,no_training_control,EEG,arousal,5,subject_relative_ordinal_affect_regression_v1,1696,320,53,10,0.5,0.5,0.29239015120262063,0.0,0.2523185483870968,0.29239015120262063,0.5,,0.5,0.5,0.5
12,12,mean_baseline_no_training,no_training_control,EEG,arousal,6,subject_relative_ordinal_affect_regression_v1,1696,320,53,10,0.5,0.5,0.289689048908018,0.0,0.2545362903225806,0.289689048908018,0.5,,0.5,0.5,0.5
13,13,mean_baseline_no_training,no_training_control,EMG,valence,1,subject_relative_ordinal_affect_regression_v1,1664,352,52,11,0.5,0.5,0.2930766043824136,0.0,0.25412390029325516,0.2930766043824136,0.5,,0.5,0.5,0.5
14,14,mean_baseline_no_training,no_training_control,EMG,valence,2,subject_relative_ordinal_affect_regression_v1,1664,352,52,11,0.5,0.5,0.2920282252522175,0.0,0.2528409090909091,0.2920282252522175,0.5,,0.5,0.5,0.5
15,15,mean_baseline_no_training,no_training_control,EMG,valence,3,subject_relative_ordinal_affect_regression_v1,1664,352,52,11,0.5,0.5,0.2937818308985681,0.0,0.25412390029325516,0.2937818308985681,0.5,,0.5,0.5,0.5
16,16,mean_baseline_no_training,no_training_control,EMG,valence,4,subject_relative_ordinal_affect_regression_v1,1696,320,53,10,0.5,0.5,0.29262638793114953,0.0,0.2555443548387097,0.29262638793114953,0.5,,0.5,0.5,0.5
17,17,mean_baseline_no_training,no_training_control,EMG,valence,5,subject_relative_ordinal_affect_regression_v1,1696,320,53,10,0.5,0.5,0.2919226739303245,0.0,0.2501008064516129,0.2919226739303245,0.5,,0.5,0.5,0.5
18,18,mean_baseline_no_training,no_training_control,EMG,valence,6,subject_relative_ordinal_affect_regression_v1,1696,320,53,10,0.5,0.5,0.2919198890862367,0.0,0.2479838709677419,0.2919198890862367,0.5,,0.5,0.5,0.5
19,19,mean_baseline_no_training,no_training_control,EMG,arousal,1,subject_relative_ordinal_affect_regression_v1,1664,352,52,11,0.5,0.5,0.28688602268218966,0.0,0.249725073313783,0.28688602268218966,0.5,,0.5,0.5,0.5
20,20,mean_baseline_no_training,no_training_control,EMG,arousal,2,subject_relative_ordinal_affect_regression_v1,1664,352,52,11,0.5,0.5,0.2904294768991855,0.0,0.2560483870967742,0.2904294768991855,0.5,,0.5,0.5,0.5
21,21,mean_baseline_no_training,no_training_control,EMG,arousal,3,subject_relative_ordinal_affect_regression_v1,1664,352,52,11,0.5,0.5,0.2930488644086971,0.0,0.2567815249266862,0.2930488644086971,0.5,,0.5,0.5,0.5
22,22,mean_baseline_no_training,no_training_control,EMG,arousal,4,subject_relative_ordinal_affect_regression_v1,1696,320,53,10,0.5,0.5,0.29118375859499945,0.0,0.25483870967741934,0.29118375859499945,0.5,,0.5,0.5,0.5
23,23,mean_baseline_no_training,no_training_control,EMG,arousal,5,subject_relative_ordinal_affect_regression_v1,1696,320,53,10,0.5,0.5,0.29239015120262063,0.0,0.2523185483870968,0.29239015120262063,0.5,,0.5,0.5,0.5
24,24,mean_baseline_no_training,no_training_control,EMG,arousal,6,subject_relative_ordinal_affect_regression_v1,1696,320,53,10,0.5,0.5,0.289689048908018,0.0,0.2545362903225806,0.289689048908018,0.5,,0.5,0.5,0.5
25,25,ridge_regression_summary_features,minimal_classical_regression_baseline,EEG,valence,1,subject_relative_ordinal_affect_regression_v1,1664,352,52,11,0.5,0.5,0.2930766043824136,0.02200812917713872,0.27015514585342454,0.31818041343006465,0.5129782949205639,-0.047767278006893454,-0.02937150173438711,1.1660543442102758,0.506507557629299
26,26,ridge_regression_summary_features,minimal_classical_regression_baseline,EEG,valence,2,subject_relative_ordinal_affect_regression_v1,1664,352,52,11,0.5,0.5,0.2920282252522175,0.003815316634972239,0.2804582500426831,0.3481187810139005,0.5125068343357025,-0.0017765158435656167,-1.484996966404801,1.075975237400631,0.48054230715216095
27,27,ridge_regression_summary_features,minimal_classical_regression_baseline,EEG,valence,3,subject_relative_ordinal_affect_regression_v1,1664,352,52,11,0.5,0.5,0.2937818308985681,-0.09183388667544089,0.28996836152583716,0.34780226667362346,0.4423497267759563,-0.015702779713103097,-0.5448683636962272,0.9874727209865465,0.47296616830074534
28,28,ridge_regression_summary_features,minimal_classical_regression_baseline,EEG,valence,4,subject_relative_ordinal_affect_regression_v1,1696,320,53,10,0.5,0.5,0.29262638793114953,-0.027715943851560634,0.2866958073807629,0.33389723828003387,0.5050663871418588,0.0045776391136202466,-0.022296960938020985,1.3051323815708582,0.5292764802088846
29,29,ridge_regression_summary_features,minimal_classical_regression_baseline,EEG,valence,5,subject_relative_ordinal_affect_regression_v1,1696,320,53,10,0.5,0.5,0.2919226739303245,-0.003697116576724667,0.25798358180041187,0.30548621735839887,0.5162107803700724,0.02395628151507882,0.14342256583212873,0.7131518357805701,0.48696994452550585
30,30,ridge_regression_summary_features,minimal_classical_regression_baseline,EEG,valence,6,subject_relative_ordinal_affect_regression_v1,1696,320,53,10,0.5,0.5,0.2919198890862367,0.03429082004286569,0.2535398117667925,0.3002759424142014,0.5209039548022598,-0.03007196752860122,0.2184399425973184,0.8163542053934696,0.5011521877015414
31,31,ridge_regression_summary_features,minimal_classical_regression_baseline,EEG,arousal,1,subject_relative_ordinal_affect_regression_v1,1664,352,52,11,0.5,0.5,0.28688602268218966,0.0008154186822131702,0.25564807049912447,0.2978854297055244,0.5052144824872098,0.01810413952148586,0.25248457326013557,0.8257789475152927,0.4956866778711552
32,32,ridge_regression_summary_features,minimal_classical_regression_baseline,EEG,arousal,2,subject_relative_ordinal_affect_regression_v1,1664,352,52,11,0.5,0.5,0.2904294768991855,0.06362507867083911,0.29687319210253016,0.3804153617454271,0.5221808211473566,-0.053074902127074,0.09896701411515517,3.1595635116916507,0.5354877918243589
33,33,ridge_regression_summary_features,minimal_classical_regression_baseline,EEG,arousal,3,subject_relative_ordinal_affect_regression_v1,1664,352,52,11,0.5,0.5,0.2930488644086971,0.008547135781700115,0.2682384226973753,0.31232238177668276,0.5495495495495495,0.07565882088154754,0.07277633337760861,1.0800200761823995,0.5159949908548298
34,34,ridge_regression_summary_features,minimal_classical_regression_baseline,EEG,arousal,4,subject_relative_ordinal_affect_regression_v1,1696,320,53,10,0.5,0.5,0.29118375859499945,-0.017905627877393766,0.273469906427349,0.32076438325951584,0.5231285174620307,0.0420647301886202,0.11379664320854226,1.1079264978540186,0.5098048795649366
35,35,ridge_regression_summary_features,minimal_classical_regression_baseline,EEG,arousal,5,subject_relative_ordinal_affect_regression_v1,1696,320,53,10,0.5,0.5,0.29239015120262063,-0.0545631245525996,0.26277899041085984,0.3055116566066755,0.4200498575498576,0.004565980207450071,0.17953185870449198,0.7355656888376934,0.5003392398388927
36,36,ridge_regression_summary_features,minimal_classical_regression_baseline,EEG,arousal,6,subject_relative_ordinal_affect_regression_v1,1696,320,53,10,0.5,0.5,0.289689048908018,0.041158366065186504,0.2584557822050331,0.29919095128746465,0.5091743119266054,-0.037998936089359406,0.13278731937196311,0.7988098520785815,0.48921328569926176
37,37,ridge_regression_summary_features,minimal_classical_regression_baseline,EMG,valence,1,subject_relative_ordinal_affect_regression_v1,1664,352,52,11,0.5,0.5,0.2930766043824136,-0.02218678848688097,0.254933113623934,0.29469334493604804,0.49026627880957707,0.020738794697598695,0.40374872250037785,0.5492325912291462,0.4894600918607761
38,38,ridge_regression_summary_features,minimal_classical_regression_baseline,EMG,valence,2,subject_relative_ordinal_affect_regression_v1,1664,352,52,11,0.5,0.5,0.2920282252522175,0.05429381029741214,0.26018284792457175,0.3118818748774878,0.49357572443958453,0.010662537121076652,-1.1892867808934064,0.5547509947919455,0.48908318813713386
39,39,ridge_regression_summary_features,minimal_classical_regression_baseline,EMG,valence,3,subject_relative_ordinal_affect_regression_v1,1664,352,52,11,0.5,0.5,0.2937818308985681,0.01240983961620313,0.25630305783801327,0.29504150468825874,0.5364071038251366,-0.04697318628571254,0.42361983865005537,0.5946104153621667,0.5063977547175191
40,40,ridge_regression_summary_features,minimal_classical_regression_baseline,EMG,valence,4,subject_relative_ordinal_affect_regression_v1,1696,320,53,10,0.5,0.5,0.29262638793114953,-0.009832130442175176,0.25561137280681034,0.29334901459296103,0.4482879105520615,0.008507009917430286,0.44429459910757363,0.5890378484942181,0.5019611342988659
41,41,ridge_regression_summary_features,minimal_classical_regression_baseline,EMG,valence,5,subject_relative_ordinal_affect_regression_v1,1696,320,53,10,0.5,0.5,0.2919226739303245,0.009948191312261713,0.36825255047764116,0.7496494706655238,0.5115446500402252,-0.048376902393944016,-3.255824902734573,0.5646118877454305,0.36863827796874016
42,42,ridge_regression_summary_features,minimal_classical_regression_baseline,EMG,valence,6,subject_relative_ordinal_affect_regression_v1,1696,320,53,10,0.5,0.5,0.2919198890862367,0.0703934891849777,0.24775627623413915,0.29143479601278266,0.5622276029055691,0.07561061778062303,-0.39547958756499113,0.5535401962062351,0.49858767104996177
43,43,ridge_regression_summary_features,minimal_classical_regression_baseline,EMG,arousal,1,subject_relative_ordinal_affect_regression_v1,1664,352,52,11,0.5,0.5,0.28688602268218966,0.00972885487669092,0.24992849907081638,0.2879340775161232,0.4913091958546504,-0.016670445421102954,0.4421966051391926,0.583197948986722,0.5049068574240448
44,44,ridge_regression_summary_features,minimal_classical_regression_baseline,EMG,arousal,2,subject_relative_ordinal_affect_regression_v1,1664,352,52,11,0.5,0.5,0.2904294768991855,-0.04103745722896519,0.26080976237838116,0.29704625514092436,0.4744094488188976,0.0917908167309248,0.43451070864028307,1.242940667803471,0.5063020102518704
45,45,ridge_regression_summary_features,minimal_classical_regression_baseline,EMG,arousal,3,subject_relative_ordinal_affect_regression_v1,1664,352,52,11,0.5,0.5,0.2930488644086971,-0.04386797412124682,0.2573489233200713,0.2939962658128189,0.4414414414414415,0.022715003719646285,0.4278218567816097,0.5569134314794134,0.49979190833374787
46,46,ridge_regression_summary_features,minimal_classical_regression_baseline,EMG,arousal,4,subject_relative_ordinal_affect_regression_v1,1696,320,53,10,0.5,0.5,0.29118375859499945,-0.007618948281726509,0.2544508814932499,0.291607547307403,0.47263125433659703,-0.026429761452812648,0.44326293688676555,0.5577754274551122,0.5045264636920299
47,47,ridge_regression_summary_features,minimal_classical_regression_baseline,EMG,arousal,5,subject_relative_ordinal_affect_regression_v1,1696,320,53,10,0.5,0.5,0.29239015120262063,-0.024411679840409043,0.26563167878687277,0.31494354898732735,0.4896723646723647,-0.00042576487590233783,0.27666211336010527,1.120954167323998,0.5137367845338505
48,48,ridge_regression_summary_features,minimal_classical_regression_baseline,EMG,arousal,6,subject_relative_ordinal_affect_regression_v1,1696,320,53,10,0.5,0.5,0.289689048908018,-0.011525559496456159,0.25843487576790397,0.29735353780481494,0.4954128440366973,-0.014951482753687868,0.42117303871590017,1.4736570365938202,0.4968701970583734
