candidate_id,modality,task,fold,macro_f1,bal_acc,acc,ce_loss,supcon_loss
A0_CE_control,EEG,valence,1,0.5201533820567619,0.5295871635201476,0.5596590909090909,0.3198818495640388,0.0
A0_CE_control,EEG,valence,2,0.5309012160586373,0.5308691043985162,0.5454545454545454,0.3045809314801143,0.0
A0_CE_control,EEG,valence,3,0.5081669839765327,0.5124365567543948,0.5142045454545454,0.2816638488035936,0.0
A0_CE_control,EEG,valence,4,0.531571451178984,0.5352226720647774,0.5375,0.2945915354149682,0.0
A0_CE_control,EEG,valence,5,0.5238095238095238,0.532414136799701,0.53125,0.3328450620174408,0.0
A0_CE_control,EEG,valence,6,0.5222169135212613,0.5291747996179244,0.53125,0.3047205571617399,0.0
A0_CE_control,EEG,arousal,1,0.5390435541759627,0.5451220717604033,0.5397727272727273,0.2945700815090766,0.0
A0_CE_control,EEG,arousal,2,0.5156291983878191,0.5157765801077903,0.5198863636363636,0.3099677402239579,0.0
A0_CE_control,EEG,arousal,3,0.5445134575569358,0.5448380534116963,0.5454545454545454,0.2813930121751932,0.0
A0_CE_control,EEG,arousal,4,0.4652019663992025,0.4724137931034483,0.465625,0.2637827407036509,0.0
A0_CE_control,EEG,arousal,5,0.5094139219831862,0.513921568627451,0.521875,0.2954691520759037,0.0
A0_CE_control,EEG,arousal,6,0.5186052303860523,0.524300380857758,0.528125,0.3026029063122613,0.0
A0_CE_control,EMG,valence,1,0.4474097331240189,0.4474317155942143,0.4545454545454545,0.6566013647959783,0.0
A0_CE_control,EMG,valence,2,0.4886198547215497,0.5022522522522522,0.4886363636363636,0.6621123735721295,0.0
A0_CE_control,EMG,valence,3,0.5182259182259182,0.5197136230714934,0.5511363636363636,0.6505163587056674,0.0
A0_CE_control,EMG,valence,4,0.4700065661168768,0.4775303643724696,0.471875,0.6583404157842908,0.0
A0_CE_control,EMG,valence,5,0.5037255565013585,0.5168196353669172,0.584375,0.6578918141978127,0.0
A0_CE_control,EMG,valence,6,0.5322191932361424,0.543917936791395,0.5375,0.6665645795209068,0.0
A0_CE_control,EMG,arousal,1,0.5550802139037433,0.5592237488056406,0.5568181818181818,0.6525829250995929,0.0
A0_CE_control,EMG,arousal,2,0.5484210526315789,0.54848930262943,0.5568181818181818,0.653332348053272,0.0
A0_CE_control,EMG,arousal,3,0.4747474747474748,0.4852262085445797,0.4829545454545454,0.6637803361966059,0.0
A0_CE_control,EMG,arousal,4,0.4934333958724203,0.4957635467980296,0.49375,0.6624542730195182,0.0
A0_CE_control,EMG,arousal,5,0.4794901369295833,0.4923529411764705,0.484375,0.629766012941088,0.0
A0_CE_control,EMG,arousal,6,0.4702154358806719,0.4713942705745984,0.509375,0.65025047319276,0.0
A2_cross_subject_positive_only,EEG,valence,1,0.4931671020753041,0.4997364172514908,0.5255681818181818,0.3204252742804013,4.673989149240347
A2_cross_subject_positive_only,EEG,valence,2,0.4992078119442558,0.5064917859035506,0.5,0.342510461807251,4.697178253760705
A2_cross_subject_positive_only,EEG,valence,3,0.4641792978365073,0.4733286276091559,0.4659090909090909,0.2780465357578717,4.6199152286236105
A2_cross_subject_positive_only,EEG,valence,4,0.53722413724791,0.5404858299595141,0.54375,0.2995897190911429,4.656147343771798
A2_cross_subject_positive_only,EEG,valence,5,0.4803486924034869,0.4851738028987915,0.490625,0.3215221081461225,4.686759540012905
A2_cross_subject_positive_only,EEG,valence,6,0.5549649225824397,0.5555255616927613,0.578125,0.3008122571877071,4.649879728044782
A2_cross_subject_positive_only,EEG,arousal,1,0.5136842105263157,0.5137227768442556,0.5227272727272727,0.3078177983944232,4.657664445730356
A2_cross_subject_positive_only,EEG,arousal,2,0.5086830915051774,0.5093254940388698,0.5113636363636364,0.3228388291138869,4.666155815124512
A2_cross_subject_positive_only,EEG,arousal,3,0.5283481854578329,0.5283689088384409,0.5284090909090909,0.3053703606128692,4.65269059401292
A2_cross_subject_positive_only,EEG,arousal,4,0.5327276825527494,0.5334975369458128,0.534375,0.2778893506952694,4.635645389556885
A2_cross_subject_positive_only,EEG,arousal,5,0.5368209612146634,0.5370588235294118,0.540625,0.3247187520776476,4.671352999550956
A2_cross_subject_positive_only,EEG,arousal,6,0.550561797752809,0.5611856267593973,0.55625,0.3295115466628756,4.68863160269601
A2_cross_subject_positive_only,EMG,valence,1,0.4523019062596207,0.4532799578267602,0.46875,0.6728237363008353,4.855076789855957
A2_cross_subject_positive_only,EMG,valence,2,0.4707537103501794,0.4773449920508744,0.4715909090909091,0.6743073371740488,4.857529493478628
A2_cross_subject_positive_only,EMG,valence,3,0.492191726475998,0.5008571140465867,0.5454545454545454,0.6658358803162208,4.863110248859112
A2_cross_subject_positive_only,EMG,valence,4,0.4957670663078052,0.5058704453441296,0.496875,0.6722956597805023,4.856719664164952
A2_cross_subject_positive_only,EMG,valence,5,0.5006980372834031,0.515199966776029,0.584375,0.6660384493214744,4.858485834939139
A2_cross_subject_positive_only,EMG,valence,6,0.4805194805194805,0.5213671664105652,0.48125,0.6785377178873334,4.856125865663801
A2_cross_subject_positive_only,EMG,arousal,1,0.5482918089150384,0.5591743270402952,0.5482954545454546,0.6672654931361859,4.858865187718318
A2_cross_subject_positive_only,EMG,arousal,2,0.5627980922098569,0.5632533072023518,0.5738636363636364,0.6606126198401818,4.854915398817796
A2_cross_subject_positive_only,EMG,arousal,3,0.4888044700071382,0.4994833209545645,0.4971590909090909,0.6684617491868826,4.8571002666766825
A2_cross_subject_positive_only,EMG,arousal,4,0.4541176470588235,0.454384236453202,0.45625,0.6687276576246534,4.855175767626081
A2_cross_subject_positive_only,EMG,arousal,5,0.502440560541647,0.5137254901960784,0.50625,0.6520489369119916,4.859298842293875
A2_cross_subject_positive_only,EMG,arousal,6,0.4974989340571345,0.4975575426395099,0.528125,0.6645429858139583,4.856275013514927
A4_rating_distance_guarded_supcon,EEG,valence,1,0.5149096627465569,0.5170999308095285,0.5369318181818182,0.3471824389237624,4.692857962388259
A4_rating_distance_guarded_supcon,EEG,valence,2,0.530791788856305,0.5399443561208267,0.53125,0.3298811694750419,4.669814990117
A4_rating_distance_guarded_supcon,EEG,valence,3,0.4744051676567014,0.4816308695506033,0.4772727272727273,0.3149725084121411,4.659948018880991
A4_rating_distance_guarded_supcon,EEG,valence,4,0.535063009636768,0.5390688259109312,0.540625,0.2956083331789289,4.639991044998169
A4_rating_distance_guarded_supcon,EEG,valence,5,0.4848761874478318,0.4909257028946384,0.49375,0.3558765075036457,4.689818177904401
A4_rating_distance_guarded_supcon,EEG,valence,6,0.5222169135212613,0.5291747996179244,0.53125,0.3041697144508362,4.6441806725093295
A4_rating_distance_guarded_supcon,EEG,arousal,1,0.5093536791137847,0.5103785707225462,0.5142045454545454,0.2992554834255805,4.631960391998291
A4_rating_distance_guarded_supcon,EEG,arousal,2,0.5368421052631579,0.5374489629266699,0.5397727272727273,0.3386464302356426,4.677668424753042
A4_rating_distance_guarded_supcon,EEG,arousal,3,0.5456220824030851,0.5471469628959861,0.5482954545454546,0.319313102043592,4.658696101262019
A4_rating_distance_guarded_supcon,EEG,arousal,4,0.4932551319648093,0.4951724137931034,0.49375,0.2739280366471835,4.616702556610107
A4_rating_distance_guarded_supcon,EEG,arousal,5,0.5566691230655858,0.5566666666666666,0.559375,0.3003071535910879,4.653173787253244
A4_rating_distance_guarded_supcon,EEG,arousal,6,0.5405049658968529,0.5466964729259811,0.55,0.3479991470064436,4.689860922949655
A4_rating_distance_guarded_supcon,EMG,valence,1,0.4582520596199271,0.4582221343613061,0.46875,0.6750878003927377,4.855195705707256
A4_rating_distance_guarded_supcon,EMG,valence,2,0.4544750096861681,0.4644939056703762,0.4545454545454545,0.6766588550347549,4.859301163600041
A4_rating_distance_guarded_supcon,EMG,valence,3,0.4771855894442334,0.4794796813552485,0.5113636363636364,0.6639817036115206,4.85757721387423
A4_rating_distance_guarded_supcon,EMG,valence,4,0.4687292472362201,0.4870445344129555,0.46875,0.668094950062888,4.857582262584141
A4_rating_distance_guarded_supcon,EMG,valence,5,0.5267072346179851,0.5267660617135264,0.5625,0.6656434493405479,4.854727131979806
A4_rating_distance_guarded_supcon,EMG,valence,6,0.5148242705245962,0.5376676772291208,0.515625,0.6767245275633675,4.853712320327759
A4_rating_distance_guarded_supcon,EMG,arousal,1,0.545219638242894,0.5533919804948766,0.5454545454545454,0.6674094062585098,4.857250800499549
A4_rating_distance_guarded_supcon,EMG,arousal,2,0.533751962323391,0.5337252980565083,0.5397727272727273,0.6623780773236201,4.859763952401968
A4_rating_distance_guarded_supcon,EMG,arousal,3,0.4764616459180738,0.4882132592760034,0.4857954545454545,0.6680317658644456,4.855854217822735
A4_rating_distance_guarded_supcon,EMG,arousal,4,0.4902217574448538,0.4923152709359606,0.490625,0.6751049842153277,4.852347952978952
A4_rating_distance_guarded_supcon,EMG,arousal,5,0.4931008717310087,0.513921568627451,0.503125,0.6613136657646724,4.858689137867519
A4_rating_distance_guarded_supcon,EMG,arousal,6,0.4866073800189122,0.4881188938565988,0.528125,0.6633060617106301,4.8602898461478095
A6_vrex_only_recheck,EEG,valence,1,0.505306812205237,0.5113340581858917,0.5369318181818182,0.3029259695456578,0.0
A6_vrex_only_recheck,EEG,valence,2,0.5228482769884044,0.5245098039215687,0.5284090909090909,0.2999950635891694,0.0
A6_vrex_only_recheck,EEG,valence,3,0.4630638483329701,0.4815468387617223,0.4630681818181818,0.2601445259956213,0.0
A6_vrex_only_recheck,EEG,valence,4,0.5487954879548795,0.55,0.559375,0.2909685586180006,0.0
A6_vrex_only_recheck,EEG,valence,5,0.4773494724396036,0.4803147971261265,0.490625,0.3238924763032368,0.0
A6_vrex_only_recheck,EEG,valence,6,0.5405128205128206,0.5413430790315212,0.5625,0.3064046608550207,0.0
A6_vrex_only_recheck,EEG,arousal,1,0.5375035704084548,0.5385489769694574,0.5426136363636364,0.2923417870814984,0.0
A6_vrex_only_recheck,EEG,arousal,2,0.4830282493292528,0.4833088355381349,0.4914772727272727,0.3022491244169382,0.0
A6_vrex_only_recheck,EEG,arousal,3,0.5249201923465471,0.5250912261439598,0.5255681818181818,0.30460986495018,0.0
A6_vrex_only_recheck,EEG,arousal,4,0.4976254955061031,0.4979310344827586,0.5,0.2724607714584895,0.0
A6_vrex_only_recheck,EEG,arousal,5,0.495633382567234,0.4974509803921568,0.503125,0.3173524950231824,0.0
A6_vrex_only_recheck,EEG,arousal,6,0.5265151515151515,0.5378373902964066,0.53125,0.30896900168487,0.0
A6_vrex_only_recheck,EMG,valence,1,0.4533218291630716,0.4532470099831965,0.4630681818181818,0.6643410783547622,0.0
A6_vrex_only_recheck,EMG,valence,2,0.4581105169340463,0.4823794382617912,0.4602272727272727,0.666918566593757,0.0
A6_vrex_only_recheck,EMG,valence,3,0.5105572149551962,0.511411381130046,0.5397727272727273,0.6557413798112136,0.0
A6_vrex_only_recheck,EMG,valence,4,0.497171590194846,0.5036437246963563,0.5,0.6604101572717939,0.0
A6_vrex_only_recheck,EMG,valence,5,0.4625461874370171,0.4862743469413181,0.5625,0.6551646547658103,0.0
A6_vrex_only_recheck,EMG,valence,6,0.5118134877171022,0.5351551144150505,0.5125,0.6663492918014526,0.0
A6_vrex_only_recheck,EMG,arousal,1,0.5563025210084034,0.5633422292510954,0.5568181818181818,0.6486454743605393,0.0
A6_vrex_only_recheck,EMG,arousal,2,0.543631033486106,0.5440633676302467,0.5539772727272727,0.6509726506013137,0.0
A6_vrex_only_recheck,EMG,arousal,3,0.4854948594079029,0.4998708302386411,0.4971590909090909,0.6554281803277823,0.0
A6_vrex_only_recheck,EMG,arousal,4,0.5006123819683141,0.5006896551724138,0.50625,0.6600919876779828,0.0
A6_vrex_only_recheck,EMG,arousal,5,0.5281203918007011,0.53,0.528125,0.6290485986641475,0.0
A6_vrex_only_recheck,EMG,arousal,6,0.4841876475420917,0.4843103162775294,0.515625,0.6509346961975098,0.0
A5_cross_subject_supcon_vrex,EEG,valence,1,0.5082576984718759,0.5129814503640737,0.5369318181818182,0.3442174379642193,4.691501690791204
A5_cross_subject_supcon_vrex,EEG,valence,2,0.492845786963434,0.492845786963434,0.5056818181818182,0.3262560023711278,4.66537882731511
A5_cross_subject_supcon_vrex,EEG,valence,3,0.4671976558769011,0.4768747268999361,0.46875,0.2977625819352957,4.634993039644682
A5_cross_subject_supcon_vrex,EEG,valence,4,0.5238095238095238,0.5263157894736843,0.53125,0.297798005597932,4.650297812053135
A5_cross_subject_supcon_vrex,EEG,valence,5,0.5097603162836669,0.5198513227293492,0.515625,0.3471258346523557,4.706361532211304
A5_cross_subject_supcon_vrex,EEG,valence,6,0.5530364372469636,0.5560862162049919,0.56875,0.3115250446966716,4.664022207260132
A5_cross_subject_supcon_vrex,EEG,arousal,1,0.5394879045692045,0.5418437613258211,0.5426136363636364,0.3112604411748739,4.638970265021691
A5_cross_subject_supcon_vrex,EEG,arousal,2,0.5442628256999514,0.5463008329250367,0.5454545454545454,0.3176718239600842,4.669358180119441
A5_cross_subject_supcon_vrex,EEG,arousal,3,0.5282720315174217,0.5282720315174217,0.5284090909090909,0.2984661872570331,4.643618877117451
A5_cross_subject_supcon_vrex,EEG,arousal,4,0.4895033031563494,0.4905418719211822,0.490625,0.2875113221151488,4.6546630859375
A5_cross_subject_supcon_vrex,EEG,arousal,5,0.5236546101598005,0.5241176470588236,0.528125,0.3153227567672729,4.6783952713012695
A5_cross_subject_supcon_vrex,EEG,arousal,6,0.5166739536547558,0.5233482364629906,0.525,0.3429669886827469,4.703067064285278
A5_cross_subject_supcon_vrex,EMG,valence,1,0.4704343275771847,0.470626997463016,0.4772727272727273,0.6701866755118737,4.854949254256028
A5_cross_subject_supcon_vrex,EMG,valence,2,0.4573469470115824,0.4678722840487546,0.4573863636363636,0.6750232989971454,4.85834525181697
A5_cross_subject_supcon_vrex,EMG,valence,3,0.5082576984718759,0.5090417128836006,0.5369318181818182,0.6614308127990136,4.857120807354267
A5_cross_subject_supcon_vrex,EMG,valence,4,0.4937853107344633,0.4997975708502024,0.496875,0.6730445325374603,4.855118581226894
A5_cross_subject_supcon_vrex,EMG,valence,5,0.5215078067948673,0.5317288923958636,0.596875,0.6684841854231698,4.856649126325335
A5_cross_subject_supcon_vrex,EMG,valence,6,0.518446754728487,0.5329747913119316,0.521875,0.6797277501651219,4.854307242802212
A5_cross_subject_supcon_vrex,EMG,arousal,1,0.5808430118752447,0.582451978518006,0.5852272727272727,0.6657027968993554,4.862160425919753
A5_cross_subject_supcon_vrex,EMG,arousal,2,0.5178877887788779,0.5185040013065492,0.5284090909090909,0.6602438596578745,4.857145933004526
A5_cross_subject_supcon_vrex,EMG,arousal,3,0.5139701104613386,0.5185520069751671,0.5170454545454546,0.6708163894139804,4.857389963590181
A5_cross_subject_supcon_vrex,EMG,arousal,4,0.496634131566863,0.4992118226600985,0.496875,0.6720416631017413,4.857992308480399
A5_cross_subject_supcon_vrex,EMG,arousal,5,0.5012626262626263,0.5145098039215685,0.50625,0.6456533542701176,4.858114583151681
A5_cross_subject_supcon_vrex,EMG,arousal,6,0.507502885725279,0.5089418777943368,0.55,0.6522663022790637,4.85381099155971
