run_id,run_tag,task,label_policy,cell,input_kind,normalization,fold_id,subject_id,cache_row,y_true,y_pred,score
1,smoke,arousal,midpoint_as_high,C1,emg,none,1,7,160,0,0,-0.11694498501359263
1,smoke,arousal,midpoint_as_high,C1,emg,none,1,7,161,1,0,-0.01122812427499964
1,smoke,arousal,midpoint_as_high,C1,emg,none,1,7,162,1,0,-0.09098443035231141
1,smoke,arousal,midpoint_as_high,C1,emg,none,1,7,163,1,0,-0.10632066550983588
1,smoke,arousal,midpoint_as_high,C1,emg,none,1,7,164,0,1,0.04227654189128238
1,smoke,arousal,midpoint_as_high,C1,emg,none,1,7,165,0,0,-0.06977793393973264
1,smoke,arousal,midpoint_as_high,C1,emg,none,1,7,166,0,0,-0.02309348141428602
1,smoke,arousal,midpoint_as_high,C1,emg,none,1,7,167,0,0,-0.06011686865956034
1,smoke,arousal,midpoint_as_high,C1,emg,none,1,7,168,0,0,-0.10664293746249598
1,smoke,arousal,midpoint_as_high,C1,emg,none,1,7,169,0,1,0.08911287615508867
1,smoke,arousal,midpoint_as_high,C1,emg,none,1,7,170,0,0,-0.10665268468536471
1,smoke,arousal,midpoint_as_high,C1,emg,none,1,7,171,1,0,-0.018396369343873564
1,smoke,arousal,midpoint_as_high,C1,emg,none,1,7,172,0,0,-0.032768240297415985
1,smoke,arousal,midpoint_as_high,C1,emg,none,1,7,173,0,0,-0.05041726443845662
1,smoke,arousal,midpoint_as_high,C1,emg,none,1,7,174,0,0,-0.05027267206314945
1,smoke,arousal,midpoint_as_high,C1,emg,none,1,7,175,0,0,-0.005588623592269526
1,smoke,arousal,midpoint_as_high,C1,emg,none,1,7,176,0,0,-0.07227982311954362
1,smoke,arousal,midpoint_as_high,C1,emg,none,1,7,177,0,1,0.0242549449972963
1,smoke,arousal,midpoint_as_high,C1,emg,none,1,7,178,0,1,0.026100962571753095
1,smoke,arousal,midpoint_as_high,C1,emg,none,1,7,179,0,0,-0.07604752202788811
1,smoke,arousal,midpoint_as_high,C1,emg,none,1,7,180,0,0,-0.03648299459326987
1,smoke,arousal,midpoint_as_high,C1,emg,none,1,7,181,0,0,-0.034501962548133536
1,smoke,arousal,midpoint_as_high,C1,emg,none,1,7,182,0,0,-0.028464574123009734
1,smoke,arousal,midpoint_as_high,C1,emg,none,1,7,183,0,0,-0.04501396384689316
1,smoke,arousal,midpoint_as_high,C1,emg,none,1,7,184,0,0,-0.04480000195256406
1,smoke,arousal,midpoint_as_high,C1,emg,none,1,7,185,0,0,-0.0421648152452041
1,smoke,arousal,midpoint_as_high,C1,emg,none,1,7,186,0,0,-0.04453422976787336
1,smoke,arousal,midpoint_as_high,C1,emg,none,1,7,187,0,1,0.07077013352215344
1,smoke,arousal,midpoint_as_high,C1,emg,none,1,7,188,0,0,-0.08457015044766203
1,smoke,arousal,midpoint_as_high,C1,emg,none,1,7,189,0,0,-0.07015472191478322
1,smoke,arousal,midpoint_as_high,C1,emg,none,1,7,190,0,0,-0.02668057377449795
1,smoke,arousal,midpoint_as_high,C1,emg,none,1,7,191,0,0,-0.07959031103529224
1,smoke,arousal,midpoint_as_high,C1,emg,none,1,18,512,1,0,-0.30987258724524425
1,smoke,arousal,midpoint_as_high,C1,emg,none,1,18,513,1,0,-0.20738810858356438
1,smoke,arousal,midpoint_as_high,C1,emg,none,1,18,514,1,0,-0.10548284623632143
1,smoke,arousal,midpoint_as_high,C1,emg,none,1,18,515,0,0,-0.08688303619782056
1,smoke,arousal,midpoint_as_high,C1,emg,none,1,18,516,1,0,-0.12657461616790577
1,smoke,arousal,midpoint_as_high,C1,emg,none,1,18,517,0,0,-0.16298669198265314
1,smoke,arousal,midpoint_as_high,C1,emg,none,1,18,518,0,0,-0.16988997345174162
1,smoke,arousal,midpoint_as_high,C1,emg,none,1,18,519,0,0,-0.18154682845698267
1,smoke,arousal,midpoint_as_high,C1,emg,none,1,18,520,1,1,0.041440015821593845
1,smoke,arousal,midpoint_as_high,C1,emg,none,1,18,521,1,0,-0.19545633101506588
1,smoke,arousal,midpoint_as_high,C1,emg,none,1,18,522,1,0,-0.09516560889868309
1,smoke,arousal,midpoint_as_high,C1,emg,none,1,18,523,0,0,-0.2251842794618928
1,smoke,arousal,midpoint_as_high,C1,emg,none,1,18,524,0,0,-0.10005796453446547
1,smoke,arousal,midpoint_as_high,C1,emg,none,1,18,525,1,0,-0.16559001881774682
1,smoke,arousal,midpoint_as_high,C1,emg,none,1,18,526,1,0,-0.08588532520111147
1,smoke,arousal,midpoint_as_high,C1,emg,none,1,18,527,0,0,-0.06921861520845896
1,smoke,arousal,midpoint_as_high,C1,emg,none,1,18,528,1,0,-0.14555695486668274
1,smoke,arousal,midpoint_as_high,C1,emg,none,1,18,529,0,0,-0.12661422584290005
1,smoke,arousal,midpoint_as_high,C1,emg,none,1,18,530,0,0,-0.1904831351825953
1,smoke,arousal,midpoint_as_high,C1,emg,none,1,18,531,0,0,-0.16877776516964504
1,smoke,arousal,midpoint_as_high,C1,emg,none,1,18,532,1,0,-0.15160775691032902
1,smoke,arousal,midpoint_as_high,C1,emg,none,1,18,533,0,0,-0.10535976948256509
1,smoke,arousal,midpoint_as_high,C1,emg,none,1,18,534,0,0,-0.19385412768178545
1,smoke,arousal,midpoint_as_high,C1,emg,none,1,18,535,1,0,-0.16404625952466123
1,smoke,arousal,midpoint_as_high,C1,emg,none,1,18,536,1,0,-0.08575630127415501
1,smoke,arousal,midpoint_as_high,C1,emg,none,1,18,537,1,0,-0.16013557051889948
1,smoke,arousal,midpoint_as_high,C1,emg,none,1,18,538,1,0,-0.11047471688931731
1,smoke,arousal,midpoint_as_high,C1,emg,none,1,18,539,1,0,-0.04748971817607406
1,smoke,arousal,midpoint_as_high,C1,emg,none,1,18,540,0,0,-0.05876538824925304
1,smoke,arousal,midpoint_as_high,C1,emg,none,1,18,541,0,0,-0.21887488804928723
1,smoke,arousal,midpoint_as_high,C1,emg,none,1,18,542,1,0,-0.25426705878561684
1,smoke,arousal,midpoint_as_high,C1,emg,none,1,18,543,1,0,-0.20030507307740786
1,smoke,arousal,midpoint_as_high,C1,emg,none,1,22,640,1,1,0.0354070016000837
1,smoke,arousal,midpoint_as_high,C1,emg,none,1,22,641,1,0,-0.03616797427522056
1,smoke,arousal,midpoint_as_high,C1,emg,none,1,22,642,1,0,-0.11210983241119488
1,smoke,arousal,midpoint_as_high,C1,emg,none,1,22,643,1,0,-0.08252718444500262
1,smoke,arousal,midpoint_as_high,C1,emg,none,1,22,644,1,0,-0.021100620779827217
1,smoke,arousal,midpoint_as_high,C1,emg,none,1,22,645,0,0,-0.09228816281638086
1,smoke,arousal,midpoint_as_high,C1,emg,none,1,22,646,0,1,0.07734619454642566
1,smoke,arousal,midpoint_as_high,C1,emg,none,1,22,647,0,0,-0.10972921799237101
1,smoke,arousal,midpoint_as_high,C1,emg,none,1,22,648,1,0,-0.11559547529695446
1,smoke,arousal,midpoint_as_high,C1,emg,none,1,22,649,1,0,-0.02503551234094037
1,smoke,arousal,midpoint_as_high,C1,emg,none,1,22,650,0,0,-0.050346107173154575
1,smoke,arousal,midpoint_as_high,C1,emg,none,1,22,651,0,0,-0.05676823842952128
1,smoke,arousal,midpoint_as_high,C1,emg,none,1,22,652,0,0,-0.10221034941577345
1,smoke,arousal,midpoint_as_high,C1,emg,none,1,22,653,1,0,-0.1504227016968741
1,smoke,arousal,midpoint_as_high,C1,emg,none,1,22,654,0,0,-0.09708511518949214
1,smoke,arousal,midpoint_as_high,C1,emg,none,1,22,655,0,0,-0.10658866067203177
1,smoke,arousal,midpoint_as_high,C1,emg,none,1,22,656,0,0,-0.022520931501954555
1,smoke,arousal,midpoint_as_high,C1,emg,none,1,22,657,0,0,-0.05798462058808862
1,smoke,arousal,midpoint_as_high,C1,emg,none,1,22,658,0,0,-0.18560923754582515
1,smoke,arousal,midpoint_as_high,C1,emg,none,1,22,659,0,0,-0.10132035051022514
1,smoke,arousal,midpoint_as_high,C1,emg,none,1,22,660,0,0,-0.0659163574512488
1,smoke,arousal,midpoint_as_high,C1,emg,none,1,22,661,0,0,-0.1172545915639226
1,smoke,arousal,midpoint_as_high,C1,emg,none,1,22,662,0,1,0.043039327011275996
1,smoke,arousal,midpoint_as_high,C1,emg,none,1,22,663,0,0,-0.004758835441407205
1,smoke,arousal,midpoint_as_high,C1,emg,none,1,22,664,1,0,-0.0632446661164815
1,smoke,arousal,midpoint_as_high,C1,emg,none,1,22,665,1,0,-0.045399316633857545
1,smoke,arousal,midpoint_as_high,C1,emg,none,1,22,666,0,1,0.026481534245408
1,smoke,arousal,midpoint_as_high,C1,emg,none,1,22,667,0,0,-0.02632514152669896
1,smoke,arousal,midpoint_as_high,C1,emg,none,1,22,668,1,0,-0.14574397477200307
1,smoke,arousal,midpoint_as_high,C1,emg,none,1,22,669,0,0,-0.05524883888432097
1,smoke,arousal,midpoint_as_high,C1,emg,none,1,22,670,1,0,-0.05732928856370012
1,smoke,arousal,midpoint_as_high,C1,emg,none,1,22,671,1,1,0.007256915524362584
1,smoke,arousal,midpoint_as_high,C1,emg,none,1,24,704,1,0,-0.1520975157074692
1,smoke,arousal,midpoint_as_high,C1,emg,none,1,24,705,1,0,-0.14943557888300996
1,smoke,arousal,midpoint_as_high,C1,emg,none,1,24,706,1,0,-0.1345908819079933
1,smoke,arousal,midpoint_as_high,C1,emg,none,1,24,707,0,0,-0.16191311295670485
1,smoke,arousal,midpoint_as_high,C1,emg,none,1,24,708,1,0,-0.1968815362959685
1,smoke,arousal,midpoint_as_high,C1,emg,none,1,24,709,0,0,-0.19432674301471364
1,smoke,arousal,midpoint_as_high,C1,emg,none,1,24,710,0,0,-0.16093762287378022
1,smoke,arousal,midpoint_as_high,C1,emg,none,1,24,711,0,0,-0.17737210991869268
1,smoke,arousal,midpoint_as_high,C1,emg,none,1,24,712,0,0,-0.08418991634744721
1,smoke,arousal,midpoint_as_high,C1,emg,none,1,24,713,1,0,-0.21031000793953514
1,smoke,arousal,midpoint_as_high,C1,emg,none,1,24,714,1,0,-0.18552478114039472
1,smoke,arousal,midpoint_as_high,C1,emg,none,1,24,715,0,0,-0.2322774100619881
1,smoke,arousal,midpoint_as_high,C1,emg,none,1,24,716,0,0,-0.1780035220418651
1,smoke,arousal,midpoint_as_high,C1,emg,none,1,24,717,0,0,-0.1366172799256823
1,smoke,arousal,midpoint_as_high,C1,emg,none,1,24,718,0,0,-0.05485596185157815
1,smoke,arousal,midpoint_as_high,C1,emg,none,1,24,719,0,0,-0.07200543265488801
1,smoke,arousal,midpoint_as_high,C1,emg,none,1,24,720,0,0,-0.08080838184232642
1,smoke,arousal,midpoint_as_high,C1,emg,none,1,24,721,0,0,-0.10607974332564607
1,smoke,arousal,midpoint_as_high,C1,emg,none,1,24,722,0,0,-0.057718163715314685
1,smoke,arousal,midpoint_as_high,C1,emg,none,1,24,723,0,0,-0.11579259351946714
1,smoke,arousal,midpoint_as_high,C1,emg,none,1,24,724,1,0,-0.08003994591334151
1,smoke,arousal,midpoint_as_high,C1,emg,none,1,24,725,0,0,-0.14049447365004986
1,smoke,arousal,midpoint_as_high,C1,emg,none,1,24,726,0,0,-0.110258941285994
1,smoke,arousal,midpoint_as_high,C1,emg,none,1,24,727,0,0,-0.15045122594177884
1,smoke,arousal,midpoint_as_high,C1,emg,none,1,24,728,0,0,-0.15836983591758147
1,smoke,arousal,midpoint_as_high,C1,emg,none,1,24,729,1,0,-0.05994077184420732
1,smoke,arousal,midpoint_as_high,C1,emg,none,1,24,730,1,0,-0.2078753274787567
1,smoke,arousal,midpoint_as_high,C1,emg,none,1,24,731,0,0,-0.2053351916836771
1,smoke,arousal,midpoint_as_high,C1,emg,none,1,24,732,1,0,-0.1465979275368109
1,smoke,arousal,midpoint_as_high,C1,emg,none,1,24,733,0,0,-0.07945446472926754
1,smoke,arousal,midpoint_as_high,C1,emg,none,1,24,734,1,0,-0.04391734395857627
1,smoke,arousal,midpoint_as_high,C1,emg,none,1,24,735,1,0,-0.15348035042592134
1,smoke,arousal,midpoint_as_high,C1,emg,none,1,29,864,1,0,-0.03210235487436741
1,smoke,arousal,midpoint_as_high,C1,emg,none,1,29,865,1,0,-0.12313289154399021
1,smoke,arousal,midpoint_as_high,C1,emg,none,1,29,866,1,0,-0.0058144974569928065
1,smoke,arousal,midpoint_as_high,C1,emg,none,1,29,867,1,1,0.004590753366768285
1,smoke,arousal,midpoint_as_high,C1,emg,none,1,29,868,0,1,0.055248720730483813
1,smoke,arousal,midpoint_as_high,C1,emg,none,1,29,869,0,0,-0.03161855250055701
1,smoke,arousal,midpoint_as_high,C1,emg,none,1,29,870,0,1,0.022704764867343408
1,smoke,arousal,midpoint_as_high,C1,emg,none,1,29,871,0,0,-0.00794742642526125
1,smoke,arousal,midpoint_as_high,C1,emg,none,1,29,872,0,1,0.015804981894284365
1,smoke,arousal,midpoint_as_high,C1,emg,none,1,29,873,1,0,-0.12892794589892764
1,smoke,arousal,midpoint_as_high,C1,emg,none,1,29,874,1,1,0.03830404613414051
1,smoke,arousal,midpoint_as_high,C1,emg,none,1,29,875,0,0,-0.05843626618142683
1,smoke,arousal,midpoint_as_high,C1,emg,none,1,29,876,0,0,-0.0834305751836617
1,smoke,arousal,midpoint_as_high,C1,emg,none,1,29,877,0,0,-0.016306176584027332
1,smoke,arousal,midpoint_as_high,C1,emg,none,1,29,878,1,0,-0.04684287280278954
1,smoke,arousal,midpoint_as_high,C1,emg,none,1,29,879,0,0,-0.02941272131589001
1,smoke,arousal,midpoint_as_high,C1,emg,none,1,29,880,1,0,-0.15607737865993898
1,smoke,arousal,midpoint_as_high,C1,emg,none,1,29,881,0,0,-0.16997252710785327
1,smoke,arousal,midpoint_as_high,C1,emg,none,1,29,882,0,0,-0.13025864056299308
1,smoke,arousal,midpoint_as_high,C1,emg,none,1,29,883,0,0,-0.17424427942798604
1,smoke,arousal,midpoint_as_high,C1,emg,none,1,29,884,0,0,-0.12947225937794915
1,smoke,arousal,midpoint_as_high,C1,emg,none,1,29,885,0,0,-0.09320969736524609
1,smoke,arousal,midpoint_as_high,C1,emg,none,1,29,886,0,0,-0.09191650883029356
1,smoke,arousal,midpoint_as_high,C1,emg,none,1,29,887,0,0,-0.11730098734482908
1,smoke,arousal,midpoint_as_high,C1,emg,none,1,29,888,0,0,-0.13115202655414548
1,smoke,arousal,midpoint_as_high,C1,emg,none,1,29,889,0,0,-0.20504729898180818
1,smoke,arousal,midpoint_as_high,C1,emg,none,1,29,890,1,0,-0.13106905977077654
1,smoke,arousal,midpoint_as_high,C1,emg,none,1,29,891,0,0,-0.09773145331870614
1,smoke,arousal,midpoint_as_high,C1,emg,none,1,29,892,0,0,-0.13459112775246695
1,smoke,arousal,midpoint_as_high,C1,emg,none,1,29,893,0,1,0.12817016582729723
1,smoke,arousal,midpoint_as_high,C1,emg,none,1,29,894,1,0,-0.08325267500133582
1,smoke,arousal,midpoint_as_high,C1,emg,none,1,29,895,1,1,0.18028978890199332
1,smoke,arousal,midpoint_as_high,C1,emg,none,1,31,928,1,0,-0.11706285446287856
1,smoke,arousal,midpoint_as_high,C1,emg,none,1,31,929,1,0,-0.19304662170588505
1,smoke,arousal,midpoint_as_high,C1,emg,none,1,31,930,1,0,-0.12709066767144306
1,smoke,arousal,midpoint_as_high,C1,emg,none,1,31,931,0,0,-0.12832064174717162
1,smoke,arousal,midpoint_as_high,C1,emg,none,1,31,932,1,0,-0.10361973829016435
1,smoke,arousal,midpoint_as_high,C1,emg,none,1,31,933,0,0,-0.1496068977633921
1,smoke,arousal,midpoint_as_high,C1,emg,none,1,31,934,1,0,-0.1276172343766374
1,smoke,arousal,midpoint_as_high,C1,emg,none,1,31,935,1,0,-0.12218830539945036
1,smoke,arousal,midpoint_as_high,C1,emg,none,1,31,936,1,0,-0.12934987785574947
1,smoke,arousal,midpoint_as_high,C1,emg,none,1,31,937,1,0,-0.07207063562439464
1,smoke,arousal,midpoint_as_high,C1,emg,none,1,31,938,1,0,-0.0364041558631506
1,smoke,arousal,midpoint_as_high,C1,emg,none,1,31,939,0,0,-0.18284965362069383
1,smoke,arousal,midpoint_as_high,C1,emg,none,1,31,940,0,0,-0.022090491161907755
1,smoke,arousal,midpoint_as_high,C1,emg,none,1,31,941,0,0,-0.09540961129169656
1,smoke,arousal,midpoint_as_high,C1,emg,none,1,31,942,0,0,-0.09160628814918903
1,smoke,arousal,midpoint_as_high,C1,emg,none,1,31,943,0,1,0.12160273771336227
1,smoke,arousal,midpoint_as_high,C1,emg,none,1,31,944,1,0,-0.07179006305937052
1,smoke,arousal,midpoint_as_high,C1,emg,none,1,31,945,0,0,-0.11017239742325291
1,smoke,arousal,midpoint_as_high,C1,emg,none,1,31,946,0,0,-0.12043566128386407
1,smoke,arousal,midpoint_as_high,C1,emg,none,1,31,947,0,0,-0.0667503109783193
1,smoke,arousal,midpoint_as_high,C1,emg,none,1,31,948,1,0,-0.11206693145634294
1,smoke,arousal,midpoint_as_high,C1,emg,none,1,31,949,0,0,-0.09640184791039197
1,smoke,arousal,midpoint_as_high,C1,emg,none,1,31,950,1,0,-0.13728187829469563
1,smoke,arousal,midpoint_as_high,C1,emg,none,1,31,951,1,0,-0.04062798290608616
1,smoke,arousal,midpoint_as_high,C1,emg,none,1,31,952,0,0,-0.1422718144316354
1,smoke,arousal,midpoint_as_high,C1,emg,none,1,31,953,1,0,-0.0424753884616349
1,smoke,arousal,midpoint_as_high,C1,emg,none,1,31,954,1,0,-0.11548782400087809
1,smoke,arousal,midpoint_as_high,C1,emg,none,1,31,955,1,0,-0.09039765376043385
1,smoke,arousal,midpoint_as_high,C1,emg,none,1,31,956,0,0,-0.06459041405400512
1,smoke,arousal,midpoint_as_high,C1,emg,none,1,31,957,0,0,-0.10606079931657808
1,smoke,arousal,midpoint_as_high,C1,emg,none,1,31,958,1,0,-0.0852058458752939
1,smoke,arousal,midpoint_as_high,C1,emg,none,1,31,959,1,0,-0.02818265030414735
1,smoke,arousal,midpoint_as_high,C1,emg,none,1,32,960,1,1,0.26707024608882113
1,smoke,arousal,midpoint_as_high,C1,emg,none,1,32,961,1,1,0.12831988703746633
1,smoke,arousal,midpoint_as_high,C1,emg,none,1,32,962,1,0,-0.22485190400376298
1,smoke,arousal,midpoint_as_high,C1,emg,none,1,32,963,0,0,-0.10241011523856025
1,smoke,arousal,midpoint_as_high,C1,emg,none,1,32,964,1,0,-0.18377727531342958
1,smoke,arousal,midpoint_as_high,C1,emg,none,1,32,965,0,0,-0.21662761248206108
1,smoke,arousal,midpoint_as_high,C1,emg,none,1,32,966,0,0,-0.12928399033429383
1,smoke,arousal,midpoint_as_high,C1,emg,none,1,32,967,1,0,-0.07823713450533731
1,smoke,arousal,midpoint_as_high,C1,emg,none,1,32,968,1,0,-0.15148500764967077
1,smoke,arousal,midpoint_as_high,C1,emg,none,1,32,969,1,0,-0.15251759833793566
1,smoke,arousal,midpoint_as_high,C1,emg,none,1,32,970,0,1,0.5536732555257476
1,smoke,arousal,midpoint_as_high,C1,emg,none,1,32,971,0,1,0.02344261940109338
1,smoke,arousal,midpoint_as_high,C1,emg,none,1,32,972,0,0,-0.10125292400422403
1,smoke,arousal,midpoint_as_high,C1,emg,none,1,32,973,0,1,0.06686967327420901
1,smoke,arousal,midpoint_as_high,C1,emg,none,1,32,974,0,0,-0.22990772436931983
1,smoke,arousal,midpoint_as_high,C1,emg,none,1,32,975,0,0,-0.17063203461034138
1,smoke,arousal,midpoint_as_high,C1,emg,none,1,32,976,1,0,-0.12374291984932084
1,smoke,arousal,midpoint_as_high,C1,emg,none,1,32,977,0,1,0.025699040643833437
1,smoke,arousal,midpoint_as_high,C1,emg,none,1,32,978,0,1,0.16643261655903363
1,smoke,arousal,midpoint_as_high,C1,emg,none,1,32,979,0,0,-0.17923029894929265
1,smoke,arousal,midpoint_as_high,C1,emg,none,1,32,980,0,0,-0.15763179811386663
1,smoke,arousal,midpoint_as_high,C1,emg,none,1,32,981,1,0,-0.08900146553475907
1,smoke,arousal,midpoint_as_high,C1,emg,none,1,32,982,0,0,-0.00915153255875667
1,smoke,arousal,midpoint_as_high,C1,emg,none,1,32,983,0,1,0.09272932232479547
1,smoke,arousal,midpoint_as_high,C1,emg,none,1,32,984,0,1,0.13502113256727621
1,smoke,arousal,midpoint_as_high,C1,emg,none,1,32,985,1,0,-0.17364289297541224
1,smoke,arousal,midpoint_as_high,C1,emg,none,1,32,986,1,0,-0.13502444520656243
1,smoke,arousal,midpoint_as_high,C1,emg,none,1,32,987,0,0,-0.08792265050170633
1,smoke,arousal,midpoint_as_high,C1,emg,none,1,32,988,1,0,-0.11501205181348262
1,smoke,arousal,midpoint_as_high,C1,emg,none,1,32,989,0,0,-0.11120514306203144
1,smoke,arousal,midpoint_as_high,C1,emg,none,1,32,990,1,1,0.20470238923242923
1,smoke,arousal,midpoint_as_high,C1,emg,none,1,32,991,1,0,-0.11847300419392548
1,smoke,arousal,midpoint_as_high,C1,emg,none,1,34,1024,1,0,-0.10351014413512383
1,smoke,arousal,midpoint_as_high,C1,emg,none,1,34,1025,1,0,-0.020230064765310973
1,smoke,arousal,midpoint_as_high,C1,emg,none,1,34,1026,1,0,-0.028973860164978382
1,smoke,arousal,midpoint_as_high,C1,emg,none,1,34,1027,0,0,-0.0933491071106175
1,smoke,arousal,midpoint_as_high,C1,emg,none,1,34,1028,1,0,-0.1988895915464024
1,smoke,arousal,midpoint_as_high,C1,emg,none,1,34,1029,0,0,-0.121615222400688
1,smoke,arousal,midpoint_as_high,C1,emg,none,1,34,1030,1,0,-0.19256826651369352
1,smoke,arousal,midpoint_as_high,C1,emg,none,1,34,1031,0,0,-0.07563377137748628
1,smoke,arousal,midpoint_as_high,C1,emg,none,1,34,1032,0,0,-0.061328195567474264
1,smoke,arousal,midpoint_as_high,C1,emg,none,1,34,1033,0,0,-0.05145750394484028
1,smoke,arousal,midpoint_as_high,C1,emg,none,1,34,1034,1,0,-0.03434450668752331
1,smoke,arousal,midpoint_as_high,C1,emg,none,1,34,1035,0,0,-0.11568715465472212
1,smoke,arousal,midpoint_as_high,C1,emg,none,1,34,1036,1,0,-0.04619418714257184
1,smoke,arousal,midpoint_as_high,C1,emg,none,1,34,1037,0,0,-0.10735998742766595
1,smoke,arousal,midpoint_as_high,C1,emg,none,1,34,1038,0,0,-0.02915194984761349
1,smoke,arousal,midpoint_as_high,C1,emg,none,1,34,1039,0,0,-0.14026028183804895
1,smoke,arousal,midpoint_as_high,C1,emg,none,1,34,1040,1,1,0.06072581045052072
1,smoke,arousal,midpoint_as_high,C1,emg,none,1,34,1041,0,0,-0.10669716448766642
1,smoke,arousal,midpoint_as_high,C1,emg,none,1,34,1042,0,0,-0.08746254620160665
1,smoke,arousal,midpoint_as_high,C1,emg,none,1,34,1043,0,0,-0.05898992331061004
1,smoke,arousal,midpoint_as_high,C1,emg,none,1,34,1044,0,1,0.06231668205922081
1,smoke,arousal,midpoint_as_high,C1,emg,none,1,34,1045,0,1,0.016407002695555506
1,smoke,arousal,midpoint_as_high,C1,emg,none,1,34,1046,0,1,0.27505501709162183
1,smoke,arousal,midpoint_as_high,C1,emg,none,1,34,1047,0,0,-0.7059837665145294
1,smoke,arousal,midpoint_as_high,C1,emg,none,1,34,1048,0,0,-0.7226782998084136
1,smoke,arousal,midpoint_as_high,C1,emg,none,1,34,1049,1,1,0.033785835133400055
1,smoke,arousal,midpoint_as_high,C1,emg,none,1,34,1050,0,0,-0.06036612792807017
1,smoke,arousal,midpoint_as_high,C1,emg,none,1,34,1051,0,0,-0.1438017639461593
1,smoke,arousal,midpoint_as_high,C1,emg,none,1,34,1052,1,0,-0.15271921759967744
1,smoke,arousal,midpoint_as_high,C1,emg,none,1,34,1053,0,0,-0.14904831097814053
1,smoke,arousal,midpoint_as_high,C1,emg,none,1,34,1054,1,0,-0.0490861177580556
1,smoke,arousal,midpoint_as_high,C1,emg,none,1,34,1055,1,0,-0.11388645949910126
1,smoke,arousal,midpoint_as_high,C1,emg,none,1,42,1280,1,0,-0.0023556942913660617
1,smoke,arousal,midpoint_as_high,C1,emg,none,1,42,1281,1,1,0.17225573232372116
1,smoke,arousal,midpoint_as_high,C1,emg,none,1,42,1282,1,1,0.1059958129825832
1,smoke,arousal,midpoint_as_high,C1,emg,none,1,42,1283,0,1,0.29511163409293417
1,smoke,arousal,midpoint_as_high,C1,emg,none,1,42,1284,1,1,0.037485010370389094
1,smoke,arousal,midpoint_as_high,C1,emg,none,1,42,1285,0,0,-0.03560937696946476
1,smoke,arousal,midpoint_as_high,C1,emg,none,1,42,1286,1,0,-0.18051892695185312
1,smoke,arousal,midpoint_as_high,C1,emg,none,1,42,1287,0,0,-0.0011748436332912338
1,smoke,arousal,midpoint_as_high,C1,emg,none,1,42,1288,1,0,-0.09085845034941509
1,smoke,arousal,midpoint_as_high,C1,emg,none,1,42,1289,1,0,-0.053500652379097846
1,smoke,arousal,midpoint_as_high,C1,emg,none,1,42,1290,1,1,0.01606579433228894
1,smoke,arousal,midpoint_as_high,C1,emg,none,1,42,1291,1,0,-0.0658668590779895
1,smoke,arousal,midpoint_as_high,C1,emg,none,1,42,1292,1,0,-0.20908930219346045
1,smoke,arousal,midpoint_as_high,C1,emg,none,1,42,1293,0,1,0.057283090026856276
1,smoke,arousal,midpoint_as_high,C1,emg,none,1,42,1294,1,0,-0.08681053021208751
1,smoke,arousal,midpoint_as_high,C1,emg,none,1,42,1295,1,1,0.025894949953502944
1,smoke,arousal,midpoint_as_high,C1,emg,none,1,42,1296,1,1,0.10339522581381566
1,smoke,arousal,midpoint_as_high,C1,emg,none,1,42,1297,1,0,-0.02236425643516171
1,smoke,arousal,midpoint_as_high,C1,emg,none,1,42,1298,1,0,-0.04267123673108353
1,smoke,arousal,midpoint_as_high,C1,emg,none,1,42,1299,1,0,-0.099970216415044
1,smoke,arousal,midpoint_as_high,C1,emg,none,1,42,1300,1,0,-0.00968204937792494
1,smoke,arousal,midpoint_as_high,C1,emg,none,1,42,1301,0,0,-0.03396439531370077
1,smoke,arousal,midpoint_as_high,C1,emg,none,1,42,1302,1,0,-0.024173091025428195
1,smoke,arousal,midpoint_as_high,C1,emg,none,1,42,1303,1,1,0.08520695390954314
1,smoke,arousal,midpoint_as_high,C1,emg,none,1,42,1304,0,0,-0.0061157665645810155
1,smoke,arousal,midpoint_as_high,C1,emg,none,1,42,1305,1,1,0.05940639899600908
1,smoke,arousal,midpoint_as_high,C1,emg,none,1,42,1306,1,1,0.06908033972472982
1,smoke,arousal,midpoint_as_high,C1,emg,none,1,42,1307,1,1,0.11256642486278767
1,smoke,arousal,midpoint_as_high,C1,emg,none,1,42,1308,1,0,-0.07234623529484874
1,smoke,arousal,midpoint_as_high,C1,emg,none,1,42,1309,0,0,-0.03468069608472846
1,smoke,arousal,midpoint_as_high,C1,emg,none,1,42,1310,1,0,-0.0035181482089787774
1,smoke,arousal,midpoint_as_high,C1,emg,none,1,42,1311,1,0,-0.0782353167633375
1,smoke,arousal,midpoint_as_high,C1,emg,none,1,55,1664,1,0,-0.01139289770579599
1,smoke,arousal,midpoint_as_high,C1,emg,none,1,55,1665,1,0,-0.007536690297738957
1,smoke,arousal,midpoint_as_high,C1,emg,none,1,55,1666,0,1,8.138123045875467e-05
1,smoke,arousal,midpoint_as_high,C1,emg,none,1,55,1667,0,1,0.09100918932413837
1,smoke,arousal,midpoint_as_high,C1,emg,none,1,55,1668,0,1,0.014096647351865221
1,smoke,arousal,midpoint_as_high,C1,emg,none,1,55,1669,0,0,-0.15476327956021962
1,smoke,arousal,midpoint_as_high,C1,emg,none,1,55,1670,0,1,0.06905559414239215
1,smoke,arousal,midpoint_as_high,C1,emg,none,1,55,1671,0,1,0.16078491210576396
1,smoke,arousal,midpoint_as_high,C1,emg,none,1,55,1672,0,1,0.12238006035681981
1,smoke,arousal,midpoint_as_high,C1,emg,none,1,55,1673,0,1,0.1179366015888964
1,smoke,arousal,midpoint_as_high,C1,emg,none,1,55,1674,0,0,-0.006797423219168874
1,smoke,arousal,midpoint_as_high,C1,emg,none,1,55,1675,0,0,-0.0303482492196534
1,smoke,arousal,midpoint_as_high,C1,emg,none,1,55,1676,0,1,0.017605384788981104
1,smoke,arousal,midpoint_as_high,C1,emg,none,1,55,1677,0,1,0.12155542680802756
1,smoke,arousal,midpoint_as_high,C1,emg,none,1,55,1678,0,1,0.041481386788286945
1,smoke,arousal,midpoint_as_high,C1,emg,none,1,55,1679,0,1,0.12512700172216895
1,smoke,arousal,midpoint_as_high,C1,emg,none,1,55,1680,0,0,-0.09924501216507764
1,smoke,arousal,midpoint_as_high,C1,emg,none,1,55,1681,0,1,0.006595591837989079
1,smoke,arousal,midpoint_as_high,C1,emg,none,1,55,1682,0,1,0.008839235993351013
1,smoke,arousal,midpoint_as_high,C1,emg,none,1,55,1683,0,1,0.10804610798654524
1,smoke,arousal,midpoint_as_high,C1,emg,none,1,55,1684,0,0,-0.036363254457546956
1,smoke,arousal,midpoint_as_high,C1,emg,none,1,55,1685,0,1,0.02642390181636911
1,smoke,arousal,midpoint_as_high,C1,emg,none,1,55,1686,0,1,0.04252955233116429
1,smoke,arousal,midpoint_as_high,C1,emg,none,1,55,1687,0,1,0.04192616714187103
1,smoke,arousal,midpoint_as_high,C1,emg,none,1,55,1688,0,0,-0.058028955480097455
1,smoke,arousal,midpoint_as_high,C1,emg,none,1,55,1689,0,0,-0.0527418209966275
1,smoke,arousal,midpoint_as_high,C1,emg,none,1,55,1690,0,0,-0.0028372655302904004
1,smoke,arousal,midpoint_as_high,C1,emg,none,1,55,1691,0,0,-0.023748651129653964
1,smoke,arousal,midpoint_as_high,C1,emg,none,1,55,1692,0,0,-0.07233429773734235
1,smoke,arousal,midpoint_as_high,C1,emg,none,1,55,1693,0,1,0.03674853111651133
1,smoke,arousal,midpoint_as_high,C1,emg,none,1,55,1694,1,0,-0.009157235698249888
1,smoke,arousal,midpoint_as_high,C1,emg,none,1,55,1695,0,1,0.02766925938129272
1,smoke,arousal,midpoint_as_high,C1,emg,none,1,60,1824,1,0,-0.05911688563075845
1,smoke,arousal,midpoint_as_high,C1,emg,none,1,60,1825,1,1,0.08930246169638278
1,smoke,arousal,midpoint_as_high,C1,emg,none,1,60,1826,1,0,-0.0498061650679672
1,smoke,arousal,midpoint_as_high,C1,emg,none,1,60,1827,0,0,-0.08943311690671585
1,smoke,arousal,midpoint_as_high,C1,emg,none,1,60,1828,1,1,0.07676679465954417
1,smoke,arousal,midpoint_as_high,C1,emg,none,1,60,1829,0,0,-0.13333362744692467
1,smoke,arousal,midpoint_as_high,C1,emg,none,1,60,1830,1,0,-0.1434277157899122
1,smoke,arousal,midpoint_as_high,C1,emg,none,1,60,1831,1,0,-0.01666719379812187
1,smoke,arousal,midpoint_as_high,C1,emg,none,1,60,1832,1,0,-0.13815844100334984
1,smoke,arousal,midpoint_as_high,C1,emg,none,1,60,1833,1,0,-0.09845182277284281
1,smoke,arousal,midpoint_as_high,C1,emg,none,1,60,1834,1,1,0.6817835164763385
1,smoke,arousal,midpoint_as_high,C1,emg,none,1,60,1835,0,0,-0.03947940046957954
1,smoke,arousal,midpoint_as_high,C1,emg,none,1,60,1836,1,0,-0.06444224555797795
1,smoke,arousal,midpoint_as_high,C1,emg,none,1,60,1837,1,1,0.15429755501541698
1,smoke,arousal,midpoint_as_high,C1,emg,none,1,60,1838,1,1,0.1848090023720993
1,smoke,arousal,midpoint_as_high,C1,emg,none,1,60,1839,0,1,0.1289713974916208
1,smoke,arousal,midpoint_as_high,C1,emg,none,1,60,1840,1,1,0.07805308948497014
1,smoke,arousal,midpoint_as_high,C1,emg,none,1,60,1841,0,0,-0.022443206471082333
1,smoke,arousal,midpoint_as_high,C1,emg,none,1,60,1842,0,0,-0.019555783340966637
1,smoke,arousal,midpoint_as_high,C1,emg,none,1,60,1843,0,0,-0.021642710461696857
1,smoke,arousal,midpoint_as_high,C1,emg,none,1,60,1844,1,0,-0.16983982834809863
1,smoke,arousal,midpoint_as_high,C1,emg,none,1,60,1845,0,0,-0.017204746470918075
1,smoke,arousal,midpoint_as_high,C1,emg,none,1,60,1846,0,0,-0.11802334591463148
1,smoke,arousal,midpoint_as_high,C1,emg,none,1,60,1847,1,0,-0.1287000762171049
1,smoke,arousal,midpoint_as_high,C1,emg,none,1,60,1848,0,0,-0.09002705223023966
1,smoke,arousal,midpoint_as_high,C1,emg,none,1,60,1849,1,0,-0.11508853574651945
1,smoke,arousal,midpoint_as_high,C1,emg,none,1,60,1850,1,0,-0.13596930488960823
1,smoke,arousal,midpoint_as_high,C1,emg,none,1,60,1851,0,0,-0.20723343994793608
1,smoke,arousal,midpoint_as_high,C1,emg,none,1,60,1852,1,0,-0.20370553218756604
1,smoke,arousal,midpoint_as_high,C1,emg,none,1,60,1853,0,0,-0.08608224922627039
1,smoke,arousal,midpoint_as_high,C1,emg,none,1,60,1854,1,0,-0.08942755201058217
1,smoke,arousal,midpoint_as_high,C1,emg,none,1,60,1855,1,0,-0.1404389079798095
2,smoke,arousal,midpoint_as_high,C2,emg,per_subject_zscore,1,7,160,0,1,0.28635665436263263
2,smoke,arousal,midpoint_as_high,C2,emg,per_subject_zscore,1,7,161,1,0,-0.027298368441984425
2,smoke,arousal,midpoint_as_high,C2,emg,per_subject_zscore,1,7,162,1,0,-0.48726899199557816
2,smoke,arousal,midpoint_as_high,C2,emg,per_subject_zscore,1,7,163,1,1,0.11558816643930142
2,smoke,arousal,midpoint_as_high,C2,emg,per_subject_zscore,1,7,164,0,1,0.3736979991526992
2,smoke,arousal,midpoint_as_high,C2,emg,per_subject_zscore,1,7,165,0,0,-0.1928878365146321
2,smoke,arousal,midpoint_as_high,C2,emg,per_subject_zscore,1,7,166,0,0,-0.2963103338376553
2,smoke,arousal,midpoint_as_high,C2,emg,per_subject_zscore,1,7,167,0,0,-0.1759549751164569
2,smoke,arousal,midpoint_as_high,C2,emg,per_subject_zscore,1,7,168,0,0,-0.16485220262790162
2,smoke,arousal,midpoint_as_high,C2,emg,per_subject_zscore,1,7,169,0,1,0.1799952146868231
2,smoke,arousal,midpoint_as_high,C2,emg,per_subject_zscore,1,7,170,0,0,-0.16286382011298994
2,smoke,arousal,midpoint_as_high,C2,emg,per_subject_zscore,1,7,171,1,1,0.05848052851142835
2,smoke,arousal,midpoint_as_high,C2,emg,per_subject_zscore,1,7,172,0,1,0.1754060814146025
2,smoke,arousal,midpoint_as_high,C2,emg,per_subject_zscore,1,7,173,0,1,0.20624128301025973
2,smoke,arousal,midpoint_as_high,C2,emg,per_subject_zscore,1,7,174,0,1,0.06270022605715203
2,smoke,arousal,midpoint_as_high,C2,emg,per_subject_zscore,1,7,175,0,0,-0.19535024846976778
2,smoke,arousal,midpoint_as_high,C2,emg,per_subject_zscore,1,7,176,0,0,-0.3600669862365738
2,smoke,arousal,midpoint_as_high,C2,emg,per_subject_zscore,1,7,177,0,0,-0.262723356930468
2,smoke,arousal,midpoint_as_high,C2,emg,per_subject_zscore,1,7,178,0,0,-0.1614013862420477
2,smoke,arousal,midpoint_as_high,C2,emg,per_subject_zscore,1,7,179,0,0,-0.1548249250226828
2,smoke,arousal,midpoint_as_high,C2,emg,per_subject_zscore,1,7,180,0,0,-0.24773771910978945
2,smoke,arousal,midpoint_as_high,C2,emg,per_subject_zscore,1,7,181,0,0,-0.24120718943903258
2,smoke,arousal,midpoint_as_high,C2,emg,per_subject_zscore,1,7,182,0,0,-0.31280938889407006
2,smoke,arousal,midpoint_as_high,C2,emg,per_subject_zscore,1,7,183,0,0,-0.1489516540511456
2,smoke,arousal,midpoint_as_high,C2,emg,per_subject_zscore,1,7,184,0,0,-0.17884575576635928
2,smoke,arousal,midpoint_as_high,C2,emg,per_subject_zscore,1,7,185,0,0,-0.17830882665769587
2,smoke,arousal,midpoint_as_high,C2,emg,per_subject_zscore,1,7,186,0,0,-0.18497632735884606
2,smoke,arousal,midpoint_as_high,C2,emg,per_subject_zscore,1,7,187,0,0,-0.023094166320807602
2,smoke,arousal,midpoint_as_high,C2,emg,per_subject_zscore,1,7,188,0,0,-0.2886315278068826
2,smoke,arousal,midpoint_as_high,C2,emg,per_subject_zscore,1,7,189,0,1,0.041451854356732654
2,smoke,arousal,midpoint_as_high,C2,emg,per_subject_zscore,1,7,190,0,0,-0.15789972804614222
2,smoke,arousal,midpoint_as_high,C2,emg,per_subject_zscore,1,7,191,0,1,0.10434770700787813
2,smoke,arousal,midpoint_as_high,C2,emg,per_subject_zscore,1,18,512,1,0,-0.04633637876371595
2,smoke,arousal,midpoint_as_high,C2,emg,per_subject_zscore,1,18,513,1,0,-0.042123569333857136
2,smoke,arousal,midpoint_as_high,C2,emg,per_subject_zscore,1,18,514,1,1,1.1348100127234195e-06
2,smoke,arousal,midpoint_as_high,C2,emg,per_subject_zscore,1,18,515,0,0,-0.0603237368636303
2,smoke,arousal,midpoint_as_high,C2,emg,per_subject_zscore,1,18,516,1,1,0.09487417811498003
2,smoke,arousal,midpoint_as_high,C2,emg,per_subject_zscore,1,18,517,0,0,-0.08565964886317134
2,smoke,arousal,midpoint_as_high,C2,emg,per_subject_zscore,1,18,518,0,0,-0.12383090088549062
2,smoke,arousal,midpoint_as_high,C2,emg,per_subject_zscore,1,18,519,0,0,-0.06772488482472151
2,smoke,arousal,midpoint_as_high,C2,emg,per_subject_zscore,1,18,520,1,0,-0.24957281654338198
2,smoke,arousal,midpoint_as_high,C2,emg,per_subject_zscore,1,18,521,1,0,-0.11788827172726228
2,smoke,arousal,midpoint_as_high,C2,emg,per_subject_zscore,1,18,522,1,0,-0.04854751605112328
2,smoke,arousal,midpoint_as_high,C2,emg,per_subject_zscore,1,18,523,0,0,-0.14220254803466895
2,smoke,arousal,midpoint_as_high,C2,emg,per_subject_zscore,1,18,524,0,0,-0.1405365345049463
2,smoke,arousal,midpoint_as_high,C2,emg,per_subject_zscore,1,18,525,1,0,-0.16837931001092618
2,smoke,arousal,midpoint_as_high,C2,emg,per_subject_zscore,1,18,526,1,0,-0.11434464158600081
2,smoke,arousal,midpoint_as_high,C2,emg,per_subject_zscore,1,18,527,0,0,-0.21092364778944106
2,smoke,arousal,midpoint_as_high,C2,emg,per_subject_zscore,1,18,528,1,1,0.001005905077243907
2,smoke,arousal,midpoint_as_high,C2,emg,per_subject_zscore,1,18,529,0,0,-0.12343053014976504
2,smoke,arousal,midpoint_as_high,C2,emg,per_subject_zscore,1,18,530,0,0,-0.1407600010711623
2,smoke,arousal,midpoint_as_high,C2,emg,per_subject_zscore,1,18,531,0,0,-0.15116832949000888
2,smoke,arousal,midpoint_as_high,C2,emg,per_subject_zscore,1,18,532,1,0,-0.009898233853094268
2,smoke,arousal,midpoint_as_high,C2,emg,per_subject_zscore,1,18,533,0,0,-0.06622715314312451
2,smoke,arousal,midpoint_as_high,C2,emg,per_subject_zscore,1,18,534,0,0,-0.1517564130201069
2,smoke,arousal,midpoint_as_high,C2,emg,per_subject_zscore,1,18,535,1,0,-0.13765568790495397
2,smoke,arousal,midpoint_as_high,C2,emg,per_subject_zscore,1,18,536,1,0,-0.06265184672737126
2,smoke,arousal,midpoint_as_high,C2,emg,per_subject_zscore,1,18,537,1,0,-0.008700963411960125
2,smoke,arousal,midpoint_as_high,C2,emg,per_subject_zscore,1,18,538,1,0,-0.0989767386641196
2,smoke,arousal,midpoint_as_high,C2,emg,per_subject_zscore,1,18,539,1,0,-0.10238348595152807
2,smoke,arousal,midpoint_as_high,C2,emg,per_subject_zscore,1,18,540,0,0,-0.06076617969974757
2,smoke,arousal,midpoint_as_high,C2,emg,per_subject_zscore,1,18,541,0,0,-0.09920398329241611
2,smoke,arousal,midpoint_as_high,C2,emg,per_subject_zscore,1,18,542,1,0,-0.1551641921128898
2,smoke,arousal,midpoint_as_high,C2,emg,per_subject_zscore,1,18,543,1,0,-0.10874307372765046
2,smoke,arousal,midpoint_as_high,C2,emg,per_subject_zscore,1,22,640,1,0,-0.05888401976515395
2,smoke,arousal,midpoint_as_high,C2,emg,per_subject_zscore,1,22,641,1,0,-0.08089866345636701
2,smoke,arousal,midpoint_as_high,C2,emg,per_subject_zscore,1,22,642,1,0,-0.08877512928871048
2,smoke,arousal,midpoint_as_high,C2,emg,per_subject_zscore,1,22,643,1,0,-0.1132753268859612
2,smoke,arousal,midpoint_as_high,C2,emg,per_subject_zscore,1,22,644,1,0,-0.16322034859334655
2,smoke,arousal,midpoint_as_high,C2,emg,per_subject_zscore,1,22,645,0,0,-0.12656973020410683
2,smoke,arousal,midpoint_as_high,C2,emg,per_subject_zscore,1,22,646,0,0,-0.0024769396984401226
2,smoke,arousal,midpoint_as_high,C2,emg,per_subject_zscore,1,22,647,0,0,-0.12971599763588446
2,smoke,arousal,midpoint_as_high,C2,emg,per_subject_zscore,1,22,648,1,0,-0.28381591088891756
2,smoke,arousal,midpoint_as_high,C2,emg,per_subject_zscore,1,22,649,1,0,-0.08470197675549261
2,smoke,arousal,midpoint_as_high,C2,emg,per_subject_zscore,1,22,650,0,0,-0.06946868836239667
2,smoke,arousal,midpoint_as_high,C2,emg,per_subject_zscore,1,22,651,0,0,-0.18695343481023502
2,smoke,arousal,midpoint_as_high,C2,emg,per_subject_zscore,1,22,652,0,0,-0.17204849322199428
2,smoke,arousal,midpoint_as_high,C2,emg,per_subject_zscore,1,22,653,1,0,-0.2132301983396847
2,smoke,arousal,midpoint_as_high,C2,emg,per_subject_zscore,1,22,654,0,0,-0.006071611066657948
2,smoke,arousal,midpoint_as_high,C2,emg,per_subject_zscore,1,22,655,0,1,0.03884000890295297
2,smoke,arousal,midpoint_as_high,C2,emg,per_subject_zscore,1,22,656,0,0,-0.018709571587875062
2,smoke,arousal,midpoint_as_high,C2,emg,per_subject_zscore,1,22,657,0,0,-0.04447542078271954
2,smoke,arousal,midpoint_as_high,C2,emg,per_subject_zscore,1,22,658,0,0,-0.17434417360989937
2,smoke,arousal,midpoint_as_high,C2,emg,per_subject_zscore,1,22,659,0,0,-0.1299269371825867
2,smoke,arousal,midpoint_as_high,C2,emg,per_subject_zscore,1,22,660,0,0,-0.030948790386820635
2,smoke,arousal,midpoint_as_high,C2,emg,per_subject_zscore,1,22,661,0,1,0.2456194790820831
2,smoke,arousal,midpoint_as_high,C2,emg,per_subject_zscore,1,22,662,0,0,-0.019705883845328273
2,smoke,arousal,midpoint_as_high,C2,emg,per_subject_zscore,1,22,663,0,0,-0.0750387214872219
2,smoke,arousal,midpoint_as_high,C2,emg,per_subject_zscore,1,22,664,1,0,-0.11543956879769562
2,smoke,arousal,midpoint_as_high,C2,emg,per_subject_zscore,1,22,665,1,0,-0.1258814966675826
2,smoke,arousal,midpoint_as_high,C2,emg,per_subject_zscore,1,22,666,0,0,-0.1359301083939569
2,smoke,arousal,midpoint_as_high,C2,emg,per_subject_zscore,1,22,667,0,0,-0.10911724249307708
2,smoke,arousal,midpoint_as_high,C2,emg,per_subject_zscore,1,22,668,1,0,-0.2104224249953729
2,smoke,arousal,midpoint_as_high,C2,emg,per_subject_zscore,1,22,669,0,0,-0.12261560207988023
2,smoke,arousal,midpoint_as_high,C2,emg,per_subject_zscore,1,22,670,1,0,-0.18311606608875447
2,smoke,arousal,midpoint_as_high,C2,emg,per_subject_zscore,1,22,671,1,0,-0.008681010612915555
2,smoke,arousal,midpoint_as_high,C2,emg,per_subject_zscore,1,24,704,1,0,-0.09809579901112767
2,smoke,arousal,midpoint_as_high,C2,emg,per_subject_zscore,1,24,705,1,0,-0.07779723172539121
2,smoke,arousal,midpoint_as_high,C2,emg,per_subject_zscore,1,24,706,1,1,0.14313441145095998
2,smoke,arousal,midpoint_as_high,C2,emg,per_subject_zscore,1,24,707,0,0,-0.03175424959128399
2,smoke,arousal,midpoint_as_high,C2,emg,per_subject_zscore,1,24,708,1,0,-0.21784831307944183
2,smoke,arousal,midpoint_as_high,C2,emg,per_subject_zscore,1,24,709,0,0,-0.47095804401847097
2,smoke,arousal,midpoint_as_high,C2,emg,per_subject_zscore,1,24,710,0,0,-0.13706027056289266
2,smoke,arousal,midpoint_as_high,C2,emg,per_subject_zscore,1,24,711,0,0,-0.27059333436406324
2,smoke,arousal,midpoint_as_high,C2,emg,per_subject_zscore,1,24,712,0,0,-0.13973441048303387
2,smoke,arousal,midpoint_as_high,C2,emg,per_subject_zscore,1,24,713,1,0,-0.2781601162612961
2,smoke,arousal,midpoint_as_high,C2,emg,per_subject_zscore,1,24,714,1,0,-0.11752407588195142
2,smoke,arousal,midpoint_as_high,C2,emg,per_subject_zscore,1,24,715,0,0,-0.03007027307153931
2,smoke,arousal,midpoint_as_high,C2,emg,per_subject_zscore,1,24,716,0,0,-0.16468151841639914
2,smoke,arousal,midpoint_as_high,C2,emg,per_subject_zscore,1,24,717,0,0,-0.18605033461316556
2,smoke,arousal,midpoint_as_high,C2,emg,per_subject_zscore,1,24,718,0,1,0.01712498735243939
2,smoke,arousal,midpoint_as_high,C2,emg,per_subject_zscore,1,24,719,0,1,0.08853278537164067
2,smoke,arousal,midpoint_as_high,C2,emg,per_subject_zscore,1,24,720,0,0,-0.07308708254853909
2,smoke,arousal,midpoint_as_high,C2,emg,per_subject_zscore,1,24,721,0,0,-0.23023520287143437
2,smoke,arousal,midpoint_as_high,C2,emg,per_subject_zscore,1,24,722,0,0,-0.011021431793019454
2,smoke,arousal,midpoint_as_high,C2,emg,per_subject_zscore,1,24,723,0,0,-0.04450313828164788
2,smoke,arousal,midpoint_as_high,C2,emg,per_subject_zscore,1,24,724,1,0,-0.08598514790096519
2,smoke,arousal,midpoint_as_high,C2,emg,per_subject_zscore,1,24,725,0,0,-0.0545401340397111
2,smoke,arousal,midpoint_as_high,C2,emg,per_subject_zscore,1,24,726,0,0,-0.28536453105556736
2,smoke,arousal,midpoint_as_high,C2,emg,per_subject_zscore,1,24,727,0,0,-0.07187640938823539
2,smoke,arousal,midpoint_as_high,C2,emg,per_subject_zscore,1,24,728,0,1,0.0017341092386993079
2,smoke,arousal,midpoint_as_high,C2,emg,per_subject_zscore,1,24,729,1,1,0.04859502263072446
2,smoke,arousal,midpoint_as_high,C2,emg,per_subject_zscore,1,24,730,1,0,-0.07175025305264937
2,smoke,arousal,midpoint_as_high,C2,emg,per_subject_zscore,1,24,731,0,0,-0.050185368849862494
2,smoke,arousal,midpoint_as_high,C2,emg,per_subject_zscore,1,24,732,1,0,-0.1308039528053777
2,smoke,arousal,midpoint_as_high,C2,emg,per_subject_zscore,1,24,733,0,1,0.14081208969226705
2,smoke,arousal,midpoint_as_high,C2,emg,per_subject_zscore,1,24,734,1,0,-0.023552900641808205
2,smoke,arousal,midpoint_as_high,C2,emg,per_subject_zscore,1,24,735,1,0,-0.08669988142785612
2,smoke,arousal,midpoint_as_high,C2,emg,per_subject_zscore,1,29,864,1,1,0.037508164870660526
2,smoke,arousal,midpoint_as_high,C2,emg,per_subject_zscore,1,29,865,1,0,-0.1146409387675442
2,smoke,arousal,midpoint_as_high,C2,emg,per_subject_zscore,1,29,866,1,0,-0.14438074182605506
2,smoke,arousal,midpoint_as_high,C2,emg,per_subject_zscore,1,29,867,1,0,-0.01748489378674309
2,smoke,arousal,midpoint_as_high,C2,emg,per_subject_zscore,1,29,868,0,0,-0.12481923576782598
2,smoke,arousal,midpoint_as_high,C2,emg,per_subject_zscore,1,29,869,0,1,0.02390388432365373
2,smoke,arousal,midpoint_as_high,C2,emg,per_subject_zscore,1,29,870,0,0,-0.07612456423066355
2,smoke,arousal,midpoint_as_high,C2,emg,per_subject_zscore,1,29,871,0,0,-0.1030246454636252
2,smoke,arousal,midpoint_as_high,C2,emg,per_subject_zscore,1,29,872,0,0,-0.1450761603269733
2,smoke,arousal,midpoint_as_high,C2,emg,per_subject_zscore,1,29,873,1,0,-0.11816211458959017
2,smoke,arousal,midpoint_as_high,C2,emg,per_subject_zscore,1,29,874,1,0,-0.2218339308007884
2,smoke,arousal,midpoint_as_high,C2,emg,per_subject_zscore,1,29,875,0,0,-0.12055004764439214
2,smoke,arousal,midpoint_as_high,C2,emg,per_subject_zscore,1,29,876,0,0,-0.20350964823562137
2,smoke,arousal,midpoint_as_high,C2,emg,per_subject_zscore,1,29,877,0,0,-0.13251892397881404
2,smoke,arousal,midpoint_as_high,C2,emg,per_subject_zscore,1,29,878,1,0,-0.17885599835587446
2,smoke,arousal,midpoint_as_high,C2,emg,per_subject_zscore,1,29,879,0,0,-0.08347633703339584
2,smoke,arousal,midpoint_as_high,C2,emg,per_subject_zscore,1,29,880,1,0,-0.18175113923675879
2,smoke,arousal,midpoint_as_high,C2,emg,per_subject_zscore,1,29,881,0,1,0.004991991438355298
2,smoke,arousal,midpoint_as_high,C2,emg,per_subject_zscore,1,29,882,0,0,-0.1337400817827897
2,smoke,arousal,midpoint_as_high,C2,emg,per_subject_zscore,1,29,883,0,0,-0.2840073018014717
2,smoke,arousal,midpoint_as_high,C2,emg,per_subject_zscore,1,29,884,0,0,-0.15826632399319943
2,smoke,arousal,midpoint_as_high,C2,emg,per_subject_zscore,1,29,885,0,0,-0.19686273642240604
2,smoke,arousal,midpoint_as_high,C2,emg,per_subject_zscore,1,29,886,0,0,-0.16789350022876964
2,smoke,arousal,midpoint_as_high,C2,emg,per_subject_zscore,1,29,887,0,0,-0.0038002307415580527
2,smoke,arousal,midpoint_as_high,C2,emg,per_subject_zscore,1,29,888,0,1,0.000259523663390826
2,smoke,arousal,midpoint_as_high,C2,emg,per_subject_zscore,1,29,889,0,1,0.01796519758180215
2,smoke,arousal,midpoint_as_high,C2,emg,per_subject_zscore,1,29,890,1,0,-0.17260563910399915
2,smoke,arousal,midpoint_as_high,C2,emg,per_subject_zscore,1,29,891,0,0,-0.05792844693017156
2,smoke,arousal,midpoint_as_high,C2,emg,per_subject_zscore,1,29,892,0,0,-0.022926172577978188
2,smoke,arousal,midpoint_as_high,C2,emg,per_subject_zscore,1,29,893,0,1,0.030224809239656314
2,smoke,arousal,midpoint_as_high,C2,emg,per_subject_zscore,1,29,894,1,1,0.04609462830660915
2,smoke,arousal,midpoint_as_high,C2,emg,per_subject_zscore,1,29,895,1,1,0.0032915542028808392
2,smoke,arousal,midpoint_as_high,C2,emg,per_subject_zscore,1,31,928,1,0,-0.0932953838769911
2,smoke,arousal,midpoint_as_high,C2,emg,per_subject_zscore,1,31,929,1,0,-0.10087750220662403
2,smoke,arousal,midpoint_as_high,C2,emg,per_subject_zscore,1,31,930,1,0,-0.1271164038854094
2,smoke,arousal,midpoint_as_high,C2,emg,per_subject_zscore,1,31,931,0,1,0.02564147998258512
2,smoke,arousal,midpoint_as_high,C2,emg,per_subject_zscore,1,31,932,1,0,-0.20306631706869996
2,smoke,arousal,midpoint_as_high,C2,emg,per_subject_zscore,1,31,933,0,0,-0.11592317300829476
2,smoke,arousal,midpoint_as_high,C2,emg,per_subject_zscore,1,31,934,1,0,-0.038717302524509806
2,smoke,arousal,midpoint_as_high,C2,emg,per_subject_zscore,1,31,935,1,0,-0.09249208253127367
2,smoke,arousal,midpoint_as_high,C2,emg,per_subject_zscore,1,31,936,1,0,-0.10855318353375404
2,smoke,arousal,midpoint_as_high,C2,emg,per_subject_zscore,1,31,937,1,0,-0.0619844186310541
2,smoke,arousal,midpoint_as_high,C2,emg,per_subject_zscore,1,31,938,1,0,-0.013349940928759949
2,smoke,arousal,midpoint_as_high,C2,emg,per_subject_zscore,1,31,939,0,1,0.0013023825004529477
2,smoke,arousal,midpoint_as_high,C2,emg,per_subject_zscore,1,31,940,0,0,-0.16292446386649873
2,smoke,arousal,midpoint_as_high,C2,emg,per_subject_zscore,1,31,941,0,0,-0.1570335613879117
2,smoke,arousal,midpoint_as_high,C2,emg,per_subject_zscore,1,31,942,0,0,-0.2147928131769026
2,smoke,arousal,midpoint_as_high,C2,emg,per_subject_zscore,1,31,943,0,0,-0.08556247311331766
2,smoke,arousal,midpoint_as_high,C2,emg,per_subject_zscore,1,31,944,1,1,0.02194980971186375
2,smoke,arousal,midpoint_as_high,C2,emg,per_subject_zscore,1,31,945,0,0,-0.17228930687042437
2,smoke,arousal,midpoint_as_high,C2,emg,per_subject_zscore,1,31,946,0,0,-0.11215506785489499
2,smoke,arousal,midpoint_as_high,C2,emg,per_subject_zscore,1,31,947,0,0,-0.18999123752342395
2,smoke,arousal,midpoint_as_high,C2,emg,per_subject_zscore,1,31,948,1,1,0.013637164927894671
2,smoke,arousal,midpoint_as_high,C2,emg,per_subject_zscore,1,31,949,0,0,-0.19293486721635517
2,smoke,arousal,midpoint_as_high,C2,emg,per_subject_zscore,1,31,950,1,0,-0.20357382362821713
2,smoke,arousal,midpoint_as_high,C2,emg,per_subject_zscore,1,31,951,1,1,0.0442300115513003
2,smoke,arousal,midpoint_as_high,C2,emg,per_subject_zscore,1,31,952,0,0,-0.17289822742637476
2,smoke,arousal,midpoint_as_high,C2,emg,per_subject_zscore,1,31,953,1,0,-0.07599411351493478
2,smoke,arousal,midpoint_as_high,C2,emg,per_subject_zscore,1,31,954,1,0,-0.07401463195352825
2,smoke,arousal,midpoint_as_high,C2,emg,per_subject_zscore,1,31,955,1,1,0.01216492487474835
2,smoke,arousal,midpoint_as_high,C2,emg,per_subject_zscore,1,31,956,0,0,-0.09253648082284473
2,smoke,arousal,midpoint_as_high,C2,emg,per_subject_zscore,1,31,957,0,1,0.008669921915728962
2,smoke,arousal,midpoint_as_high,C2,emg,per_subject_zscore,1,31,958,1,0,-0.11021125524617215
2,smoke,arousal,midpoint_as_high,C2,emg,per_subject_zscore,1,31,959,1,0,-0.15530766366740248
2,smoke,arousal,midpoint_as_high,C2,emg,per_subject_zscore,1,32,960,1,0,-0.11698267742573668
2,smoke,arousal,midpoint_as_high,C2,emg,per_subject_zscore,1,32,961,1,0,-0.015439002581305511
2,smoke,arousal,midpoint_as_high,C2,emg,per_subject_zscore,1,32,962,1,0,-0.1001468466727291
2,smoke,arousal,midpoint_as_high,C2,emg,per_subject_zscore,1,32,963,0,0,-0.13302306389950344
2,smoke,arousal,midpoint_as_high,C2,emg,per_subject_zscore,1,32,964,1,0,-0.1232973308140711
2,smoke,arousal,midpoint_as_high,C2,emg,per_subject_zscore,1,32,965,0,0,-0.10985723211540409
2,smoke,arousal,midpoint_as_high,C2,emg,per_subject_zscore,1,32,966,0,0,-0.07672365930865879
2,smoke,arousal,midpoint_as_high,C2,emg,per_subject_zscore,1,32,967,1,0,-0.08710529644269954
2,smoke,arousal,midpoint_as_high,C2,emg,per_subject_zscore,1,32,968,1,0,-0.11047792896165745
2,smoke,arousal,midpoint_as_high,C2,emg,per_subject_zscore,1,32,969,1,0,-0.0718470776765002
2,smoke,arousal,midpoint_as_high,C2,emg,per_subject_zscore,1,32,970,0,1,0.08906673352177003
2,smoke,arousal,midpoint_as_high,C2,emg,per_subject_zscore,1,32,971,0,0,-0.09436249012265148
2,smoke,arousal,midpoint_as_high,C2,emg,per_subject_zscore,1,32,972,0,0,-0.13393595457947965
2,smoke,arousal,midpoint_as_high,C2,emg,per_subject_zscore,1,32,973,0,0,-0.1474533408266776
2,smoke,arousal,midpoint_as_high,C2,emg,per_subject_zscore,1,32,974,0,0,-0.13416499236102514
2,smoke,arousal,midpoint_as_high,C2,emg,per_subject_zscore,1,32,975,0,0,-0.17353594053738175
2,smoke,arousal,midpoint_as_high,C2,emg,per_subject_zscore,1,32,976,1,0,-0.1872532882656362
2,smoke,arousal,midpoint_as_high,C2,emg,per_subject_zscore,1,32,977,0,1,0.025095095793563477
2,smoke,arousal,midpoint_as_high,C2,emg,per_subject_zscore,1,32,978,0,0,-0.034083693853059704
2,smoke,arousal,midpoint_as_high,C2,emg,per_subject_zscore,1,32,979,0,0,-0.1476699887847276
2,smoke,arousal,midpoint_as_high,C2,emg,per_subject_zscore,1,32,980,0,0,-0.20140155531982595
2,smoke,arousal,midpoint_as_high,C2,emg,per_subject_zscore,1,32,981,1,0,-0.14362650522337203
2,smoke,arousal,midpoint_as_high,C2,emg,per_subject_zscore,1,32,982,0,0,-0.10475230084398035
2,smoke,arousal,midpoint_as_high,C2,emg,per_subject_zscore,1,32,983,0,1,0.15376667993828694
2,smoke,arousal,midpoint_as_high,C2,emg,per_subject_zscore,1,32,984,0,0,-0.04135680848978959
2,smoke,arousal,midpoint_as_high,C2,emg,per_subject_zscore,1,32,985,1,0,-0.12404533651127488
2,smoke,arousal,midpoint_as_high,C2,emg,per_subject_zscore,1,32,986,1,0,-0.10828970920502574
2,smoke,arousal,midpoint_as_high,C2,emg,per_subject_zscore,1,32,987,0,0,-0.14717085162183202
2,smoke,arousal,midpoint_as_high,C2,emg,per_subject_zscore,1,32,988,1,0,-0.11900227444794448
2,smoke,arousal,midpoint_as_high,C2,emg,per_subject_zscore,1,32,989,0,0,-0.14811199807394518
2,smoke,arousal,midpoint_as_high,C2,emg,per_subject_zscore,1,32,990,1,0,-0.004967016276194336
2,smoke,arousal,midpoint_as_high,C2,emg,per_subject_zscore,1,32,991,1,0,-0.127844348011531
2,smoke,arousal,midpoint_as_high,C2,emg,per_subject_zscore,1,34,1024,1,0,-0.18344546320005026
2,smoke,arousal,midpoint_as_high,C2,emg,per_subject_zscore,1,34,1025,1,0,-0.12485178036874571
2,smoke,arousal,midpoint_as_high,C2,emg,per_subject_zscore,1,34,1026,1,0,-0.07937889282268286
2,smoke,arousal,midpoint_as_high,C2,emg,per_subject_zscore,1,34,1027,0,0,-0.08318572028202685
2,smoke,arousal,midpoint_as_high,C2,emg,per_subject_zscore,1,34,1028,1,0,-0.1856205631631165
2,smoke,arousal,midpoint_as_high,C2,emg,per_subject_zscore,1,34,1029,0,0,-0.1632041219792829
2,smoke,arousal,midpoint_as_high,C2,emg,per_subject_zscore,1,34,1030,1,0,-0.22024397597313228
2,smoke,arousal,midpoint_as_high,C2,emg,per_subject_zscore,1,34,1031,0,0,-0.19670620592590476
2,smoke,arousal,midpoint_as_high,C2,emg,per_subject_zscore,1,34,1032,0,0,-0.11753607415833081
2,smoke,arousal,midpoint_as_high,C2,emg,per_subject_zscore,1,34,1033,0,0,-0.04346751856518745
2,smoke,arousal,midpoint_as_high,C2,emg,per_subject_zscore,1,34,1034,1,0,-0.047975567531824886
2,smoke,arousal,midpoint_as_high,C2,emg,per_subject_zscore,1,34,1035,0,0,-0.11231576672305695
2,smoke,arousal,midpoint_as_high,C2,emg,per_subject_zscore,1,34,1036,1,0,-0.12739316664398365
2,smoke,arousal,midpoint_as_high,C2,emg,per_subject_zscore,1,34,1037,0,0,-0.15786815454837588
2,smoke,arousal,midpoint_as_high,C2,emg,per_subject_zscore,1,34,1038,0,0,-0.11795623071472959
2,smoke,arousal,midpoint_as_high,C2,emg,per_subject_zscore,1,34,1039,0,1,0.013270541257762836
2,smoke,arousal,midpoint_as_high,C2,emg,per_subject_zscore,1,34,1040,1,0,-0.0604696622492125
2,smoke,arousal,midpoint_as_high,C2,emg,per_subject_zscore,1,34,1041,0,0,-0.2208485644157698
2,smoke,arousal,midpoint_as_high,C2,emg,per_subject_zscore,1,34,1042,0,0,-0.15750059026611224
2,smoke,arousal,midpoint_as_high,C2,emg,per_subject_zscore,1,34,1043,0,0,-0.00045634199201942394
2,smoke,arousal,midpoint_as_high,C2,emg,per_subject_zscore,1,34,1044,0,1,0.05797164373096714
2,smoke,arousal,midpoint_as_high,C2,emg,per_subject_zscore,1,34,1045,0,0,-0.14246894927892093
2,smoke,arousal,midpoint_as_high,C2,emg,per_subject_zscore,1,34,1046,0,1,0.060754181423993775
2,smoke,arousal,midpoint_as_high,C2,emg,per_subject_zscore,1,34,1047,0,1,0.0054651764613601606
2,smoke,arousal,midpoint_as_high,C2,emg,per_subject_zscore,1,34,1048,0,1,0.09968009622804364
2,smoke,arousal,midpoint_as_high,C2,emg,per_subject_zscore,1,34,1049,1,1,0.016862851303301785
2,smoke,arousal,midpoint_as_high,C2,emg,per_subject_zscore,1,34,1050,0,0,-0.06764442776789864
2,smoke,arousal,midpoint_as_high,C2,emg,per_subject_zscore,1,34,1051,0,0,-0.16271455836123444
2,smoke,arousal,midpoint_as_high,C2,emg,per_subject_zscore,1,34,1052,1,0,-0.21910586402968785
2,smoke,arousal,midpoint_as_high,C2,emg,per_subject_zscore,1,34,1053,0,0,-0.17067252818767492
2,smoke,arousal,midpoint_as_high,C2,emg,per_subject_zscore,1,34,1054,1,1,0.031336267531594575
2,smoke,arousal,midpoint_as_high,C2,emg,per_subject_zscore,1,34,1055,1,0,-0.12231006878805992
2,smoke,arousal,midpoint_as_high,C2,emg,per_subject_zscore,1,42,1280,1,0,-0.01606981773398894
2,smoke,arousal,midpoint_as_high,C2,emg,per_subject_zscore,1,42,1281,1,0,-0.00732162285920257
2,smoke,arousal,midpoint_as_high,C2,emg,per_subject_zscore,1,42,1282,1,1,0.004063842493772049
2,smoke,arousal,midpoint_as_high,C2,emg,per_subject_zscore,1,42,1283,0,1,0.02143084268211709
2,smoke,arousal,midpoint_as_high,C2,emg,per_subject_zscore,1,42,1284,1,0,-0.041406300190348
2,smoke,arousal,midpoint_as_high,C2,emg,per_subject_zscore,1,42,1285,0,0,-0.09994484239902235
2,smoke,arousal,midpoint_as_high,C2,emg,per_subject_zscore,1,42,1286,1,0,-0.19462854417376113
2,smoke,arousal,midpoint_as_high,C2,emg,per_subject_zscore,1,42,1287,0,0,-0.06438145793605185
2,smoke,arousal,midpoint_as_high,C2,emg,per_subject_zscore,1,42,1288,1,0,-0.19194402158233825
2,smoke,arousal,midpoint_as_high,C2,emg,per_subject_zscore,1,42,1289,1,0,-0.15669003305243223
2,smoke,arousal,midpoint_as_high,C2,emg,per_subject_zscore,1,42,1290,1,0,-0.055900453865919617
2,smoke,arousal,midpoint_as_high,C2,emg,per_subject_zscore,1,42,1291,1,0,-0.18564201830056082
2,smoke,arousal,midpoint_as_high,C2,emg,per_subject_zscore,1,42,1292,1,0,-0.2908528799042449
2,smoke,arousal,midpoint_as_high,C2,emg,per_subject_zscore,1,42,1293,0,0,-0.06261620433018691
2,smoke,arousal,midpoint_as_high,C2,emg,per_subject_zscore,1,42,1294,1,0,-0.06524006188572143
2,smoke,arousal,midpoint_as_high,C2,emg,per_subject_zscore,1,42,1295,1,1,0.08978017214819267
2,smoke,arousal,midpoint_as_high,C2,emg,per_subject_zscore,1,42,1296,1,1,0.05543479850195093
2,smoke,arousal,midpoint_as_high,C2,emg,per_subject_zscore,1,42,1297,1,0,-0.11965343746519053
2,smoke,arousal,midpoint_as_high,C2,emg,per_subject_zscore,1,42,1298,1,0,-0.12790581979843657
2,smoke,arousal,midpoint_as_high,C2,emg,per_subject_zscore,1,42,1299,1,0,-0.2502449360753163
2,smoke,arousal,midpoint_as_high,C2,emg,per_subject_zscore,1,42,1300,1,0,-0.09531281112829713
2,smoke,arousal,midpoint_as_high,C2,emg,per_subject_zscore,1,42,1301,0,0,-0.07934092785433836
2,smoke,arousal,midpoint_as_high,C2,emg,per_subject_zscore,1,42,1302,1,0,-0.1853540680724123
2,smoke,arousal,midpoint_as_high,C2,emg,per_subject_zscore,1,42,1303,1,1,0.06479053378884408
2,smoke,arousal,midpoint_as_high,C2,emg,per_subject_zscore,1,42,1304,0,0,-0.05438958669082465
2,smoke,arousal,midpoint_as_high,C2,emg,per_subject_zscore,1,42,1305,1,0,-0.04650381161941036
2,smoke,arousal,midpoint_as_high,C2,emg,per_subject_zscore,1,42,1306,1,0,-0.02435741006456109
2,smoke,arousal,midpoint_as_high,C2,emg,per_subject_zscore,1,42,1307,1,0,-0.0980701434892604
2,smoke,arousal,midpoint_as_high,C2,emg,per_subject_zscore,1,42,1308,1,0,-0.09594950374069217
2,smoke,arousal,midpoint_as_high,C2,emg,per_subject_zscore,1,42,1309,0,0,-0.219760979308562
2,smoke,arousal,midpoint_as_high,C2,emg,per_subject_zscore,1,42,1310,1,0,-0.19498771447543095
2,smoke,arousal,midpoint_as_high,C2,emg,per_subject_zscore,1,42,1311,1,0,-0.21103078161836514
2,smoke,arousal,midpoint_as_high,C2,emg,per_subject_zscore,1,55,1664,1,0,-0.07993204589958235
2,smoke,arousal,midpoint_as_high,C2,emg,per_subject_zscore,1,55,1665,1,0,-0.12128358764306657
2,smoke,arousal,midpoint_as_high,C2,emg,per_subject_zscore,1,55,1666,0,0,-0.11575557449646023
2,smoke,arousal,midpoint_as_high,C2,emg,per_subject_zscore,1,55,1667,0,0,-0.19976666010018723
2,smoke,arousal,midpoint_as_high,C2,emg,per_subject_zscore,1,55,1668,0,0,-0.18940530216826892
2,smoke,arousal,midpoint_as_high,C2,emg,per_subject_zscore,1,55,1669,0,0,-0.23633744737969334
2,smoke,arousal,midpoint_as_high,C2,emg,per_subject_zscore,1,55,1670,0,1,0.21356185113359039
2,smoke,arousal,midpoint_as_high,C2,emg,per_subject_zscore,1,55,1671,0,1,0.00044879871175473873
2,smoke,arousal,midpoint_as_high,C2,emg,per_subject_zscore,1,55,1672,0,0,-0.02294808026374176
2,smoke,arousal,midpoint_as_high,C2,emg,per_subject_zscore,1,55,1673,0,0,-0.11459681343030453
2,smoke,arousal,midpoint_as_high,C2,emg,per_subject_zscore,1,55,1674,0,0,-0.14859940349754874
2,smoke,arousal,midpoint_as_high,C2,emg,per_subject_zscore,1,55,1675,0,0,-0.1447499010421291
2,smoke,arousal,midpoint_as_high,C2,emg,per_subject_zscore,1,55,1676,0,0,-0.15189124297902334
2,smoke,arousal,midpoint_as_high,C2,emg,per_subject_zscore,1,55,1677,0,1,0.06292664933367509
2,smoke,arousal,midpoint_as_high,C2,emg,per_subject_zscore,1,55,1678,0,0,-0.09337174849463016
2,smoke,arousal,midpoint_as_high,C2,emg,per_subject_zscore,1,55,1679,0,0,-0.015021187376779127
2,smoke,arousal,midpoint_as_high,C2,emg,per_subject_zscore,1,55,1680,0,0,-0.05316552730555678
2,smoke,arousal,midpoint_as_high,C2,emg,per_subject_zscore,1,55,1681,0,0,-0.1740854765115624
2,smoke,arousal,midpoint_as_high,C2,emg,per_subject_zscore,1,55,1682,0,0,-0.08458374608659433
2,smoke,arousal,midpoint_as_high,C2,emg,per_subject_zscore,1,55,1683,0,0,-0.07897373595133239
2,smoke,arousal,midpoint_as_high,C2,emg,per_subject_zscore,1,55,1684,0,0,-0.1364721544371613
2,smoke,arousal,midpoint_as_high,C2,emg,per_subject_zscore,1,55,1685,0,0,-0.11818686192567404
2,smoke,arousal,midpoint_as_high,C2,emg,per_subject_zscore,1,55,1686,0,0,-0.15638503582112762
2,smoke,arousal,midpoint_as_high,C2,emg,per_subject_zscore,1,55,1687,0,0,-0.027521573806284533
2,smoke,arousal,midpoint_as_high,C2,emg,per_subject_zscore,1,55,1688,0,0,-0.11702571600533762
2,smoke,arousal,midpoint_as_high,C2,emg,per_subject_zscore,1,55,1689,0,0,-0.0926915988053789
2,smoke,arousal,midpoint_as_high,C2,emg,per_subject_zscore,1,55,1690,0,0,-0.06993167845252854
2,smoke,arousal,midpoint_as_high,C2,emg,per_subject_zscore,1,55,1691,0,0,-0.13641613710569767
2,smoke,arousal,midpoint_as_high,C2,emg,per_subject_zscore,1,55,1692,0,0,-0.16867278718781875
2,smoke,arousal,midpoint_as_high,C2,emg,per_subject_zscore,1,55,1693,0,0,-0.043405576559446796
2,smoke,arousal,midpoint_as_high,C2,emg,per_subject_zscore,1,55,1694,1,0,-0.04682197429717219
2,smoke,arousal,midpoint_as_high,C2,emg,per_subject_zscore,1,55,1695,0,0,-0.13893872414893074
2,smoke,arousal,midpoint_as_high,C2,emg,per_subject_zscore,1,60,1824,1,0,-0.1514483427762266
2,smoke,arousal,midpoint_as_high,C2,emg,per_subject_zscore,1,60,1825,1,0,-0.32012465708920035
2,smoke,arousal,midpoint_as_high,C2,emg,per_subject_zscore,1,60,1826,1,0,-0.07597975492161399
2,smoke,arousal,midpoint_as_high,C2,emg,per_subject_zscore,1,60,1827,0,0,-0.044524282044489535
2,smoke,arousal,midpoint_as_high,C2,emg,per_subject_zscore,1,60,1828,1,0,-0.08991539763806153
2,smoke,arousal,midpoint_as_high,C2,emg,per_subject_zscore,1,60,1829,0,0,-0.13801418613771366
2,smoke,arousal,midpoint_as_high,C2,emg,per_subject_zscore,1,60,1830,1,0,-0.16197760615253107
2,smoke,arousal,midpoint_as_high,C2,emg,per_subject_zscore,1,60,1831,1,0,-0.10646177457540298
2,smoke,arousal,midpoint_as_high,C2,emg,per_subject_zscore,1,60,1832,1,0,-0.1744207092867293
2,smoke,arousal,midpoint_as_high,C2,emg,per_subject_zscore,1,60,1833,1,0,-0.16460785095523825
2,smoke,arousal,midpoint_as_high,C2,emg,per_subject_zscore,1,60,1834,1,1,0.01302369451632246
2,smoke,arousal,midpoint_as_high,C2,emg,per_subject_zscore,1,60,1835,0,0,-0.06818119790149216
2,smoke,arousal,midpoint_as_high,C2,emg,per_subject_zscore,1,60,1836,1,0,-0.07371867845186139
2,smoke,arousal,midpoint_as_high,C2,emg,per_subject_zscore,1,60,1837,1,1,0.21201942757604159
2,smoke,arousal,midpoint_as_high,C2,emg,per_subject_zscore,1,60,1838,1,1,0.11353167025887856
2,smoke,arousal,midpoint_as_high,C2,emg,per_subject_zscore,1,60,1839,0,1,0.07225162308301414
2,smoke,arousal,midpoint_as_high,C2,emg,per_subject_zscore,1,60,1840,1,1,0.028915847538708295
2,smoke,arousal,midpoint_as_high,C2,emg,per_subject_zscore,1,60,1841,0,1,0.04049342959025115
2,smoke,arousal,midpoint_as_high,C2,emg,per_subject_zscore,1,60,1842,0,0,-0.002538521541184488
2,smoke,arousal,midpoint_as_high,C2,emg,per_subject_zscore,1,60,1843,0,1,0.027625782761931117
2,smoke,arousal,midpoint_as_high,C2,emg,per_subject_zscore,1,60,1844,1,0,-0.07386628668327484
2,smoke,arousal,midpoint_as_high,C2,emg,per_subject_zscore,1,60,1845,0,0,-0.24354539187353053
2,smoke,arousal,midpoint_as_high,C2,emg,per_subject_zscore,1,60,1846,0,0,-0.2551643831799925
2,smoke,arousal,midpoint_as_high,C2,emg,per_subject_zscore,1,60,1847,1,0,-0.16603645809215586
2,smoke,arousal,midpoint_as_high,C2,emg,per_subject_zscore,1,60,1848,0,0,-0.060223431966550306
2,smoke,arousal,midpoint_as_high,C2,emg,per_subject_zscore,1,60,1849,1,0,-0.04080958188875207
2,smoke,arousal,midpoint_as_high,C2,emg,per_subject_zscore,1,60,1850,1,0,-0.11960787893193231
2,smoke,arousal,midpoint_as_high,C2,emg,per_subject_zscore,1,60,1851,0,0,-0.1419056169443923
2,smoke,arousal,midpoint_as_high,C2,emg,per_subject_zscore,1,60,1852,1,0,-0.22330066058321504
2,smoke,arousal,midpoint_as_high,C2,emg,per_subject_zscore,1,60,1853,0,0,-0.18211864828654495
2,smoke,arousal,midpoint_as_high,C2,emg,per_subject_zscore,1,60,1854,1,0,-0.21418720997468954
2,smoke,arousal,midpoint_as_high,C2,emg,per_subject_zscore,1,60,1855,1,0,-0.2151829674483721
